{"type":"FeatureCollection","features":[{"type":"Feature","properties":{"kind":"AGPL candidate, not officially surveyed","source":"OSM 2026-10-04"},"geometry":{"type":"LineString","coordinates":[[77.114508,35.03356],[77.1167373,35.0534354],[77.1172038,35.0575944],[77.1203914,35.065026],[77.1183432,35.066975],[77.1164002,35.0714609],[77.113585,35.0804731],[77.1113362,35.0891261],[77.1071648,35.0906992],[77.0998763,35.090978],[77.0961099,35.0928904],[77.0948244,35.0938305],[77.0911403,35.0941405],[77.0858218,35.0970872],[77.0826356,35.0979979],[77.0823302,35.0992247],[77.0783403,35.1029067],[77.07824,35.1048653],[77.0804629,35.1090835],[77.0815074,35.1114256],[77.0818117,35.1165148],[77.0805971,35.1171302],[77.078355,35.1182016],[77.0730214,35.121349],[77.0719025,35.1220017],[77.0704553,35.1237956],[77.0701547,35.124796],[77.0699771,35.1257769],[77.070822,35.1271524],[77.0715915,35.1285754],[77.0718494,35.1296574],[77.0716684,35.1303058],[77.0693149,35.1354305],[77.0696026,35.1357499],[77.0707844,35.1366217],[77.0731076,35.1372163],[77.0749598,35.1381084],[77.075133,35.1381851],[77.0782427,35.1395624],[77.0793023,35.1405184],[77.079408,35.1405562],[77.0819983,35.1414817],[77.0839192,35.1457941],[77.0842237,35.1478261],[77.0849853,35.1518158],[77.0854814,35.15259],[77.0868566,35.1544863],[77.0865501,35.1564305],[77.0842223,35.1632711],[77.0841965,35.1642907],[77.0847793,35.1651138],[77.0863842,35.1665968],[77.0870052,35.1678323],[77.0853922,35.1691654],[77.0664296,35.1761388],[77.0639599,35.1762238],[77.0529714,35.1766018],[77.0498557,35.1791064],[77.0432982,35.1823895],[77.027926,35.1840521],[77.0174718,35.1829928],[77.0090221,35.1887686],[77.0085025,35.1891238],[77.0080819,35.1962923],[77.0049148,35.2010897],[76.9906239,35.2106346],[76.9984345,35.2246167],[77.0023484,35.226026],[77.0041281,35.2324808],[77.0007082,35.2384709],[76.9902455,35.2432237],[76.981412,35.2478958],[76.9748722,35.251321],[76.9771134,35.2603541],[76.9829589,35.2663497],[76.991427,35.2678605],[76.9945894,35.2690447],[76.9920163,35.2756663],[76.9926959,35.2783671],[76.9971505,35.279215],[76.9987485,35.2799806],[76.99909,35.2808501],[76.9991388,35.282098],[76.9992523,35.2833237],[76.9990656,35.2838924],[76.9986021,35.2845732],[76.9981569,35.2850899],[76.9973737,35.286351],[76.9974381,35.2884879],[77.0014061,35.2898621],[77.0032788,35.2912657],[77.006416,35.2944708],[77.0123727,35.2950872],[77.0156329,35.2947564],[77.021661,35.2954455],[77.0159517,35.3004427],[77.0130391,35.302476],[77.0038196,35.3058294],[76.9985844,35.311291],[76.9892241,35.3124798],[76.9862427,35.3140197],[76.984203,35.3163529],[76.9834851,35.319817],[76.9880901,35.3213428],[76.9901339,35.3274107],[76.9870955,35.3364086],[76.9777657,35.3449643],[76.9850699,35.350306],[76.9867093,35.3564523],[76.98301,35.3601272],[76.9686762,35.3591332],[76.9585053,35.3627101],[76.9522911,35.3703742],[76.9521967,35.3742585],[76.9506175,35.3777857],[76.954497,35.3826703],[76.9476134,35.3928654],[76.9398028,35.3968466],[76.9189459,35.4013942],[76.9131009,35.3968326],[76.9082772,35.3896048],[76.9034707,35.389094],[76.8983466,35.3869178],[76.8845622,35.3859102],[76.8711468,35.3881494],[76.8625895,35.3896328],[76.8541609,35.3956012],[76.8473288,35.3995612],[76.8468911,35.4059556],[76.8314673,35.4207293],[76.8386513,35.4262478],[76.8414837,35.4301294],[76.8409773,35.4354514],[76.8383509,35.4428429],[76.8300768,35.4494506],[76.8256566,35.4546805],[76.821262,35.4548622],[76.8154341,35.4609656],[76.8136403,35.4665582],[76.8100268,35.4726887],[76.8037611,35.4791821],[76.8040787,35.4837321],[76.7996069,35.4885823],[76.7939078,35.4911821],[76.7909552,35.4968774],[76.7936503,35.5017548],[76.7915732,35.5054091],[76.7941824,35.5091262],[76.7963368,35.5169301],[76.7893673,35.5185858],[76.7806727,35.5173772],[76.7747675,35.5157564],[76.7659871,35.5163013],[76.7587773,35.5183762],[76.758185,35.5253968],[76.7529931,35.5290004],[76.7530875,35.5323951],[76.7534823,35.5354684],[76.7478433,35.5387091],[76.7502637,35.5450855],[76.7488475,35.5513566],[76.7497487,35.5550366],[76.75386,35.5572641],[76.7603402,35.5590377],[76.766314,35.5625987],[76.7695498,35.5682959],[76.7716699,35.5723033],[76.7763648,35.5789632],[76.781034,35.5780557],[76.7857032,35.5767293],[76.7921748,35.579033],[76.7941489,35.5829351],[76.793694,35.5880725],[76.7902951,35.591688],[76.787748,35.5956244],[76.7828386,35.5994403],[76.7788668,35.6060543],[76.7698975,35.6142849],[76.764298,35.6199369],[76.7591802,35.6253527],[76.7475818,35.6318687],[76.7619059,35.6398999],[76.7694072,35.6390195],[76.7748145,35.6391754],[76.7821233,35.642549],[76.7810307,35.6464547],[76.7799332,35.6503773],[76.7774363,35.6548072],[76.777075,35.6583447],[76.7750429,35.6782412]]}},{"type":"Feature","properties":{"kind":"Physical RGI 7.0 glacier","source_image_date":"2002-07-10"},"geometry":{"type":"Polygon","coordinates":[[[76.847731,35.672255],[76.847951,35.671878],[76.847968,35.67185],[76.847859,35.671866],[76.847262,35.671875],[76.84675,35.671883],[76.846377,35.671889],[76.846454,35.671653],[76.846291,35.670995],[76.844238,35.671207],[76.844102,35.671689],[76.844119,35.672408],[76.844138,35.672504],[76.844058,35.67249],[76.843762,35.672219],[76.843417,35.671909],[76.843311,35.671517],[76.843302,35.671123],[76.843267,35.67088],[76.843543,35.670811],[76.843767,35.669971],[76.84593,35.668566],[76.847652,35.668009],[76.84778,35.667878],[76.847965,35.667508],[76.848346,35.667292],[76.848863,35.667389],[76.849314,35.667434],[76.849432,35.667432],[76.849893,35.667425],[76.850403,35.667208],[76.850581,35.66698],[76.850653,35.666889],[76.850903,35.66657],[76.851413,35.666352],[76.851793,35.666083],[76.852174,35.665868],[76.852555,35.665652],[76.853,35.665435],[76.853512,35.665322],[76.853895,35.665181],[76.853923,35.665133],[76.854563,35.664163],[76.85454,35.663204],[76.854743,35.662421],[76.855164,35.661575],[76.856026,35.660722],[76.856221,35.660652],[76.856375,35.660388],[76.856515,35.660023],[76.856655,35.659658],[76.856844,35.659292],[76.856984,35.658927],[76.857124,35.658562],[76.857263,35.658197],[76.857354,35.657833],[76.857494,35.657467],[76.857633,35.657102],[76.857872,35.656736],[76.858062,35.65641],[76.858302,35.656084],[76.858591,35.655797],[76.858831,35.655471],[76.859021,35.655145],[76.859259,35.654779],[76.85945,35.654453],[76.859587,35.654007],[76.859776,35.653601],[76.860014,35.653234],[76.860204,35.652909],[76.860394,35.652583],[76.860683,35.652256],[76.860923,35.65193],[76.861113,35.651604],[76.861253,35.651239],[76.861392,35.650874],[76.861532,35.650509],[76.861966,35.650384],[76.861418,35.650451],[76.863103,35.649732],[76.863773,35.650112],[76.864883,35.649976],[76.865877,35.647803],[76.866289,35.647285],[76.866286,35.647171],[76.86636,35.646798],[76.866476,35.646424],[76.866633,35.646084],[76.866833,35.645743],[76.867073,35.645401],[76.867314,35.645059],[76.867596,35.64475],[76.867963,35.644474],[76.868254,35.644277],[76.868288,35.644233],[76.868528,35.643857],[76.868808,35.643447],[76.869133,35.643172],[76.869199,35.643134],[76.869501,35.642963],[76.869937,35.642891],[76.870045,35.643191],[76.870542,35.643184],[76.870824,35.642875],[76.870857,35.642503],[76.87089,35.64213],[76.871047,35.64179],[76.871415,35.641581],[76.871825,35.641406],[76.87215,35.64113],[76.872559,35.640921],[76.873011,35.640745],[76.873463,35.640603],[76.873463,35.640578],[76.873751,35.640531],[76.874204,35.640422],[76.87423,35.640415],[76.874545,35.640526],[76.87652,35.639788],[76.87692,35.638367],[76.876537,35.636817],[76.875014,35.635495],[76.875011,35.63535],[76.874809,35.634986],[76.874608,35.634621],[76.87428,35.634364],[76.873899,35.63458],[76.873782,35.634941],[76.873659,35.635319],[76.873211,35.635378],[76.872757,35.635228],[76.872491,35.634864],[76.872547,35.634496],[76.872781,35.634145],[76.872795,35.634124],[76.873111,35.633857],[76.873295,35.633487],[76.873222,35.63312],[76.872958,35.632809],[76.872567,35.632605],[76.872239,35.632348],[76.871975,35.632037],[76.87171,35.631726],[76.87126,35.631733],[76.870896,35.631739],[76.87083,35.631674],[76.870601,35.631317],[76.870518,35.630898],[76.870583,35.630536],[76.870795,35.630172],[76.871157,35.629926],[76.871746,35.629917],[76.872335,35.629908],[76.872851,35.62996],[76.873429,35.629865],[76.873812,35.630144],[76.873814,35.630231],[76.873988,35.630588],[76.874217,35.6309],[76.874445,35.631212],[76.874888,35.631296],[76.875385,35.631288],[76.875548,35.631285],[76.875717,35.631385],[76.87657,35.632055],[76.876512,35.632262],[76.876355,35.632625],[76.876086,35.632945],[76.875873,35.633264],[76.875771,35.633626],[76.87578,35.634031],[76.875844,35.634391],[76.876181,35.634656],[76.87641,35.634968],[76.876801,35.635187],[76.877193,35.635406],[76.877636,35.63549],[76.87776,35.6355],[76.879005,35.63494],[76.880371,35.63407],[76.881178,35.633466],[76.881172,35.633211],[76.881106,35.632761],[76.881041,35.632357],[76.880978,35.631997],[76.880914,35.631637],[76.880874,35.631517],[76.880795,35.631279],[76.880719,35.631049],[76.88075,35.630846],[76.880741,35.630478],[76.880668,35.630112],[76.880402,35.629749],[76.87995,35.629651],[76.879436,35.629659],[76.87931,35.629661],[76.878986,35.629666],[76.878537,35.629725],[76.878209,35.629468],[76.878445,35.629167],[76.878459,35.629149],[76.87884,35.628933],[76.87896,35.628563],[76.878951,35.628196],[76.878943,35.627829],[76.878869,35.627413],[76.87921,35.627247],[76.87965,35.62715],[76.88009,35.627098],[76.880587,35.62709],[76.881083,35.627082],[76.881476,35.627347],[76.88154,35.627706],[76.881549,35.628112],[76.881592,35.628352],[76.881722,35.628425],[76.88206,35.62869],[76.882371,35.628935],[76.882125,35.629144],[76.882005,35.629514],[76.882013,35.629881],[76.882151,35.630246],[76.882288,35.630612],[76.882425,35.630977],[76.88269,35.631288],[76.883017,35.631546],[76.88347,35.631644],[76.883922,35.631741],[76.884374,35.631787],[76.884887,35.631726],[76.885332,35.631509],[76.885711,35.631241],[76.886027,35.630973],[76.886277,35.630654],[76.886397,35.630285],[76.886711,35.629965],[76.887158,35.629853],[76.887603,35.629636],[76.887788,35.629265],[76.888103,35.628998],[76.88835,35.628574],[76.888406,35.628206],[76.888204,35.627841],[76.888131,35.627475],[76.888123,35.627107],[76.88813,35.627084],[76.888368,35.626968],[76.88875,35.626782],[76.889188,35.62664],[76.889354,35.626586],[76.889626,35.626147],[76.8922,35.625116],[76.893272,35.625229],[76.893515,35.625175],[76.89401,35.625122],[76.894454,35.625205],[76.894897,35.625243],[76.895339,35.625281],[76.895836,35.625274],[76.896217,35.625042],[76.89643,35.624723],[76.89642,35.624318],[76.896411,35.623912],[76.89624,35.623679],[76.896494,35.623549],[76.897002,35.623261],[76.897513,35.623113],[76.897938,35.622966],[76.89836,35.62268],[76.898696,35.622394],[76.899033,35.622109],[76.899108,35.621688],[76.899272,35.621335],[76.899262,35.620915],[76.898828,35.620712],[76.898228,35.620721],[76.897714,35.620729],[76.897289,35.620876],[76.896778,35.621024],[76.896181,35.621174],[76.89567,35.621322],[76.895161,35.62154],[76.894737,35.621757],[76.894704,35.621765],[76.894703,35.621731],[76.894694,35.621325],[76.894683,35.620875],[76.894757,35.620612],[76.894516,35.620483],[76.894651,35.618855],[76.894647,35.618701],[76.894631,35.618667],[76.894457,35.618309],[76.894229,35.617997],[76.89411,35.617638],[76.894046,35.617279],[76.894037,35.616873],[76.894083,35.616512],[76.894352,35.616192],[76.894792,35.61614],[76.895176,35.616169],[76.896224,35.615789],[76.898237,35.614743],[76.89823,35.614464],[76.898331,35.614056],[76.898544,35.613737],[76.898719,35.613681],[76.899087,35.613368],[76.899412,35.613093],[76.89985,35.612951],[76.900295,35.613079],[76.900474,35.613275],[76.900578,35.61339],[76.900821,35.61358],[76.900916,35.613655],[76.901306,35.613829],[76.901698,35.614048],[76.902089,35.614267],[76.902532,35.614306],[76.902971,35.614208],[76.903409,35.614066],[76.903848,35.613969],[76.904287,35.613827],[76.904726,35.61373],[76.905219,35.613587],[76.905381,35.613501],[76.905927,35.613492],[76.906325,35.613486],[76.90645,35.6131],[76.906612,35.612678],[76.906775,35.612325],[76.906938,35.611972],[76.907014,35.611551],[76.907002,35.611061],[76.906993,35.610674],[76.907611,35.61033],[76.908106,35.610322],[76.908637,35.610314],[76.909163,35.610132],[76.90975,35.609962],[76.909765,35.610033],[76.909902,35.610398],[76.910039,35.610764],[76.910241,35.611128],[76.910251,35.611548],[76.910131,35.611918],[76.909977,35.612228],[76.909947,35.612288],[76.909763,35.612659],[76.909753,35.612692],[76.909328,35.612875],[76.908999,35.613154],[76.909008,35.613519],[76.908905,35.613885],[76.908913,35.61425],[76.908922,35.614615],[76.908931,35.61498],[76.908933,35.615078],[76.913144,35.613712],[76.913434,35.613466],[76.913158,35.613374],[76.912705,35.613276],[76.912684,35.613004],[76.912675,35.612639],[76.912514,35.612388],[76.912584,35.612299],[76.912633,35.611969],[76.912847,35.611877],[76.913099,35.61169],[76.913121,35.611614],[76.913222,35.611252],[76.913269,35.61089],[76.913315,35.610529],[76.913416,35.610122],[76.913463,35.60976],[76.913453,35.609355],[76.913443,35.608949],[76.913379,35.608545],[76.913369,35.608139],[76.913304,35.607735],[76.913294,35.607329],[76.913231,35.60697],[76.913221,35.606564],[76.913211,35.606159],[76.913202,35.605753],[76.913192,35.605348],[76.913238,35.604941],[76.913228,35.604536],[76.913275,35.604174],[76.91343,35.603766],[76.913532,35.603404],[76.913743,35.602995],[76.913845,35.602633],[76.914001,35.602225],[76.914158,35.601862],[76.914315,35.601499],[76.914471,35.601135],[76.914736,35.599597],[76.915474,35.596663],[76.916034,35.594933],[76.916033,35.594891],[76.91608,35.594529],[76.916072,35.594215],[76.91607,35.594124],[76.915842,35.593812],[76.915346,35.59382],[76.915077,35.59414],[76.915087,35.594545],[76.915041,35.594578],[76.914707,35.594822],[76.914263,35.594693],[76.913925,35.594428],[76.913822,35.594287],[76.913644,35.594207],[76.913307,35.593942],[76.913133,35.593585],[76.913123,35.593179],[76.91328,35.592816],[76.913605,35.59254],[76.914045,35.592488],[76.914541,35.59248],[76.914809,35.592496],[76.914911,35.592429],[76.91595,35.592412],[76.917224,35.59258],[76.918291,35.593789],[76.919588,35.5949],[76.920895,35.596482],[76.921314,35.597133],[76.921225,35.597196],[76.921233,35.597564],[76.921242,35.597931],[76.921251,35.598298],[76.92126,35.598666],[76.92127,35.599086],[76.921343,35.599452],[76.921353,35.599872],[76.921426,35.600238],[76.921563,35.600604],[76.921638,35.601023],[76.921645,35.601335],[76.921037,35.60242],[76.920758,35.602587],[76.92069,35.602704],[76.920533,35.603067],[76.920321,35.603431],[76.920109,35.603795],[76.920034,35.603907],[76.919714,35.603941],[76.919073,35.604004],[76.918431,35.604067],[76.917984,35.604179],[76.917475,35.604397],[76.91716,35.604665],[76.916976,35.605035],[76.917113,35.605401],[76.917505,35.605657],[76.917959,35.605807],[76.918412,35.605957],[76.918926,35.605949],[76.918981,35.605955],[76.918898,35.606248],[76.918852,35.60661],[76.918805,35.606971],[76.918792,35.607073],[76.918691,35.607159],[76.918362,35.607438],[76.917922,35.607719],[76.917596,35.608089],[76.917151,35.608187],[76.917048,35.608554],[76.917168,35.608917],[76.91762,35.609092],[76.917961,35.609361],[76.918408,35.609354],[76.918855,35.609346],[76.919302,35.609339],[76.919744,35.60915],[76.920073,35.608871],[76.920308,35.608671],[76.921493,35.608754],[76.921811,35.608701],[76.921852,35.608681],[76.922421,35.608992],[76.924212,35.607788],[76.923626,35.606567],[76.923455,35.60621],[76.924043,35.606028],[76.924144,35.606184],[76.924615,35.606917],[76.925557,35.606902],[76.925694,35.606989],[76.92735,35.607458],[76.927819,35.607562],[76.927997,35.607839],[76.928217,35.608182],[76.928542,35.608437],[76.928868,35.608778],[76.929089,35.609121],[76.929205,35.609553],[76.929215,35.609986],[76.92912,35.61042],[76.92881,35.610772],[76.928684,35.610952],[76.928785,35.611243],[76.928883,35.611242],[76.929393,35.611233],[76.930072,35.611223],[76.930581,35.611214],[76.930914,35.610932],[76.930724,35.610943],[76.930721,35.610828],[76.930605,35.610397],[76.930594,35.609964],[76.93069,35.609529],[76.93068,35.609096],[76.930669,35.608663],[76.930553,35.608231],[76.930332,35.607888],[76.930112,35.607545],[76.929891,35.607202],[76.929692,35.606892],[76.930089,35.607046],[76.930519,35.607178],[76.930949,35.607311],[76.931464,35.607442],[76.931977,35.607503],[76.932574,35.607494],[76.932997,35.607348],[76.933507,35.60727],[76.93384,35.606916],[76.934261,35.6067],[76.934679,35.606345],[76.935012,35.605991],[76.935285,35.60576],[76.935347,35.605707],[76.935776,35.60584],[76.936209,35.606112],[76.936559,35.606276],[76.936806,35.606136],[76.937185,35.605867],[76.93763,35.60565],[76.938076,35.605485],[76.938589,35.605424],[76.938677,35.605413],[76.938601,35.605313],[76.938833,35.605233],[76.939427,35.605084],[76.939935,35.604937],[76.940445,35.604859],[76.940769,35.604854],[76.940889,35.60481],[76.941336,35.604698],[76.941783,35.604585],[76.942233,35.604578],[76.942682,35.604518],[76.943192,35.604353],[76.943573,35.604136],[76.943953,35.60392],[76.944398,35.603703],[76.944843,35.603486],[76.945222,35.603217],[76.945603,35.603001],[76.945917,35.6028],[76.945767,35.602683],[76.945419,35.60241],[76.944988,35.602208],[76.944638,35.601865],[76.94429,35.601592],[76.943859,35.60139],[76.943429,35.601257],[76.942999,35.601125],[76.942486,35.601064],[76.941973,35.601002],[76.941541,35.6008],[76.941112,35.600668],[76.940597,35.600537],[76.940167,35.600404],[76.939735,35.600202],[76.939388,35.599929],[76.938954,35.599657],[76.938713,35.5995],[76.938434,35.599317],[76.938087,35.599044],[76.938093,35.59891],[76.938083,35.598504],[76.938074,35.598099],[76.938175,35.597737],[76.938332,35.597373],[76.938545,35.597055],[76.938701,35.596646],[76.939082,35.596415],[76.939519,35.596228],[76.939718,35.596114],[76.940018,35.596109],[76.940343,35.596179],[76.940843,35.59604],[76.94108,35.595117],[76.941146,35.594267],[76.941731,35.593986],[76.942174,35.594202],[76.942565,35.594421],[76.943066,35.594593],[76.943456,35.594767],[76.943848,35.594986],[76.943966,35.595094],[76.944187,35.595296],[76.944524,35.595561],[76.944972,35.595824],[76.945417,35.595952],[76.945694,35.595833],[76.945946,35.595991],[76.946379,35.596263],[76.946809,35.596395],[76.947241,35.596597],[76.94767,35.59673],[76.948187,35.596931],[76.9487,35.596992],[76.948806,35.597005],[76.948747,35.597106],[76.948757,35.597539],[76.948874,35.597971],[76.948732,35.598017],[76.948443,35.598387],[76.948002,35.598638],[76.947662,35.59883],[76.947514,35.598773],[76.946979,35.598608],[76.946551,35.598442],[76.946016,35.598277],[76.94538,35.598287],[76.944848,35.598209],[76.944419,35.598043],[76.943889,35.598051],[76.943357,35.597973],[76.942928,35.597807],[76.942292,35.597817],[76.941761,35.597826],[76.941231,35.597834],[76.940701,35.597843],[76.940173,35.597938],[76.940393,35.598281],[76.940822,35.598447],[76.941354,35.598525],[76.941884,35.598517],[76.942523,35.598593],[76.943055,35.598671],[76.943486,35.598924],[76.943914,35.599091],[76.944342,35.599257],[76.944771,35.599423],[76.945095,35.599678],[76.94563,35.599843],[76.946058,35.600009],[76.946489,35.600262],[76.946917,35.600429],[76.947346,35.600595],[76.947878,35.600673],[76.948413,35.600838],[76.948945,35.600916],[76.948991,35.600923],[76.949395,35.600805],[76.949836,35.600555],[76.950429,35.600424],[76.95087,35.600173],[76.951159,35.599803],[76.9516,35.599553],[76.951825,35.599425],[76.951796,35.599437],[76.951343,35.599537],[76.950891,35.599638],[76.950438,35.599738],[76.95009,35.599465],[76.949743,35.599192],[76.949532,35.599152],[76.949646,35.598854],[76.95009,35.598725],[76.950379,35.598356],[76.950428,35.598292],[76.950897,35.598285],[76.951425,35.598189],[76.951953,35.598094],[76.952482,35.597999],[76.952902,35.597819],[76.953214,35.597554],[76.953631,35.597287],[76.953835,35.596937],[76.954145,35.596585],[76.95424,35.596151],[76.954336,35.595716],[76.954756,35.595536],[76.955176,35.595356],[76.955704,35.59526],[76.956234,35.595252],[76.956663,35.595418],[76.956987,35.595673],[76.957104,35.596104],[76.957424,35.596228],[76.957626,35.596169],[76.958073,35.596162],[76.958513,35.595912],[76.959106,35.59578],[76.95955,35.595651],[76.959768,35.595588],[76.959882,35.595392],[76.959948,35.595278],[76.960044,35.594843],[76.960245,35.594407],[76.960665,35.594226],[76.961035,35.59416],[76.961488,35.594204],[76.961984,35.594196],[76.962365,35.593965],[76.962578,35.593646],[76.962624,35.593284],[76.962621,35.593174],[76.962763,35.59311],[76.962637,35.591486],[76.961834,35.590509],[76.961128,35.590388],[76.960734,35.590476],[76.960294,35.590528],[76.959904,35.590354],[76.959675,35.590042],[76.959556,35.589683],[76.959492,35.589324],[76.959482,35.588918],[76.959528,35.588512],[76.959556,35.588294],[76.959633,35.588285],[76.960014,35.588098],[76.960227,35.587779],[76.960163,35.58742],[76.959935,35.587108],[76.959597,35.586843],[76.959478,35.586485],[76.959414,35.586125],[76.95935,35.585765],[76.959286,35.585406],[76.959281,35.585191],[76.959277,35.585],[76.959276,35.58497],[76.959079,35.584048],[76.958271,35.582859],[76.956939,35.581466],[76.955622,35.58071],[76.953762,35.578972],[76.952277,35.57843],[76.950344,35.577259],[76.948245,35.576374],[76.948163,35.576303],[76.948131,35.576304],[76.947553,35.576208],[76.947289,35.575847],[76.947024,35.575485],[76.947079,35.575119],[76.94707,35.574753],[76.947126,35.574386],[76.947245,35.574019],[76.947428,35.57365],[76.947547,35.573282],[76.947664,35.572862],[76.947847,35.572493],[76.948095,35.572176],[76.948407,35.571857],[76.94885,35.571641],[76.949292,35.571425],[76.949671,35.57121],[76.950048,35.570942],[76.950492,35.570779],[76.950871,35.570563],[76.951377,35.570346],[76.951819,35.57013],[76.952197,35.569863],[76.95251,35.569596],[76.952758,35.569279],[76.953071,35.569012],[76.95345,35.568797],[76.953897,35.56879],[76.954095,35.568807],[76.954203,35.56864],[76.95602,35.568611],[76.957428,35.569578],[76.958838,35.570616],[76.959901,35.571588],[76.96048,35.574054],[76.960875,35.576028],[76.961186,35.578144],[76.962015,35.580182],[76.963094,35.581861],[76.963831,35.583006],[76.963792,35.583109],[76.96358,35.583473],[76.963443,35.583896],[76.963231,35.58426],[76.963235,35.584396],[76.963241,35.58468],[76.963247,35.58491],[76.963252,35.585101],[76.963262,35.585521],[76.963199,35.585943],[76.963134,35.586305],[76.962922,35.586669],[76.962871,35.586768],[76.962641,35.587214],[76.962503,35.587577],[76.962438,35.587939],[76.962448,35.588359],[76.962457,35.58869],[76.962625,35.588822],[76.962909,35.589133],[76.963246,35.589398],[76.963537,35.589664],[76.963731,35.58966],[76.964107,35.589654],[76.964246,35.589652],[76.964686,35.589585],[76.965125,35.589518],[76.96564,35.589509],[76.966083,35.589562],[76.966598,35.589554],[76.967112,35.589545],[76.967627,35.589537],[76.967985,35.589531],[76.967986,35.589573],[76.968123,35.589937],[76.968133,35.590355],[76.96827,35.590718],[76.968534,35.591027],[76.968734,35.59139],[76.968999,35.591751],[76.969136,35.592115],[76.969145,35.59248],[76.96909,35.592847],[76.969035,35.593214],[76.96898,35.593581],[76.968925,35.593947],[76.968929,35.594119],[76.968773,35.594121],[76.968328,35.59422],[76.968114,35.594588],[76.968011,35.594955],[76.967822,35.595279],[76.967813,35.594903],[76.967803,35.594483],[76.967794,35.594116],[76.967785,35.593748],[76.967775,35.593328],[76.96783,35.59296],[76.96782,35.59254],[76.967875,35.592172],[76.967609,35.591808],[76.967095,35.591817],[76.966581,35.591825],[76.96613,35.59178],[76.965679,35.591735],[76.965229,35.591742],[76.965045,35.592113],[76.964925,35.592482],[76.964999,35.592849],[76.965008,35.593216],[76.965017,35.593583],[76.964897,35.593953],[76.964842,35.594321],[76.964743,35.594675],[76.964305,35.594682],[76.963851,35.594689],[76.963403,35.594975],[76.96295,35.595075],[76.9625,35.595269],[76.962047,35.595369],[76.96179,35.595458],[76.961682,35.595495],[76.96193,35.595491],[76.962377,35.595484],[76.962826,35.595598],[76.962916,35.595597],[76.963273,35.595591],[76.963723,35.595705],[76.964173,35.59582],[76.964768,35.59581],[76.965218,35.595924],[76.965665,35.595917],[76.966115,35.596031],[76.96671,35.596022],[76.96716,35.596136],[76.967607,35.596129],[76.968054,35.596121],[76.968506,35.596357],[76.968956,35.596472],[76.969406,35.596586],[76.970005,35.596698],[76.970457,35.596934],[76.970907,35.597048],[76.971065,35.597411],[76.971372,35.597771],[76.97153,35.598133],[76.971539,35.598498],[76.971697,35.59886],[76.971854,35.599223],[76.972012,35.599585],[76.97217,35.599948],[76.972328,35.60031],[76.972781,35.600546],[76.973231,35.600661],[76.973677,35.600653],[76.974273,35.600644],[76.97472,35.600636],[76.975167,35.600629],[76.975614,35.600622],[76.97606,35.600614],[76.976504,35.600485],[76.976951,35.600478],[76.977398,35.600471],[76.977845,35.600463],[76.978288,35.600334],[76.978732,35.600205],[76.979179,35.600198],[76.979924,35.600186],[76.98037,35.600178],[76.980966,35.600169],[76.981413,35.600161],[76.98186,35.600154],[76.982307,35.600147],[76.982753,35.600139],[76.9832,35.600132],[76.983799,35.600244],[76.984249,35.600358],[76.984698,35.600472],[76.985148,35.600587],[76.985601,35.600822],[76.986057,35.60118],[76.986215,35.601542],[76.986522,35.601902],[76.98668,35.602265],[76.986987,35.602625],[76.987145,35.602987],[76.987303,35.60335],[76.987609,35.60371],[76.98777,35.604194],[76.988077,35.604554],[76.988235,35.604916],[76.988542,35.605276],[76.988995,35.605512],[76.989302,35.605872],[76.989755,35.606108],[76.989913,35.60647],[76.99022,35.60683],[76.990527,35.60719],[76.990834,35.60755],[76.990992,35.607913],[76.991298,35.608273],[76.991456,35.608635],[76.991614,35.608998],[76.991772,35.60936],[76.99193,35.609723],[76.99194,35.610088],[76.992098,35.61045],[76.992107,35.610815],[76.992265,35.611177],[76.992423,35.61154],[76.992581,35.611902],[76.99259,35.612267],[76.992748,35.61263],[76.992757,35.612994],[76.992766,35.613359],[76.993073,35.613719],[76.993082,35.614084],[76.99324,35.614447],[76.993398,35.614809],[76.993407,35.615174],[76.993568,35.615658],[76.993726,35.616021],[76.993729,35.616142],[76.994173,35.616013],[76.994614,35.615762],[76.994694,35.615739],[76.994817,35.615416],[76.99498,35.615063],[76.995147,35.614921],[76.995316,35.614778],[76.995652,35.614492],[76.99569,35.614473],[76.996075,35.614275],[76.996411,35.61399],[76.996449,35.613778],[76.996475,35.613628],[76.996634,35.613993],[76.997068,35.614196],[76.99734,35.614279],[76.997477,35.614321],[76.997848,35.614005],[76.998292,35.613876],[76.998733,35.613626],[76.999174,35.613375],[76.999615,35.613124],[77.000052,35.612752],[77.000645,35.61262],[77.001086,35.61237],[77.001527,35.612119],[77.001968,35.611868],[77.00256,35.611737],[77.003004,35.611608],[77.003448,35.611479],[77.003892,35.611349],[77.004485,35.611218],[77.004928,35.611089],[77.005372,35.61096],[77.005965,35.610828],[77.006409,35.610699],[77.006856,35.610692],[77.007445,35.610439],[77.007892,35.610431],[77.008488,35.610421],[77.008932,35.610292],[77.009525,35.61016],[77.009968,35.610031],[77.010415,35.610024],[77.010859,35.609895],[77.011306,35.609887],[77.012044,35.609632],[77.012789,35.609619],[77.013233,35.60949],[77.013674,35.609239],[77.014114,35.608989],[77.01485,35.608611],[77.015294,35.608482],[77.015735,35.608231],[77.016175,35.607981],[77.016464,35.607611],[77.016908,35.607482],[77.017048,35.607114],[77.017491,35.606985],[77.017929,35.606613],[77.01837,35.606362],[77.018813,35.606233],[77.019251,35.605861],[77.019844,35.605729],[77.020281,35.605357],[77.020722,35.605106],[77.021011,35.604736],[77.021452,35.604485],[77.022041,35.604232],[77.022482,35.603981],[77.022926,35.603852],[77.023291,35.603746],[77.023345,35.603579],[77.023528,35.603208],[77.023712,35.602838],[77.023938,35.602497],[77.023959,35.602466],[77.024272,35.602093],[77.02465,35.601824],[77.025029,35.601555],[77.02541,35.601339],[77.025856,35.601174],[77.026303,35.601061],[77.02675,35.600949],[77.027263,35.600888],[77.027776,35.600826],[77.028226,35.600819],[77.028674,35.600759],[77.029121,35.600646],[77.029502,35.60043],[77.029949,35.600317],[77.030329,35.600101],[77.030441,35.599987],[77.030576,35.600012],[77.030697,35.600375],[77.030369,35.600654],[77.029927,35.600844],[77.029599,35.601123],[77.029608,35.601488],[77.029952,35.601848],[77.030185,35.602209],[77.030527,35.602477],[77.030976,35.60256],[77.031425,35.602644],[77.031872,35.602637],[77.032319,35.602629],[77.032759,35.602348],[77.033203,35.602249],[77.033531,35.60197],[77.033522,35.601605],[77.033625,35.601238],[77.033615,35.600873],[77.033606,35.600508],[77.033264,35.60024],[77.032815,35.600157],[77.032364,35.599982],[77.031912,35.599807],[77.031354,35.599816],[77.030905,35.599733],[77.030672,35.599689],[77.030762,35.599411],[77.030306,35.599208],[77.029854,35.599111],[77.0294,35.598961],[77.028885,35.598917],[77.028306,35.598927],[77.028166,35.598457],[77.028414,35.598085],[77.028727,35.597765],[77.028976,35.597446],[77.02903,35.597025],[77.029021,35.596657],[77.028568,35.59656],[77.028319,35.596879],[77.028071,35.597251],[77.027888,35.597621],[77.027444,35.597891],[77.026999,35.598057],[77.026551,35.598169],[77.026039,35.59823],[77.025586,35.598133],[77.025258,35.597876],[77.024992,35.597513],[77.024538,35.597363],[77.024147,35.597159],[77.023882,35.596849],[77.023873,35.596481],[77.023735,35.596116],[77.023407,35.595859],[77.022957,35.595867],[77.022508,35.595874],[77.022193,35.596142],[77.02188,35.596462],[77.021699,35.596616],[77.021663,35.596602],[77.021214,35.596519],[77.02076,35.596253],[77.020528,35.595891],[77.020186,35.595623],[77.019741,35.595722],[77.019527,35.596091],[77.019425,35.596458],[77.019434,35.596822],[77.019443,35.597187],[77.019785,35.597455],[77.020346,35.597537],[77.020838,35.597756],[77.02082,35.597793],[77.021022,35.598157],[77.02135,35.598414],[77.021488,35.598779],[77.021173,35.599047],[77.021118,35.599416],[77.020935,35.599786],[77.020751,35.600157],[77.020725,35.600238],[77.020451,35.600243],[77.020075,35.600249],[77.02019,35.600152],[77.020179,35.599732],[77.020169,35.599312],[77.019987,35.598895],[77.019467,35.598693],[77.018953,35.598702],[77.018643,35.59875],[77.018586,35.598662],[77.018244,35.598394],[77.018012,35.598033],[77.017779,35.597672],[77.017546,35.59731],[77.017314,35.596949],[77.017212,35.596753],[77.017524,35.596398],[77.017852,35.596119],[77.018066,35.59575],[77.018278,35.59529],[77.018277,35.595254],[77.018719,35.595247],[77.018778,35.595246],[77.019002,35.59488],[77.021654,35.594741],[77.021863,35.593889],[77.020909,35.592679],[77.01942,35.591658],[77.019419,35.591609],[77.019408,35.591198],[77.019398,35.590787],[77.019515,35.590426],[77.019757,35.590063],[77.019999,35.589699],[77.020307,35.589438],[77.020677,35.589175],[77.020985,35.588913],[77.021357,35.588701],[77.02158,35.588538],[77.022111,35.588604],[77.022543,35.588737],[77.022975,35.58887],[77.023407,35.589003],[77.023923,35.589064],[77.024222,35.589059],[77.024251,35.58924],[77.024261,35.589639],[77.024609,35.589774],[77.024653,35.589864],[77.024883,35.590221],[77.025111,35.590532],[77.025449,35.590797],[77.025479,35.590811],[77.02584,35.590971],[77.02623,35.591145],[77.026674,35.591227],[77.027119,35.591355],[77.0275,35.591568],[77.027504,35.591734],[77.0276,35.592153],[77.02778,35.5925],[77.027961,35.592847],[77.028141,35.593194],[77.028321,35.593541],[77.028417,35.593959],[77.028767,35.594233],[77.028947,35.59458],[77.029477,35.595201],[77.029827,35.595476],[77.030262,35.595748],[77.030696,35.595951],[77.031132,35.596224],[77.031565,35.596426],[77.031997,35.596559],[77.032429,35.596692],[77.032943,35.596683],[77.033457,35.596675],[77.034057,35.596664],[77.034573,35.596726],[77.035089,35.596787],[77.035521,35.59692],[77.035953,35.597052],[77.036467,35.597044],[77.036983,35.597105],[77.037417,35.597308],[77.037932,35.597369],[77.03815,35.597058],[77.038226,35.597195],[77.038609,35.597394],[77.039052,35.597541],[77.039493,35.597585],[77.039936,35.59768],[77.040378,35.597775],[77.04076,35.597974],[77.041205,35.598172],[77.041648,35.598267],[77.042085,35.598157],[77.042264,35.597794],[77.042444,35.597432],[77.042497,35.597072],[77.042614,35.59671],[77.042542,35.596352],[77.042531,35.595942],[77.042397,35.595585],[77.042262,35.595228],[77.042333,35.595124],[77.042322,35.594704],[77.04231,35.594214],[77.042385,35.593793],[77.042567,35.59421],[77.042663,35.594629],[77.042843,35.594976],[77.04294,35.595394],[77.04312,35.595741],[77.043216,35.596159],[77.043229,35.596649],[77.043239,35.597069],[77.043077,35.597422],[77.043088,35.597842],[77.043098,35.598262],[77.043196,35.59875],[77.043293,35.599169],[77.043643,35.599443],[77.044075,35.599575],[77.044589,35.599567],[77.045014,35.599419],[77.045347,35.599064],[77.04551,35.598711],[77.045669,35.598218],[77.045744,35.597797],[77.045906,35.597444],[77.046069,35.597091],[77.046056,35.596601],[77.046131,35.596183],[77.046554,35.595925],[77.046924,35.595662],[77.04723,35.595349],[77.04741,35.594986],[77.047399,35.594576],[77.047389,35.594165],[77.047378,35.593755],[77.04775,35.593543],[77.048187,35.593433],[77.048557,35.59317],[77.048929,35.592958],[77.048983,35.592598],[77.04854,35.592503],[77.0484,35.592393],[77.048813,35.592128],[77.049257,35.592029],[77.049702,35.591931],[77.050142,35.591649],[77.050581,35.591368],[77.050684,35.591001],[77.050342,35.590733],[77.05,35.590465],[77.049658,35.590197],[77.049204,35.589931],[77.049094,35.589845],[77.049101,35.589824],[77.049217,35.589463],[77.049207,35.589052],[77.048882,35.588647],[77.048559,35.588293],[77.048113,35.588044],[77.047775,35.587779],[77.047775,35.587761],[77.047764,35.587355],[77.04781,35.586994],[77.047799,35.586543],[77.047795,35.586389],[77.047638,35.586099],[77.047692,35.585927],[77.047559,35.585781],[77.047329,35.585424],[77.04699,35.585115],[77.046815,35.584923],[77.047137,35.584649],[77.047241,35.584275],[77.047399,35.584175],[77.047421,35.584234],[77.047687,35.584597],[77.048015,35.584854],[77.048321,35.584911],[77.048348,35.58496],[77.04873,35.585159],[77.049113,35.585358],[77.049556,35.585504],[77.049998,35.585599],[77.050319,35.58585],[77.05058,35.586205],[77.050714,35.586562],[77.050912,35.586918],[77.050984,35.587276],[77.051182,35.587632],[77.051316,35.587989],[77.051451,35.588347],[77.051587,35.588755],[77.051659,35.589113],[77.051918,35.589417],[77.052363,35.589614],[77.052493,35.589642],[77.05259,35.590164],[77.052184,35.592339],[77.050826,35.593399],[77.049698,35.594456],[77.049008,35.595877],[77.048821,35.596262],[77.048689,35.596305],[77.04866,35.596534],[77.04856,35.596942],[77.048514,35.597303],[77.048468,35.597664],[77.048368,35.598072],[77.048322,35.598433],[77.048333,35.598839],[77.048509,35.599241],[77.0489,35.59946],[77.049345,35.599588],[77.049571,35.599764],[77.049538,35.599783],[77.050126,35.599775],[77.050705,35.59986],[77.051166,35.599852],[77.051627,35.599844],[77.052086,35.599742],[77.052545,35.59964],[77.053119,35.599536],[77.05358,35.599528],[77.054039,35.599426],[77.054498,35.599324],[77.054957,35.599222],[77.055528,35.599024],[77.055987,35.598922],[77.056446,35.59882],[77.056904,35.598718],[77.057361,35.598522],[77.057817,35.598325],[77.058278,35.598318],[77.058617,35.598029],[77.058956,35.597741],[77.059409,35.59745],[77.059981,35.597252],[77.060118,35.597193],[77.059974,35.59697],[77.059846,35.596501],[77.059721,35.596126],[77.059718,35.596002],[77.0599,35.595847],[77.06028,35.595615],[77.06066,35.595338],[77.061041,35.595151],[77.061317,35.594916],[77.061374,35.595236],[77.061385,35.595641],[77.061339,35.596003],[77.061238,35.596365],[77.061103,35.596718],[77.06135,35.596664],[77.061809,35.596561],[77.06238,35.596363],[77.062834,35.596073],[77.063408,35.595969],[77.063865,35.595773],[77.064321,35.595576],[77.064659,35.595288],[77.065116,35.595092],[77.065341,35.5949],[77.065063,35.594859],[77.064889,35.59459],[77.064715,35.594232],[77.064704,35.593827],[77.064724,35.593667],[77.064846,35.593589],[77.065303,35.593393],[77.065639,35.59301],[77.065745,35.592632],[77.065735,35.592255],[77.065725,35.591878],[77.065831,35.5915],[77.065936,35.591121],[77.06639,35.590831],[77.066562,35.590955],[77.066846,35.591266],[77.067074,35.591577],[77.067156,35.591745],[77.067883,35.592627],[77.067935,35.592594],[77.068156,35.592214],[77.068494,35.591925],[77.068715,35.591545],[77.068936,35.591164],[77.069275,35.590876],[77.069495,35.590495],[77.069834,35.590206],[77.070285,35.589822],[77.070739,35.589531],[77.071078,35.589243],[77.071416,35.588955],[77.071755,35.588666],[77.072091,35.588284],[77.07243,35.587995],[77.072648,35.58752],[77.072869,35.58714],[77.073207,35.586851],[77.073543,35.586469],[77.073764,35.586088],[77.073985,35.585708],[77.074206,35.585327],[77.074424,35.584852],[77.07453,35.584474],[77.074635,35.584095],[77.074856,35.583714],[77.075077,35.583334],[77.075067,35.582957],[77.075288,35.582576],[77.075394,35.582198],[77.075612,35.581723],[77.075948,35.58134],[77.076169,35.58096],[77.076507,35.580671],[77.076964,35.580475],[77.07742,35.580279],[77.077989,35.579986],[77.078327,35.579698],[77.078666,35.579409],[77.079004,35.579121],[77.079343,35.578833],[77.079796,35.578542],[77.079913,35.578341],[77.079903,35.577951],[77.079642,35.577596],[77.079383,35.577293],[77.079185,35.576937],[77.078988,35.576581],[77.07879,35.576225],[77.078592,35.575869],[77.078333,35.575565],[77.078251,35.575419],[77.078135,35.575209],[77.078,35.574852],[77.077928,35.574494],[77.077918,35.574084],[77.077846,35.573726],[77.077711,35.573369],[77.077639,35.573011],[77.077504,35.572654],[77.07741,35.572484],[77.077457,35.572483],[77.077965,35.572265],[77.078278,35.571944],[77.078593,35.571676],[77.07884,35.571304],[77.078959,35.570935],[77.078948,35.570515],[77.078939,35.570148],[77.079057,35.569725],[77.07937,35.569405],[77.079618,35.569086],[77.079802,35.568715],[77.080247,35.56855],[77.080691,35.568332],[77.081264,35.568112],[77.081773,35.567893],[77.082225,35.567991],[77.082679,35.56814],[77.083195,35.568236],[77.083531,35.568265],[77.083635,35.568465],[77.083884,35.568776],[77.084086,35.569127],[77.08424,35.569478],[77.084394,35.56987],[77.08455,35.5703],[77.084753,35.57069],[77.084705,35.570691],[77.084267,35.570541],[77.083924,35.570311],[77.083487,35.5702],[77.083052,35.570129],[77.08257,35.570137],[77.082089,35.570185],[77.081856,35.570504],[77.081721,35.570861],[77.081779,35.571254],[77.081743,35.571727],[77.08156,35.572085],[77.08128,35.572444],[77.080998,35.572724],[77.080668,35.573006],[77.080337,35.573248],[77.080056,35.573568],[77.079872,35.573925],[77.079978,35.574278],[77.080368,35.574468],[77.080378,35.574862],[77.080381,35.574974],[77.08039,35.575295],[77.080449,35.575727],[77.080529,35.575863],[77.08058,35.57595],[77.083267,35.57366],[77.084407,35.571693],[77.087135,35.569613],[77.087128,35.56935],[77.087215,35.568994],[77.087446,35.568596],[77.087678,35.568237],[77.088056,35.567955],[77.088387,35.567713],[77.088767,35.56747],[77.089147,35.567267],[77.089527,35.567063],[77.089957,35.566898],[77.090258,35.566783],[77.090376,35.566937],[77.092381,35.565228],[77.099881,35.563475],[77.102444,35.562781],[77.107027,35.563132],[77.106902,35.562756],[77.106761,35.562333],[77.10675,35.561909],[77.106738,35.561484],[77.106727,35.56106],[77.106716,35.560635],[77.106965,35.560206],[77.107034,35.559956],[77.107094,35.560078],[77.107422,35.560334],[77.107943,35.560588],[77.108335,35.560844],[77.108789,35.560993],[77.109063,35.561052],[77.109069,35.561268],[77.108953,35.561629],[77.108581,35.561841],[77.108214,35.562207],[77.107971,35.562519],[77.107917,35.562879],[77.107924,35.563141],[77.10985,35.56291],[77.109984,35.562638],[77.110163,35.562275],[77.110342,35.561913],[77.110395,35.561553],[77.110391,35.561395],[77.110665,35.561485],[77.111116,35.56153],[77.111567,35.561575],[77.111671,35.561601],[77.111499,35.561711],[77.111281,35.562087],[77.111533,35.562349],[77.112739,35.561628],[77.114496,35.55937],[77.114272,35.559374],[77.113823,35.559382],[77.113302,35.559129],[77.112848,35.558979],[77.112395,35.55883],[77.112094,35.558781],[77.112311,35.558747],[77.112897,35.558737],[77.113483,35.558726],[77.113984,35.558649],[77.114484,35.558572],[77.114987,35.558563],[77.115405,35.558556],[77.116993,35.557269],[77.116796,35.557299],[77.116296,35.557377],[77.115793,35.557385],[77.115291,35.557394],[77.114789,35.557403],[77.114288,35.55748],[77.113786,35.557489],[77.113284,35.557498],[77.112698,35.557508],[77.112195,35.557517],[77.111691,35.557457],[77.111187,35.557398],[77.111011,35.557059],[77.111,35.556648],[77.110656,35.556312],[77.11043,35.556243],[77.110419,35.555838],[77.11024,35.555493],[77.109975,35.555149],[77.109879,35.554733],[77.109699,35.554387],[77.109434,35.554044],[77.10917,35.5537],[77.108988,35.553285],[77.108723,35.552941],[77.108712,35.552524],[77.10922,35.552375],[77.10948,35.552242],[77.109652,35.552377],[77.110034,35.552575],[77.110171,35.552984],[77.110369,35.553339],[77.110504,35.553696],[77.110763,35.554],[77.111206,35.554146],[77.111385,35.553784],[77.111375,35.553373],[77.111364,35.552963],[77.111229,35.552606],[77.111218,35.552195],[77.111653,35.552034],[77.112092,35.551975],[77.112594,35.551966],[77.112606,35.552428],[77.112427,35.55279],[77.112438,35.553201],[77.112574,35.553609],[77.112835,35.553964],[77.113156,35.554215],[77.113228,35.554573],[77.112859,35.554887],[77.112552,35.555149],[77.112373,35.555512],[77.112384,35.555922],[77.112644,35.556277],[77.113087,35.556372],[77.113589,35.556363],[77.114024,35.556202],[77.11433,35.555888],[77.114702,35.555676],[77.115073,35.555464],[77.115444,35.555253],[77.115751,35.554991],[77.115995,35.554678],[77.116236,35.554315],[77.116479,35.554002],[77.116658,35.55364],[77.116901,35.553328],[77.117273,35.553116],[77.117643,35.552853],[77.118146,35.552895],[77.118528,35.553094],[77.118912,35.553344],[77.118965,35.553375],[77.118922,35.553412],[77.118608,35.55368],[77.118554,35.554101],[77.118883,35.554358],[77.119211,35.554614],[77.119667,35.554869],[77.119995,35.555126],[77.12026,35.555436],[77.120271,35.555856],[77.120118,35.556053],[77.1257,35.556208],[77.128058,35.554901],[77.129026,35.554365],[77.136684,35.551146],[77.138591,35.548192],[77.141106,35.545714],[77.148067,35.538776],[77.152208,35.537729],[77.155779,35.537665],[77.1583,35.537819],[77.161942,35.538041],[77.169649,35.536767],[77.17353,35.533452],[77.175465,35.531633],[77.176818,35.530311],[77.17653,35.530223],[77.176604,35.529802],[77.176593,35.529382],[77.17684,35.529027],[77.177175,35.528741],[77.177599,35.528593],[77.178022,35.528376],[77.178829,35.528053],[77.178915,35.528248],[77.180492,35.526674],[77.184622,35.525302],[77.188157,35.52394],[77.189899,35.522286],[77.190788,35.52101],[77.190663,35.521013],[77.190313,35.521164],[77.190203,35.520835],[77.189744,35.520658],[77.18929,35.520666],[77.188835,35.520674],[77.188273,35.52087],[77.187818,35.520879],[77.187367,35.52098],[77.186915,35.521081],[77.186466,35.521275],[77.1859,35.521378],[77.185453,35.521665],[77.185004,35.521859],[77.184555,35.522052],[77.184106,35.522246],[77.183432,35.522537],[77.18298,35.522638],[77.182528,35.522739],[77.182071,35.522655],[77.181901,35.522522],[77.181936,35.522325],[77.181759,35.521986],[77.181664,35.521577],[77.181653,35.521167],[77.181642,35.520756],[77.182064,35.520886],[77.182324,35.521223],[77.182501,35.521562],[77.182761,35.5219],[77.183022,35.522237],[77.183364,35.522505],[77.183606,35.522158],[77.183429,35.521819],[77.183252,35.52148],[77.183158,35.521071],[77.182981,35.520732],[77.183396,35.520588],[77.183468,35.520176],[77.183126,35.519908],[77.182702,35.519711],[77.182278,35.519513],[77.182267,35.519102],[77.182256,35.518692],[77.181914,35.518424],[77.18141,35.518365],[77.180908,35.518374],[77.180408,35.518452],[77.179902,35.518324],[77.179396,35.518196],[77.179054,35.517929],[77.178874,35.517453],[77.178697,35.517114],[77.17852,35.516775],[77.178426,35.516366],[77.178331,35.515957],[77.17832,35.515546],[77.178223,35.515069],[77.178128,35.51466],[77.178072,35.51449],[77.178319,35.514134],[77.178393,35.513713],[77.178728,35.513427],[77.179063,35.513141],[77.179397,35.512855],[77.179721,35.512688],[77.17982,35.512637],[77.180244,35.512489],[77.180491,35.512135],[77.18048,35.511715],[77.180473,35.51147],[77.180601,35.511397],[77.180752,35.511311],[77.1809,35.511427],[77.181421,35.511698],[77.181687,35.512043],[77.181699,35.512463],[77.181277,35.512681],[77.180942,35.512967],[77.181039,35.513385],[77.181136,35.513803],[77.181233,35.514222],[77.181413,35.514569],[77.181596,35.514985],[77.181693,35.515404],[77.181959,35.515749],[77.182225,35.516094],[77.182577,35.516438],[77.182927,35.516711],[77.183277,35.516985],[77.183627,35.517259],[77.184059,35.517391],[77.184325,35.517736],[77.184505,35.518083],[77.184772,35.518428],[77.185038,35.518774],[77.185219,35.51912],[77.185652,35.519322],[77.186075,35.519105],[77.186495,35.518817],[77.186917,35.518599],[77.187164,35.518245],[77.187499,35.517959],[77.187746,35.517604],[77.187821,35.517183],[77.187809,35.516763],[77.187459,35.516489],[77.187109,35.516216],[77.186759,35.515942],[77.186409,35.515668],[77.185976,35.515466],[77.185624,35.515122],[77.18519,35.51492],[77.18484,35.514647],[77.184491,35.514373],[77.184224,35.514028],[77.183874,35.513754],[77.183437,35.513412],[77.183256,35.513065],[77.18299,35.51272],[77.182724,35.512375],[77.182372,35.512031],[77.18219,35.511614],[77.182009,35.511267],[77.181828,35.510921],[77.181523,35.510762],[77.181581,35.510688],[77.181409,35.510703],[77.181307,35.51065],[77.181075,35.510542],[77.180956,35.509917],[77.180994,35.509562],[77.180982,35.509112],[77.181028,35.50875],[77.181128,35.508388],[77.181173,35.508027],[77.181217,35.50762],[77.181318,35.507258],[77.181418,35.506895],[77.181574,35.506532],[77.181674,35.50617],[77.181775,35.505807],[77.181985,35.505443],[77.182031,35.505082],[77.18213,35.504674],[77.182285,35.504311],[77.182441,35.503947],[77.182541,35.503585],[77.182642,35.503223],[77.182852,35.502858],[77.183118,35.502493],[77.183384,35.502127],[77.184447,35.501885],[77.187899,35.50161],[77.189207,35.502011],[77.190886,35.503393],[77.190864,35.503569],[77.190818,35.503931],[77.190773,35.504292],[77.190776,35.504417],[77.190785,35.504743],[77.19074,35.505104],[77.190751,35.505509],[77.190762,35.505915],[77.190764,35.505985],[77.190773,35.50632],[77.190784,35.506726],[77.190796,35.507176],[77.190752,35.507583],[77.190763,35.507988],[77.190774,35.508393],[77.190729,35.508755],[77.19074,35.50916],[77.190751,35.509564],[77.190574,35.509666],[77.190325,35.509985],[77.190012,35.510254],[77.189763,35.510573],[77.189646,35.510995],[77.189465,35.511419],[77.189411,35.511787],[77.189357,35.512156],[77.189303,35.512524],[77.189696,35.512832],[77.19015,35.512981],[77.190602,35.513078],[77.191051,35.51307],[77.191568,35.513166],[77.192021,35.513315],[77.192349,35.513572],[77.192806,35.513826],[77.193071,35.514136],[77.193462,35.514339],[77.193978,35.514435],[77.194431,35.514531],[77.194879,35.514471],[77.195061,35.5141],[77.195051,35.513732],[77.194977,35.513366],[77.194774,35.513002],[77.194636,35.512637],[77.194498,35.512272],[77.194488,35.511905],[77.194478,35.511538],[77.194468,35.51117],[77.194458,35.510803],[77.194454,35.510688],[77.194448,35.510435],[77.194502,35.510067],[77.19462,35.509697],[77.194801,35.509274],[77.194821,35.509235],[77.194816,35.509041],[77.194805,35.508636],[77.194796,35.50832],[77.194795,35.508275],[77.194792,35.508185],[77.194788,35.508008],[77.194784,35.50787],[77.194773,35.507464],[77.194762,35.507059],[77.194751,35.506654],[77.194738,35.506203],[77.194727,35.505798],[77.194771,35.505391],[77.19476,35.504986],[77.194861,35.504623],[77.194904,35.504172],[77.195004,35.503809],[77.195104,35.503447],[77.195205,35.503085],[77.19536,35.502721],[77.195516,35.502358],[77.195726,35.501994],[77.195882,35.50163],[77.196092,35.501266],[77.196213,35.501083],[77.198171,35.500928],[77.199995,35.501249],[77.20116,35.502712],[77.201632,35.504189],[77.20209,35.504974],[77.201473,35.506511],[77.200777,35.508171],[77.200555,35.508329],[77.200176,35.508546],[77.199993,35.508917],[77.199939,35.509285],[77.199949,35.509653],[77.199959,35.51002],[77.200033,35.510386],[77.200107,35.510752],[77.200246,35.511117],[77.200456,35.511403],[77.200371,35.511452],[77.199794,35.511462],[77.199368,35.511706],[77.198939,35.511831],[77.198513,35.512075],[77.198087,35.512318],[77.1981,35.51279],[77.198113,35.513261],[77.198126,35.513733],[77.198138,35.514204],[77.198151,35.514675],[77.198164,35.515147],[77.198166,35.515199],[77.19798,35.515278],[77.197564,35.515546],[77.197253,35.515812],[77.196728,35.515995],[77.1961,35.516266],[77.195789,35.516532],[77.195587,35.516882],[77.195492,35.517317],[77.19529,35.517667],[77.195198,35.518189],[77.194998,35.518626],[77.195004,35.518825],[77.194941,35.518793],[77.194488,35.518696],[77.19404,35.518757],[77.19353,35.518871],[77.193085,35.519036],[77.192638,35.51915],[77.192128,35.519264],[77.191748,35.519481],[77.1915,35.5198],[77.191317,35.520171],[77.191263,35.52054],[77.191459,35.520693],[77.198014,35.521489],[77.200836,35.521573],[77.206967,35.521756],[77.206959,35.521461],[77.207013,35.521093],[77.207068,35.520724],[77.207316,35.520404],[77.207695,35.520188],[77.208134,35.519812],[77.208423,35.519779],[77.208768,35.519958],[77.208778,35.520325],[77.208788,35.520693],[77.208798,35.52106],[77.208872,35.521426],[77.209011,35.521791],[77.209463,35.521888],[77.209912,35.52188],[77.210362,35.521871],[77.21081,35.521811],[77.211385,35.521695],[77.211959,35.52158],[77.212407,35.521519],[77.212851,35.521301],[77.21323,35.521084],[77.213747,35.521179],[77.213821,35.521545],[77.213895,35.521912],[77.213905,35.522279],[77.213908,35.522384],[77.213609,35.522495],[77.21402,35.522708],[77.214483,35.522948],[77.214943,35.523064],[77.215406,35.523305],[77.215866,35.523421],[77.21633,35.523661],[77.216793,35.523902],[77.21726,35.524266],[77.217723,35.524507],[77.218186,35.524747],[77.218277,35.524746],[77.218077,35.524513],[77.217939,35.524148],[77.21782,35.523835],[77.218123,35.523829],[77.220041,35.523511],[77.220047,35.523741],[77.220122,35.524107],[77.220196,35.524474],[77.220463,35.524836],[77.220855,35.525091],[77.220921,35.525143],[77.220728,35.525146],[77.220279,35.525155],[77.219831,35.525215],[77.219418,35.525223],[77.219573,35.525344],[77.220033,35.52546],[77.22031,35.525784],[77.220617,35.525778],[77.221067,35.52577],[77.221523,35.525668],[77.221779,35.525967],[77.222108,35.526276],[77.222692,35.526475],[77.223145,35.526624],[77.223598,35.526721],[77.224049,35.526765],[77.224626,35.526755],[77.225074,35.526694],[77.225524,35.526686],[77.225973,35.526677],[77.226427,35.526826],[77.226373,35.527195],[77.226059,35.527463],[77.225745,35.527732],[77.225369,35.528054],[77.225435,35.528099],[77.225894,35.528215],[77.226351,35.528206],[77.226666,35.528574],[77.227129,35.528814],[77.227748,35.529176],[77.228211,35.529416],[77.228675,35.529657],[77.229135,35.529773],[77.229236,35.529825],[77.229203,35.529663],[77.229654,35.529707],[77.230105,35.529751],[77.230554,35.529743],[77.231005,35.529787],[77.231454,35.529779],[77.231878,35.52982],[77.231905,35.529823],[77.232355,35.529815],[77.232804,35.529806],[77.233318,35.529797],[77.233767,35.529789],[77.234216,35.52978],[77.234728,35.529718],[77.234877,35.529715],[77.23605,35.529834],[77.236085,35.530008],[77.236146,35.530167],[77.23617,35.530167],[77.236719,35.530157],[77.237267,35.530147],[77.237811,35.529987],[77.238355,35.529827],[77.238903,35.529817],[77.239447,35.529658],[77.239992,35.529498],[77.24054,35.529488],[77.241084,35.529328],[77.241632,35.529318],[77.24218,35.529308],[77.242733,35.529447],[77.243285,35.529586],[77.243837,35.529725],[77.244386,35.529715],[77.24476,35.530007],[77.245312,35.530146],[77.245868,35.530435],[77.246421,35.530574],[77.246973,35.530713],[77.247526,35.530852],[77.248078,35.530992],[77.248631,35.531131],[77.249183,35.53127],[77.249735,35.531409],[77.250284,35.531399],[77.250657,35.531691],[77.25121,35.53183],[77.251584,35.532122],[77.252136,35.532261],[77.25251,35.532553],[77.253058,35.532543],[77.253611,35.532682],[77.253985,35.532974],[77.254537,35.533113],[77.255094,35.533401],[77.255833,35.533687],[77.256207,35.533978],[77.256759,35.534118],[77.257133,35.534409],[77.257507,35.534701],[77.257881,35.534993],[77.257979,35.535216],[77.258234,35.535385],[77.258614,35.535637],[77.258991,35.535969],[77.259007,35.535984],[77.259001,35.536318],[77.260096,35.537835],[77.261407,35.538978],[77.262164,35.539352],[77.262224,35.539533],[77.262463,35.539902],[77.262656,35.540052],[77.262962,35.540129],[77.263224,35.540333],[77.263275,35.540353],[77.26341,35.540378],[77.263367,35.540379],[77.263263,35.540364],[77.263336,35.540421],[77.263889,35.54056],[77.264263,35.540852],[77.264636,35.541144],[77.26501,35.541436],[77.265746,35.541571],[77.265924,35.541419],[77.266281,35.541113],[77.266639,35.540807],[77.266996,35.540502],[77.26754,35.540342],[77.267897,35.540036],[77.268441,35.539877],[77.268981,35.539568],[77.269525,35.539408],[77.269882,35.539102],[77.270239,35.538797],[77.270596,35.538491],[77.270953,35.538185],[77.27131,35.53788],[77.27185,35.537571],[77.272394,35.537411],[77.272943,35.537401],[77.273487,35.537241],[77.274035,35.53723],[77.274583,35.53722],[77.275131,35.53721],[77.27568,35.537199],[77.276415,35.537335],[77.276963,35.537325],[77.277516,35.537464],[77.278064,35.537453],[77.278612,35.537443],[77.279165,35.537582],[77.279713,35.537572],[77.280266,35.537711],[77.280814,35.5377],[77.281249,35.537692],[77.281246,35.537566],[77.281322,35.537288],[77.281687,35.537206],[77.282022,35.536919],[77.282437,35.536461],[77.282665,35.536622],[77.282911,35.536988],[77.283155,35.536711],[77.283349,35.53629],[77.283716,35.535874],[77.284084,35.535459],[77.284284,35.534896],[77.284645,35.534622],[77.285006,35.534349],[77.285367,35.534075],[77.28556,35.533654],[77.285921,35.53338],[77.286115,35.532959],[77.286475,35.532686],[77.286669,35.532265],[77.287036,35.531849],[77.287404,35.531433],[77.287597,35.531012],[77.287965,35.530597],[77.288332,35.530181],[77.288867,35.529913],[77.289415,35.52936],[77.289608,35.528939],[77.289774,35.528813],[77.289969,35.528666],[77.29033,35.528392],[77.290698,35.527976],[77.291065,35.527561],[77.291432,35.527145],[77.291793,35.526871],[77.292161,35.526456],[77.292708,35.525903],[77.293069,35.52563],[77.293437,35.525214],[77.293804,35.524798],[77.294165,35.524525],[77.294526,35.524251],[77.294719,35.52383],[77.295086,35.523414],[77.295447,35.523141],[77.295808,35.522867],[77.296169,35.522594],[77.29653,35.52232],[77.296891,35.522046],[77.297258,35.521631],[77.297619,35.521357],[77.297979,35.521084],[77.29834,35.52081],[77.298701,35.520536],[77.299062,35.520263],[77.299423,35.519989],[77.299616,35.519568],[77.300151,35.5193],[77.300511,35.519026],[77.300872,35.518753],[77.301233,35.518479],[77.301607,35.517921],[77.302148,35.517511],[77.302515,35.517095],[77.302883,35.516679],[77.303424,35.516269],[77.303784,35.515995],[77.304152,35.51558],[77.304693,35.515169],[77.30506,35.514753],[77.305421,35.51448],[77.305782,35.514206],[77.306142,35.513933],[77.30651,35.513517],[77.306877,35.513101],[77.307418,35.512691],[77.307785,35.512275],[77.308146,35.512001],[77.308507,35.511728],[77.3087,35.511306],[77.309061,35.511033],[77.309421,35.510759],[77.309956,35.510491],[77.310317,35.510217],[77.310858,35.509807],[77.311218,35.509533],[77.311579,35.50926],[77.31194,35.508986],[77.312307,35.50857],[77.312668,35.508297],[77.313035,35.507881],[77.313569,35.507612],[77.31393,35.507339],[77.314645,35.506934],[77.315006,35.50666],[77.315199,35.506239],[77.31556,35.505965],[77.31592,35.505692],[77.316287,35.505276],[77.316648,35.505002],[77.316848,35.504439],[77.317209,35.504165],[77.317582,35.503607],[77.317776,35.503186],[77.318143,35.50277],[77.318349,35.502065],[77.31871,35.501791],[77.318903,35.50137],[77.31945,35.500818],[77.319644,35.500396],[77.320004,35.500123],[77.320024,35.499696],[77.320384,35.499423],[77.320578,35.499002],[77.320945,35.498586],[77.321312,35.49817],[77.321505,35.497749],[77.321866,35.497475],[77.322059,35.497054],[77.322252,35.496633],[77.322446,35.496212],[77.322813,35.495796],[77.322832,35.49537],[77.323199,35.494954],[77.323399,35.49439],[77.323599,35.493827],[77.323792,35.493406],[77.323985,35.492985],[77.324185,35.492422],[77.324378,35.492001],[77.324752,35.491443],[77.324771,35.491016],[77.324964,35.490595],[77.32499,35.490026],[77.325184,35.489605],[77.325203,35.489179],[77.325222,35.488752],[77.325242,35.488326],[77.325261,35.4879],[77.325281,35.487473],[77.3253,35.487047],[77.325146,35.486615],[77.324992,35.486183],[77.324844,35.485609],[77.324696,35.485036],[77.324715,35.484609],[77.324561,35.484177],[77.32458,35.483751],[77.324426,35.483319],[77.324452,35.482751],[77.324311,35.482035],[77.32433,35.481608],[77.324349,35.481182],[77.324015,35.480887],[77.32368,35.480592],[77.323352,35.480155],[77.323024,35.479718],[77.32287,35.479286],[77.322715,35.478855],[77.322561,35.478423],[77.322413,35.477849],[77.322259,35.477417],[77.322278,35.476991],[77.322124,35.476559],[77.321796,35.476122],[77.321642,35.47569],[77.321487,35.475259],[77.321159,35.474821],[77.321005,35.47439],[77.320851,35.473958],[77.32087,35.473532],[77.320716,35.4731],[77.320735,35.472673],[77.320581,35.472242],[77.320607,35.471673],[77.320639,35.470962],[77.320665,35.470394],[77.320685,35.469967],[77.32053,35.469536],[77.320196,35.469241],[77.320215,35.468814],[77.320061,35.468383],[77.32008,35.467956],[77.319926,35.467524],[77.319945,35.467098],[77.319965,35.466672],[77.319811,35.46624],[77.31983,35.465813],[77.319856,35.465245],[77.319875,35.464818],[77.319895,35.464392],[77.319914,35.463966],[77.31994,35.463397],[77.31996,35.462971],[77.319979,35.462544],[77.320005,35.461976],[77.320025,35.461549],[77.320044,35.461123],[77.320063,35.460696],[77.320089,35.460128],[77.320115,35.459559],[77.320135,35.459133],[77.320154,35.458706],[77.31982,35.458411],[77.319672,35.457838],[77.319691,35.457411],[77.319711,35.456985],[77.319737,35.456416],[77.319763,35.455848],[77.319782,35.455421],[77.319802,35.454995],[77.319821,35.454568],[77.319847,35.454],[77.319866,35.453573],[77.319886,35.453147],[77.319905,35.45272],[77.319925,35.452294],[77.319944,35.451868],[77.319964,35.451441],[77.319983,35.451015],[77.320176,35.450594],[77.320196,35.450167],[77.320389,35.449746],[77.320408,35.44932],[77.320601,35.448898],[77.320621,35.448472],[77.32064,35.448046],[77.32084,35.447482],[77.320872,35.446772],[77.320892,35.446345],[77.323776,35.440313],[77.323949,35.440318],[77.32431,35.440044],[77.324503,35.439623],[77.324863,35.439349],[77.325223,35.439076],[77.325416,35.438654],[77.325777,35.438381],[77.32597,35.43796],[77.326337,35.437544],[77.32653,35.437123],[77.326723,35.436701],[77.326916,35.43628],[77.327109,35.435859],[77.327302,35.435438],[77.327495,35.435017],[77.327688,35.434596],[77.327708,35.434169],[77.327727,35.433743],[77.327746,35.433316],[77.327939,35.432895],[77.327959,35.432469],[77.327978,35.432042],[77.327998,35.431616],[77.328017,35.43119],[77.328036,35.430763],[77.328056,35.430337],[77.328075,35.42991],[77.328094,35.429484],[77.328114,35.429057],[77.328307,35.428636],[77.328326,35.42821],[77.328346,35.427783],[77.328365,35.427357],[77.328384,35.426931],[77.328404,35.426504],[77.328423,35.426078],[77.328443,35.425651],[77.328636,35.42523],[77.328829,35.424809],[77.329195,35.424393],[77.329388,35.423972],[77.329761,35.423414],[77.329955,35.422993],[77.330321,35.422577],[77.330514,35.422156],[77.330707,35.421735],[77.331074,35.421319],[77.331441,35.420903],[77.331801,35.420629],[77.331994,35.420208],[77.33236,35.419792],[77.332727,35.419376],[77.3331,35.418818],[77.333473,35.41826],[77.333833,35.417986],[77.334026,35.417565],[77.334387,35.417292],[77.33458,35.41687],[77.33494,35.416597],[77.335133,35.416175],[77.335673,35.415765],[77.336046,35.415207],[77.336413,35.414791],[77.336779,35.414375],[77.337146,35.413959],[77.337435,35.413632],[77.337416,35.41354],[77.337337,35.413137],[77.337257,35.412734],[77.337275,35.412334],[77.337196,35.411932],[77.337019,35.411526],[77.33674,35.411197],[77.336563,35.410791],[77.336284,35.410463],[77.335908,35.410131],[77.335731,35.409725],[77.335554,35.40932],[77.33538,35.408834],[77.335301,35.408431],[77.335319,35.408031],[77.335337,35.407632],[77.335355,35.407232],[77.335373,35.406832],[77.335489,35.406435],[77.335605,35.406038],[77.335623,35.405639],[77.335739,35.405242],[77.335757,35.404842],[77.335872,35.404445],[77.335891,35.404045],[77.336006,35.403648],[77.336122,35.403252],[77.336238,35.402855],[77.336256,35.402455],[77.336372,35.402058],[77.336488,35.401661],[77.336491,35.401577],[77.3365,35.401395],[77.336173,35.401296],[77.335656,35.401166],[77.335225,35.401034],[77.334708,35.400904],[77.334277,35.400772],[77.33376,35.400642],[77.333329,35.400511],[77.332731,35.400522],[77.332218,35.400532],[77.331705,35.400542],[77.331111,35.400693],[77.330598,35.400703],[77.33009,35.400853],[77.329579,35.400933],[77.329068,35.401013],[77.328557,35.401093],[77.327959,35.401104],[77.327361,35.401116],[77.326848,35.401126],[77.326165,35.401139],[77.32565,35.401079],[77.325135,35.401019],[77.32462,35.400959],[77.324102,35.400759],[77.323501,35.4007],[77.322983,35.4005],[77.322466,35.40037],[77.321866,35.400312],[77.321265,35.400253],[77.320753,35.400263],[77.320238,35.400203],[77.319721,35.400073],[77.31929,35.399941],[77.318775,35.399881],[77.318177,35.399892],[77.317662,35.399832],[77.317147,35.399772],[77.316545,35.399644],[77.316112,35.399442],[77.315681,35.39931],[77.31516,35.39904],[77.314729,35.398908],[77.314295,35.398707],[77.313862,35.398505],[77.313429,35.398303],[77.312914,35.398243],[77.312483,35.398111],[77.311968,35.398051],[77.311537,35.397919],[77.310851,35.397863],[77.310253,35.397874],[77.30974,35.397884],[77.309227,35.397894],[77.308715,35.397903],[77.308202,35.397913],[77.307604,35.397925],[77.307091,35.397934],[77.306497,35.398086],[77.305988,35.398236],[77.305565,35.398384],[77.305142,35.398532],[77.304718,35.39868],[77.304295,35.398828],[77.303784,35.398908],[77.303273,35.398987],[77.302763,35.399067],[77.30225,35.399077],[77.301898,35.398734],[77.301546,35.39839],[77.301195,35.398047],[77.300845,35.397774],[77.300495,35.3975],[77.300145,35.397227],[77.299796,35.396953],[77.299446,35.39668],[77.298923,35.39634],[77.298573,35.396067],[77.298142,35.395935],[77.297792,35.395661],[77.297443,35.395388],[77.29726,35.394971],[77.297246,35.394482],[77.297234,35.394062],[77.297222,35.393642],[77.297296,35.393221],[77.297284,35.392801],[77.297443,35.392378],[77.2976,35.391885],[77.297759,35.391462],[77.297832,35.39104],[77.297993,35.390687],[77.298154,35.390334],[77.298228,35.389912],[77.298301,35.389491],[77.298289,35.389071],[77.298277,35.388651],[77.298265,35.388231],[77.298254,35.387812],[77.298073,35.387465],[77.297975,35.387047],[77.297795,35.3867],[77.297614,35.386354],[77.297433,35.386007],[77.29725,35.38559],[77.297069,35.385244],[77.29697,35.384756],[77.296789,35.384409],[77.296606,35.383992],[77.296592,35.383503],[77.296412,35.383156],[77.296314,35.382738],[77.296044,35.382253],[77.295943,35.381695],[77.295844,35.381207],[77.295661,35.38079],[77.295647,35.3803],[77.295635,35.37988],[77.295536,35.379392],[77.295436,35.378904],[77.295339,35.378486],[77.295325,35.377996],[77.295395,35.377435],[77.295383,35.377015],[77.295371,35.376595],[77.295444,35.376174],[77.295433,35.375754],[77.295421,35.375334],[77.295494,35.374912],[77.295655,35.374559],[77.295814,35.374136],[77.296144,35.37371],[77.29639,35.373355],[77.296551,35.373002],[77.296798,35.372647],[77.296959,35.372294],[77.297119,35.371941],[77.297364,35.371516],[77.29761,35.371162],[77.297944,35.370875],[77.298276,35.370519],[77.298608,35.370163],[77.298941,35.369876],[77.299275,35.36959],[77.299607,35.369233],[77.299853,35.368879],[77.300014,35.368526],[77.30026,35.368171],[77.300163,35.367753],[77.299982,35.367406],[77.299631,35.367063],[77.299365,35.366718],[77.299184,35.366371],[77.299053,35.366028],[77.298847,35.366031],[77.29872,35.366034],[77.298452,35.365914],[77.298024,35.36566],[77.29759,35.365527],[77.297157,35.365394],[77.296875,35.365297],[77.296579,35.365196],[77.29645,35.365104],[77.296369,35.365088],[77.295383,35.364813],[77.295507,35.364635],[77.295596,35.364559],[77.293888,35.364163],[77.293578,35.364279],[77.293573,35.364308],[77.293179,35.364198],[77.292888,35.364117],[77.292565,35.364055],[77.29267,35.363896],[77.291482,35.363655],[77.291488,35.363848],[77.291279,35.363808],[77.290669,35.36369],[77.290581,35.363604],[77.290519,35.363555],[77.287298,35.364388],[77.286205,35.365139],[77.284019,35.36664],[77.281476,35.367327],[77.278472,35.367475],[77.276794,35.367233],[77.27522,35.366715],[77.272314,35.366405],[77.270408,35.365984],[77.269937,35.36508],[77.269907,35.363986],[77.269921,35.362548],[77.269886,35.362642],[77.269767,35.362285],[77.269675,35.362109],[77.269527,35.361825],[77.269403,35.361456],[77.269166,35.361089],[77.269077,35.360917],[77.268927,35.360629],[77.268916,35.360257],[77.268618,35.35987],[77.268635,35.359856],[77.268874,35.359548],[77.268864,35.359186],[77.268889,35.359171],[77.2689,35.358856],[77.268231,35.357571],[77.268159,35.357523],[77.268156,35.357392],[77.268145,35.35702],[77.268135,35.356649],[77.268124,35.356278],[77.268114,35.355906],[77.268104,35.355535],[77.268093,35.355164],[77.268083,35.354792],[77.268072,35.354421],[77.268062,35.354049],[77.267825,35.353682],[77.267477,35.35341],[77.267129,35.353138],[77.266671,35.352961],[77.266323,35.352689],[77.265865,35.352511],[77.265517,35.352239],[77.265058,35.352062],[77.2646,35.351885],[77.264141,35.351708],[77.263683,35.35153],[77.263224,35.351353],[77.262766,35.351176],[77.262418,35.350904],[77.261957,35.350634],[77.261501,35.350549],[77.26104,35.350279],[77.260587,35.350288],[77.26002,35.350298],[77.259459,35.350495],[77.258897,35.350691],[77.258338,35.35098],[77.258198,35.351041],[77.258141,35.351013],[77.25775,35.35081],[77.257232,35.35061],[77.256714,35.35041],[77.256261,35.350261],[77.256107,35.350116],[77.256175,35.350028],[77.256482,35.349632],[77.25671,35.349303],[77.256939,35.348974],[77.25733,35.348771],[77.257638,35.348441],[77.257948,35.348175],[77.258017,35.347784],[77.258085,35.347392],[77.257759,35.347074],[77.257278,35.346888],[77.256798,35.346767],[77.256321,35.346711],[77.255919,35.346523],[77.255672,35.346203],[77.255195,35.346147],[77.25464,35.346157],[77.254161,35.346036],[77.253681,35.345915],[77.253202,35.345794],[77.252645,35.345739],[77.25217,35.345748],[77.251615,35.345758],[77.251139,35.345767],[77.250929,35.3458],[77.250872,35.345755],[77.250495,35.345559],[77.250039,35.345466],[77.249544,35.345475],[77.24909,35.345484],[77.249059,35.345856],[77.249154,35.346016],[77.248688,35.346073],[77.248317,35.346131],[77.248134,35.346109],[77.247657,35.346053],[77.247185,35.346192],[77.246709,35.346201],[77.246158,35.346341],[77.245684,35.346415],[77.245208,35.346424],[77.244732,35.346432],[77.244102,35.346574],[77.243756,35.346676],[77.243553,35.346679],[77.243106,35.346688],[77.242659,35.346644],[77.242147,35.346601],[77.241698,35.346505],[77.241252,35.346513],[77.241038,35.346517],[77.240761,35.346246],[77.24075,35.345856],[77.240979,35.345527],[77.241289,35.345262],[77.241518,35.344932],[77.241428,35.344544],[77.241181,35.344224],[77.240954,35.343929],[77.241025,35.343928],[77.241664,35.343864],[77.242111,35.343803],[77.242165,35.343434],[77.241898,35.343072],[77.241508,35.342869],[77.241056,35.34272],[77.240603,35.342571],[77.240213,35.342368],[77.23976,35.342219],[77.239307,35.34207],[77.238858,35.342025],[77.238342,35.34193],[77.237894,35.341938],[77.237451,35.342157],[77.237333,35.342526],[77.237664,35.342888],[77.238054,35.343091],[77.23827,35.343162],[77.238319,35.343401],[77.238422,35.343673],[77.23816,35.343955],[77.237769,35.344157],[77.237296,35.344296],[77.23715,35.344753],[77.23724,35.345142],[77.237565,35.345396],[77.237812,35.345716],[77.237902,35.346104],[77.237912,35.346494],[77.238006,35.346775],[77.237691,35.346893],[77.237185,35.347059],[77.237098,35.347149],[77.236594,35.347158],[77.236099,35.347167],[77.235605,35.347176],[77.235164,35.347139],[77.234669,35.347149],[77.234603,35.347123],[77.234702,35.347038],[77.23495,35.346719],[77.235068,35.346349],[77.235186,35.345979],[77.235176,35.345612],[77.235142,35.345424],[77.235655,35.345171],[77.235965,35.344905],[77.236356,35.344703],[77.236666,35.344437],[77.236976,35.344172],[77.237286,35.343906],[77.237515,35.343577],[77.237504,35.343187],[77.237414,35.342799],[77.237167,35.342478],[77.236843,35.342224],[77.236439,35.341972],[77.235881,35.341852],[77.235479,35.341665],[77.235324,35.341668],[77.235,35.341569],[77.234994,35.341349],[77.234984,35.340959],[77.234814,35.340572],[77.23449,35.340318],[77.233935,35.340329],[77.233546,35.340596],[77.233317,35.340925],[77.233007,35.341191],[77.232697,35.341456],[77.232387,35.341722],[77.231996,35.341924],[77.231524,35.342063],[77.231052,35.342202],[77.23058,35.34234],[77.23003,35.342545],[77.229639,35.342748],[77.229248,35.34295],[77.228857,35.343152],[77.228466,35.343354],[77.228075,35.343556],[77.227684,35.343758],[77.22801,35.344077],[77.228565,35.344067],[77.229041,35.344058],[77.229515,35.343985],[77.229987,35.343846],[77.230538,35.343706],[77.231012,35.343632],[77.231486,35.343558],[77.231877,35.343356],[77.232349,35.343217],[77.232682,35.343119],[77.232674,35.34319],[77.232556,35.34356],[77.232177,35.343777],[77.231735,35.343995],[77.231356,35.344212],[77.230912,35.344378],[77.230533,35.344595],[77.230223,35.344968],[77.230248,35.345104],[77.230156,35.345069],[77.230002,35.345025],[77.229612,35.345292],[77.229618,35.345507],[77.229209,35.345649],[77.228755,35.345658],[77.228302,35.345666],[77.227849,35.345607],[77.227348,35.345481],[77.226932,35.345353],[77.226497,35.345233],[77.225876,35.344983],[77.223141,35.344397],[77.219635,35.343984],[77.216772,35.343453],[77.214242,35.343234],[77.21309,35.343733],[77.214794,35.344497],[77.216747,35.344885],[77.217611,35.344975],[77.217805,35.345014],[77.21826,35.345073],[77.218716,35.345167],[77.219173,35.34526],[77.21963,35.345386],[77.220008,35.345435],[77.220086,35.345446],[77.220502,35.345573],[77.220918,35.345701],[77.221375,35.345828],[77.221768,35.345927],[77.221874,35.345954],[77.22233,35.346047],[77.222747,35.346208],[77.223163,35.346336],[77.223579,35.346463],[77.223995,35.346591],[77.224411,35.346718],[77.224868,35.346845],[77.225285,35.346973],[77.225782,35.347065],[77.226239,35.347158],[77.226696,35.347285],[77.227152,35.347378],[77.227568,35.347505],[77.227985,35.347666],[77.228484,35.347792],[77.228635,35.347827],[77.229024,35.347918],[77.22948,35.348011],[77.229937,35.348137],[77.230394,35.34823],[77.23085,35.348323],[77.231349,35.348449],[77.231807,35.34861],[77.232223,35.348738],[77.232639,35.348865],[77.233055,35.348993],[77.233512,35.349086],[77.234009,35.349144],[77.234465,35.349237],[77.23492,35.349296],[77.235375,35.349321],[77.235829,35.349347],[77.236284,35.349372],[77.236739,35.349398],[77.237193,35.349423],[77.237649,35.349482],[77.238103,35.349508],[77.238559,35.349567],[77.238626,35.349581],[77.240253,35.349915],[77.241879,35.350203],[77.242856,35.350397],[77.242788,35.350621],[77.242838,35.350637],[77.243338,35.35083],[77.243558,35.350915],[77.243458,35.351181],[77.243125,35.351466],[77.242965,35.351817],[77.242976,35.352235],[77.242903,35.352654],[77.24283,35.353074],[77.242841,35.353491],[77.242768,35.353911],[77.242781,35.354398],[77.242362,35.354615],[77.241854,35.354694],[77.241346,35.354773],[77.240836,35.354783],[77.240488,35.354511],[77.240308,35.354166],[77.240044,35.353822],[77.239696,35.35355],[77.239432,35.353206],[77.239084,35.352934],[77.238663,35.353081],[77.238502,35.353433],[77.238429,35.353852],[77.238442,35.354339],[77.238539,35.354756],[77.23855,35.355174],[77.238131,35.35539],[77.237886,35.355743],[77.237725,35.356095],[77.237652,35.356514],[77.237663,35.356932],[77.237843,35.357277],[77.238191,35.357549],[77.238705,35.357679],[77.239133,35.35781],[77.239145,35.358228],[77.239146,35.358267],[77.238959,35.358537],[77.238568,35.358739],[77.23818,35.359071],[77.23787,35.359337],[77.237479,35.359539],[77.237007,35.359678],[77.236778,35.360007],[77.237254,35.359998],[77.237731,35.360054],[77.238209,35.36011],[77.238685,35.360102],[77.239011,35.360421],[77.239101,35.360809],[77.239573,35.36067],[77.240045,35.360531],[77.240451,35.360849],[77.240926,35.36084],[77.24148,35.360765],[77.241548,35.360373],[77.241856,35.360043],[77.242247,35.359841],[77.242639,35.359638],[77.242749,35.359581],[77.242812,35.359892],[77.242993,35.360239],[77.24309,35.360657],[77.243136,35.360858],[77.242995,35.361062],[77.243085,35.36145],[77.24341,35.361704],[77.243812,35.361891],[77.244293,35.362077],[77.244695,35.362265],[77.244701,35.362497],[77.244264,35.362408],[77.243807,35.362315],[77.243391,35.362187],[77.242906,35.36213],[77.24012,35.361541],[77.237455,35.361166],[77.23413,35.360326],[77.232436,35.359933],[77.230598,35.359012],[77.22922,35.358348],[77.22852,35.358148],[77.228339,35.358038],[77.227922,35.357876],[77.227543,35.357613],[77.227167,35.357417],[77.22679,35.357221],[77.226372,35.357026],[77.225956,35.356898],[77.225539,35.356737],[77.225082,35.356644],[77.224951,35.35662],[77.224808,35.35657],[77.223,35.356166],[77.219115,35.356118],[77.216786,35.356201],[77.213641,35.356616],[77.210401,35.357074],[77.207113,35.357571],[77.204252,35.358079],[77.204076,35.358043],[77.203537,35.357952],[77.203437,35.357931],[77.203317,35.357944],[77.202822,35.357953],[77.202217,35.357964],[77.201667,35.357974],[77.201226,35.357937],[77.20073,35.357901],[77.200235,35.35791],[77.19974,35.357919],[77.19919,35.357929],[77.198749,35.357892],[77.198254,35.357901],[77.197813,35.357864],[77.197372,35.357827],[77.196931,35.35779],[77.196436,35.357799],[77.195941,35.357808],[77.195446,35.357817],[77.195125,35.358139],[77.194969,35.358502],[77.19498,35.358907],[77.1951,35.359266],[77.195276,35.359668],[77.19549,35.359959],[77.195712,35.360021],[77.196128,35.360149],[77.196471,35.360218],[77.196586,35.360309],[77.197027,35.360399],[77.19719,35.360537],[77.198502,35.360552],[77.200734,35.360512],[77.202474,35.360202],[77.204849,35.360039],[77.207993,35.359584],[77.21032,35.359462],[77.212209,35.359268],[77.215304,35.358814],[77.217629,35.358612],[77.220297,35.358523],[77.222531,35.358522],[77.22415,35.359128],[77.224992,35.359749],[77.225494,35.360337],[77.225758,35.361127],[77.226193,35.36279],[77.226473,35.364177],[77.226611,35.365646],[77.226152,35.366494],[77.226139,35.366563],[77.225942,35.366904],[77.225902,35.366955],[77.225839,35.367036],[77.225703,35.367213],[77.225506,35.367555],[77.225267,35.367863],[77.225027,35.368172],[77.224706,35.368482],[77.224458,35.368755],[77.224425,35.368791],[77.224145,35.369101],[77.223906,35.36941],[77.223667,35.369718],[77.223507,35.369924],[77.223064,35.369797],[77.22262,35.36967],[77.222176,35.369543],[77.221784,35.36928],[77.221281,35.369018],[77.220838,35.368891],[77.220626,35.369211],[77.220471,35.369574],[77.220316,35.369938],[77.220161,35.370301],[77.220006,35.370664],[77.219796,35.371029],[77.219587,35.371438],[77.219376,35.371758],[77.219109,35.372078],[77.218788,35.372399],[77.218688,35.372762],[77.218589,35.373169],[77.218489,35.373532],[77.218492,35.373641],[77.218495,35.373766],[77.218407,35.373697],[77.218182,35.373372],[77.217775,35.373227],[77.217377,35.373386],[77.216948,35.373521],[77.216675,35.373716],[77.216412,35.373562],[77.215929,35.373414],[77.215541,35.373225],[77.2152,35.372996],[77.214766,35.372886],[77.214288,35.372895],[77.213811,35.372943],[77.213377,35.372833],[77.213083,35.372564],[77.212788,35.372296],[77.212354,35.372147],[77.212025,35.372388],[77.211988,35.372781],[77.212189,35.37313],[77.212438,35.373478],[77.212304,35.373833],[77.21217,35.374188],[77.212512,35.374456],[77.212991,35.374447],[77.213469,35.374439],[77.213946,35.374391],[77.214373,35.374265],[77.214799,35.374101],[77.215232,35.374171],[77.215666,35.374281],[77.21574,35.374306],[77.21555,35.374485],[77.215312,35.374844],[77.215276,35.374906],[77.215062,35.374958],[77.214634,35.375044],[77.214307,35.375325],[77.213978,35.375566],[77.213651,35.375846],[77.213276,35.376127],[77.212996,35.376407],[77.212766,35.376725],[77.212632,35.37708],[77.212548,35.377512],[77.212559,35.377904],[77.212712,35.378254],[77.212959,35.378563],[77.213394,35.378712],[77.213827,35.378782],[77.214259,35.378853],[77.214738,35.378844],[77.215217,35.378874],[77.215696,35.378905],[77.21587,35.378901],[77.215983,35.378989],[77.21642,35.379134],[77.216884,35.379125],[77.217321,35.379244],[77.217698,35.37944],[77.218133,35.379508],[77.218599,35.379575],[77.219034,35.379643],[77.219441,35.379813],[77.219234,35.380147],[77.219057,35.38048],[77.21885,35.380813],[77.218518,35.381123],[77.21831,35.381457],[77.218746,35.38155],[77.21921,35.381542],[77.219673,35.381482],[77.220168,35.381473],[77.220606,35.381643],[77.220953,35.38189],[77.22138,35.381654],[77.221556,35.381296],[77.221795,35.380987],[77.221984,35.380743],[77.222165,35.380929],[77.222221,35.380948],[77.222095,35.381204],[77.222105,35.381571],[77.222243,35.381936],[77.222692,35.381928],[77.223136,35.381762],[77.22358,35.381596],[77.223828,35.381277],[77.223931,35.381188],[77.224185,35.381196],[77.224649,35.381188],[77.224715,35.381171],[77.224856,35.381363],[77.225157,35.381645],[77.225185,35.381672],[77.225404,35.381928],[77.22545,35.381982],[77.225473,35.381982],[77.225507,35.382009],[77.225973,35.382051],[77.226437,35.382042],[77.2269,35.382008],[77.227298,35.381849],[77.227696,35.381664],[77.228029,35.381404],[77.228253,35.38123],[77.228479,35.381347],[77.228649,35.381734],[77.228899,35.382184],[77.229146,35.382505],[77.229236,35.382893],[77.229197,35.383113],[77.228941,35.383137],[77.228488,35.383179],[77.228036,35.383255],[77.227584,35.383331],[77.227131,35.383373],[77.226637,35.383416],[77.226185,35.383492],[77.225732,35.383534],[77.225349,35.38357],[77.224661,35.383835],[77.222377,35.384236],[77.220779,35.384414],[77.219796,35.384432],[77.217363,35.384716],[77.215471,35.38481],[77.212775,35.3848],[77.210684,35.384241],[77.209141,35.383792],[77.207627,35.383157],[77.206374,35.382331],[77.204199,35.380939],[77.202634,35.380543],[77.202318,35.380682],[77.202038,35.380463],[77.201701,35.380199],[77.201363,35.379934],[77.200973,35.379761],[77.20053,35.379634],[77.200088,35.379597],[77.199538,35.379607],[77.199096,35.379525],[77.198652,35.379398],[77.198467,35.379326],[77.198206,35.37918],[77.19776,35.378963],[77.197314,35.378746],[77.196866,35.378484],[77.196419,35.378221],[77.195973,35.378004],[77.195583,35.377831],[77.195192,35.377613],[77.194802,35.37744],[77.194411,35.377221],[77.194073,35.376957],[77.193627,35.37674],[77.193181,35.376522],[77.192844,35.376258],[77.192505,35.375949],[77.192277,35.375637],[77.191882,35.375284],[77.191488,35.374976],[77.19115,35.374666],[77.190754,35.374268],[77.190416,35.374004],[77.190188,35.373692],[77.189959,35.373381],[77.189785,35.373023],[77.189555,35.372667],[77.189434,35.372264],[77.189423,35.371858],[77.189468,35.371497],[77.189512,35.37109],[77.189553,35.370549],[77.189542,35.370143],[77.18954,35.370098],[77.190111,35.368826],[77.190267,35.368463],[77.190477,35.368098],[77.190688,35.367779],[77.190842,35.36737],[77.191053,35.367006],[77.191208,35.366643],[77.191419,35.366323],[77.19163,35.365959],[77.19184,35.365594],[77.191995,35.365231],[77.192262,35.364911],[77.192473,35.364591],[77.192738,35.364226],[77.193058,35.36386],[77.193325,35.363539],[77.193591,35.363219],[77.193803,35.3629],[77.194069,35.362579],[77.194224,35.362216],[77.194325,35.361854],[77.194366,35.361357],[77.194353,35.360861],[77.19435,35.360771],[77.193986,35.359516],[77.193595,35.359298],[77.193205,35.359124],[77.19296,35.358987],[77.193585,35.357801],[77.193999,35.356097],[77.194376,35.352997],[77.194133,35.348287],[77.194008,35.34367],[77.194149,35.340367],[77.195535,35.336287],[77.196009,35.33344],[77.196392,35.333502],[77.196872,35.333493],[77.197352,35.333485],[77.19788,35.333436],[77.19831,35.333349],[77.198738,35.333184],[77.199217,35.333136],[77.199789,35.332968],[77.200268,35.33288],[77.200843,35.33283],[77.201417,35.332741],[77.201894,35.332614],[77.20237,35.332448],[77.202799,35.332322],[77.203276,35.332156],[77.203752,35.33199],[77.204276,35.331823],[77.204801,35.331695],[77.20523,35.331569],[77.205659,35.331443],[77.206088,35.331317],[77.206566,35.33123],[77.206996,35.331143],[77.207475,35.331055],[77.207904,35.33093],[77.208333,35.330804],[77.208811,35.330716],[77.209336,35.330588],[77.209815,35.33054],[77.210244,35.330414],[77.210772,35.330365],[77.21125,35.330278],[77.211728,35.33019],[77.212206,35.330103],[77.212636,35.330016],[77.213116,35.329968],[77.213546,35.329881],[77.214024,35.329794],[77.214454,35.329707],[77.214978,35.32954],[77.215454,35.329374],[77.2156,35.329249],[77.218116,35.3286],[77.219992,35.327787],[77.221287,35.327066],[77.221331,35.327075],[77.221788,35.327202],[77.222243,35.327261],[77.2227,35.327388],[77.222771,35.32741],[77.223116,35.327515],[77.223533,35.327677],[77.22395,35.327838],[77.224206,35.328138],[77.224462,35.328437],[77.224717,35.328737],[77.224805,35.328825],[77.225341,35.329187],[77.226858,35.33022],[77.228124,35.331522],[77.230312,35.333444],[77.233011,35.335092],[77.234787,35.33612],[77.237924,35.337228],[77.240024,35.33825],[77.240121,35.33829],[77.24033,35.338454],[77.240707,35.33865],[77.241125,35.338879],[77.241503,35.339108],[77.241962,35.339303],[77.242378,35.33943],[77.242835,35.339523],[77.243251,35.339651],[77.243748,35.339743],[77.244164,35.33987],[77.244621,35.339963],[77.245037,35.340091],[77.245453,35.340218],[77.245869,35.340346],[77.246285,35.340473],[77.246703,35.340668],[77.24712,35.340829],[77.247497,35.341025],[77.247874,35.341255],[77.247933,35.341284],[77.248139,35.341494],[77.249408,35.342902],[77.249913,35.343085],[77.24999,35.343176],[77.250287,35.343475],[77.250507,35.343589],[77.250504,35.343659],[77.250624,35.343705],[77.251081,35.343832],[77.251497,35.343959],[77.251992,35.34395],[77.252446,35.343941],[77.252941,35.343932],[77.253394,35.343924],[77.253848,35.343915],[77.254298,35.343805],[77.254707,35.343663],[77.255157,35.343519],[77.255522,35.343309],[77.255761,35.343001],[77.256084,35.342724],[77.256448,35.342481],[77.256601,35.342427],[77.256857,35.342338],[77.25731,35.34233],[77.257764,35.342321],[77.258217,35.342279],[77.258165,35.341908],[77.257949,35.341574],[77.257611,35.341276],[77.257154,35.341149],[77.256737,35.340988],[77.25632,35.340827],[77.255903,35.340666],[77.255447,35.340607],[77.255281,35.340576],[77.25495,35.340514],[77.254494,35.340455],[77.254037,35.340329],[77.253621,35.340201],[77.253205,35.340074],[77.252828,35.339878],[77.252502,35.33974],[77.252454,35.339769],[77.25199,35.339487],[77.251909,35.339456],[77.251492,35.339294],[77.251033,35.339134],[77.250576,35.339007],[77.250158,35.338812],[77.24974,35.338617],[77.249323,35.338456],[77.248905,35.338261],[77.248488,35.3381],[77.24803,35.337939],[77.247614,35.337812],[77.247197,35.33765],[77.246739,35.33749],[77.246321,35.337295],[77.245905,35.337167],[77.245447,35.337007],[77.24503,35.336879],[77.244573,35.336753],[77.244117,35.33666],[77.243661,35.336567],[77.243244,35.336439],[77.242747,35.336347],[77.242331,35.33622],[77.241954,35.336024],[77.241454,35.33583],[77.241077,35.335634],[77.2407,35.335439],[77.240323,35.335209],[77.23982,35.334914],[77.239482,35.33465],[77.239286,35.334496],[77.239485,35.334354],[77.23985,35.334144],[77.240278,35.333959],[77.240611,35.333699],[77.240913,35.333415],[77.241277,35.333155],[77.24167,35.332843],[77.242036,35.332634],[77.242401,35.332399],[77.24264,35.33209],[77.242878,35.331756],[77.243179,35.331471],[77.243418,35.331163],[77.243586,35.330526],[77.243332,35.330277],[77.242463,35.330166],[77.242432,35.330167],[77.241967,35.33015],[77.241503,35.330134],[77.241039,35.330142],[77.240512,35.330101],[77.240017,35.33011],[77.239553,35.330119],[77.239059,35.330128],[77.238694,35.330388],[77.238455,35.330697],[77.23828,35.331055],[77.238166,35.331412],[77.238392,35.331763],[77.238587,35.332114],[77.238721,35.332467],[77.238608,35.332849],[77.238494,35.333232],[77.23835,35.333589],[77.238297,35.333854],[77.237927,35.333597],[77.237611,35.333349],[77.237506,35.333301],[77.23709,35.333173],[77.236674,35.333046],[77.236258,35.332918],[77.235841,35.332757],[77.235425,35.332629],[77.235009,35.332502],[77.234696,35.332356],[77.234631,35.332357],[77.232922,35.331381],[77.231214,35.330458],[77.230025,35.329578],[77.22878,35.329018],[77.22726,35.327879],[77.227004,35.327506],[77.226782,35.327313],[77.226485,35.327014],[77.226229,35.326714],[77.22581,35.326485],[77.225473,35.326221],[77.225096,35.325992],[77.22468,35.325864],[77.224223,35.325771],[77.224059,35.325762],[77.224673,35.325438],[77.225465,35.324997],[77.227513,35.324538],[77.22942,35.324856],[77.231323,35.325033],[77.233481,35.325064],[77.23495,35.325107],[77.236833,35.324578],[77.237851,35.323922],[77.239711,35.322544],[77.241069,35.321741],[77.242535,35.321714],[77.244264,35.321823],[77.245216,35.321947],[77.246437,35.322419],[77.24757,35.322823],[77.248631,35.323722],[77.24865,35.324429],[77.247555,35.325369],[77.247588,35.32657],[77.248382,35.327192],[77.249436,35.327879],[77.249406,35.328262],[77.249463,35.32829],[77.249853,35.328463],[77.2499,35.328489],[77.249795,35.32858],[77.249636,35.329001],[77.249563,35.32942],[77.249489,35.329839],[77.249068,35.329987],[77.248557,35.329926],[77.248207,35.329585],[77.248111,35.329168],[77.247931,35.328823],[77.247666,35.32848],[77.247238,35.328348],[77.24689,35.328076],[77.246542,35.327804],[77.246029,35.327674],[77.245515,35.327544],[77.24525,35.327201],[77.244986,35.326858],[77.244638,35.326585],[77.244478,35.326937],[77.24432,35.327358],[77.244331,35.327775],[77.244343,35.328193],[77.244354,35.328611],[77.244366,35.329029],[77.244377,35.329447],[77.244389,35.329865],[77.244486,35.330281],[77.244582,35.330697],[77.244762,35.331042],[77.244915,35.331241],[77.24447,35.331143],[77.244009,35.331279],[77.243833,35.331611],[77.243843,35.331991],[77.243699,35.332374],[77.243335,35.332635],[77.24297,35.332844],[77.242981,35.33325],[77.243298,35.333523],[77.243792,35.333488],[77.244255,35.333454],[77.244719,35.333446],[77.245214,35.333436],[77.24564,35.3332],[77.246006,35.332991],[77.246245,35.332682],[77.246225,35.332372],[77.246332,35.332476],[77.246613,35.332696],[77.246586,35.332726],[77.246441,35.333084],[77.246266,35.333442],[77.245965,35.333752],[77.245788,35.334085],[77.245675,35.334442],[77.245777,35.334795],[77.246241,35.334786],[77.246705,35.334778],[77.247169,35.334769],[77.247455,35.335068],[77.247772,35.335341],[77.248137,35.335106],[77.24847,35.334846],[77.248803,35.334587],[77.249115,35.333936],[77.249178,35.333956],[77.249692,35.334086],[77.249714,35.334091],[77.249602,35.334369],[77.249301,35.334679],[77.249094,35.335038],[77.24898,35.335395],[77.249022,35.335774],[77.249309,35.336073],[77.249656,35.33632],[77.250003,35.336567],[77.250467,35.336559],[77.250643,35.336226],[77.250757,35.335869],[77.250808,35.335487],[77.250953,35.33513],[77.251036,35.334773],[77.251026,35.334393],[77.251146,35.334407],[77.251577,35.334608],[77.251757,35.334953],[77.251936,35.335298],[77.252201,35.335641],[77.252466,35.335985],[77.252813,35.336257],[77.253161,35.336529],[77.253509,35.336801],[77.253856,35.337074],[77.254204,35.337346],[77.254552,35.337618],[77.254899,35.33789],[77.255419,35.338229],[77.25585,35.33843],[77.256278,35.338561],[77.256707,35.338692],[77.257221,35.338822],[77.257737,35.339022],[77.25825,35.339151],[77.258681,35.339352],[77.25911,35.339484],[77.259541,35.339685],[77.259971,35.339886],[77.2604,35.340017],[77.260427,35.340294],[77.260438,35.340714],[77.260703,35.341024],[77.260906,35.341387],[77.260788,35.341757],[77.260606,35.342128],[77.260426,35.342552],[77.260436,35.342919],[77.260529,35.343164],[77.26063,35.343033],[77.26062,35.342659],[77.260761,35.342283],[77.261055,35.341904],[77.261044,35.341531],[77.261186,35.341155],[77.261327,35.340779],[77.261779,35.340646],[77.262167,35.340639],[77.262235,35.340638],[77.262687,35.340505],[77.263135,35.340248],[77.263584,35.33999],[77.264032,35.339733],[77.264173,35.339357],[77.264467,35.338978],[77.264915,35.338721],[77.265057,35.338345],[77.265198,35.337969],[77.265339,35.337593],[77.265329,35.337219],[77.265319,35.336846],[77.265309,35.336516],[77.264942,35.336727],[77.264696,35.337045],[77.264515,35.337414],[77.264205,35.337734],[77.263993,35.337759],[77.26399,35.33765],[77.263894,35.337234],[77.263461,35.336964],[77.262953,35.337043],[77.262534,35.33726],[77.262103,35.337059],[77.261839,35.336715],[77.261659,35.33637],[77.26165,35.336032],[77.262052,35.335987],[77.262488,35.335844],[77.262977,35.335609],[77.263356,35.335422],[77.263622,35.335102],[77.263667,35.33474],[77.263712,35.334379],[77.263701,35.333973],[77.263636,35.333614],[77.263415,35.333272],[77.263443,35.333271],[77.263951,35.333192],[77.264283,35.332907],[77.264615,35.332622],[77.264687,35.332133],[77.264505,35.331719],[77.264157,35.331447],[77.26364,35.331178],[77.263209,35.330977],[77.262776,35.330706],[77.262429,35.330434],[77.262081,35.330162],[77.261647,35.329821],[77.261297,35.32948],[77.260949,35.329207],[77.26077,35.328862],[77.26059,35.328517],[77.26041,35.328172],[77.25998,35.327971],[77.259715,35.327628],[77.259535,35.327283],[77.259524,35.326865],[77.25968,35.326375],[77.259669,35.325957],[77.259572,35.325541],[77.259305,35.325128],[77.259209,35.324711],[77.259029,35.324366],[77.259018,35.323948],[77.258921,35.323532],[77.258824,35.323116],[77.258813,35.322698],[77.258876,35.322559],[77.258952,35.322542],[77.258837,35.322281],[77.258379,35.322165],[77.258216,35.321795],[77.258142,35.321776],[77.257942,35.321948],[77.257781,35.322299],[77.257449,35.322584],[77.25703,35.322801],[77.256698,35.323086],[77.256281,35.323373],[77.256123,35.323794],[77.255963,35.324145],[77.255717,35.324498],[77.255211,35.324647],[77.254705,35.324795],[77.254284,35.324943],[77.254208,35.325008],[77.25404,35.324779],[77.253701,35.324425],[77.253472,35.324114],[77.25308,35.323851],[77.252742,35.323586],[77.252514,35.323275],[77.252285,35.322964],[77.252056,35.322653],[77.251828,35.322341],[77.251653,35.321984],[77.251424,35.321673],[77.251196,35.321362],[77.251009,35.321107],[77.250967,35.32105],[77.25063,35.320786],[77.250238,35.320523],[77.249845,35.32026],[77.249508,35.319996],[77.249171,35.319732],[77.248887,35.319421],[77.248549,35.319112],[77.248265,35.318802],[77.247928,35.318538],[77.247806,35.318427],[77.24759,35.318229],[77.247252,35.317965],[77.246861,35.317746],[77.246415,35.317529],[77.246078,35.317265],[77.245633,35.317093],[77.245139,35.317102],[77.244644,35.317112],[77.244149,35.317121],[77.243712,35.317219],[77.243333,35.317406],[77.242953,35.317594],[77.242573,35.317781],[77.24247,35.317869],[77.242438,35.317708],[77.242258,35.317363],[77.241994,35.31702],[77.241559,35.316679],[77.241127,35.316409],[77.240779,35.316136],[77.240598,35.315722],[77.240758,35.31537],[77.241003,35.315017],[77.241421,35.314731],[77.241926,35.314582],[77.242347,35.314435],[77.242853,35.314286],[77.243363,35.314277],[77.243873,35.314267],[77.244468,35.314256],[77.244977,35.314247],[77.245572,35.314236],[77.246082,35.314226],[77.246676,35.314215],[77.247182,35.314067],[77.24769,35.313988],[77.2482,35.313978],[77.248713,35.314108],[77.249144,35.314309],[77.249573,35.31444],[77.250005,35.314711],[77.250434,35.314842],[77.250863,35.314974],[77.251293,35.315175],[77.251724,35.315376],[77.252071,35.315648],[77.251998,35.316067],[77.251925,35.316487],[77.251679,35.31684],[77.251434,35.317192],[77.251191,35.317615],[77.251031,35.317966],[77.251127,35.318383],[77.251392,35.318726],[77.251741,35.319068],[77.251921,35.319413],[77.252351,35.319614],[77.25278,35.319745],[77.253209,35.319877],[77.25372,35.319937],[77.254141,35.31979],[77.25456,35.319573],[77.255064,35.319354],[77.255485,35.319207],[77.255904,35.31899],[77.25641,35.318841],[77.256914,35.318623],[77.25742,35.318474],[77.25746,35.318462],[77.257513,35.318323],[77.257502,35.31795],[77.257608,35.317765],[77.257233,35.317728],[77.256906,35.317472],[77.256579,35.317216],[77.256251,35.316959],[77.256049,35.316595],[77.255846,35.316232],[77.255518,35.315923],[77.255315,35.315559],[77.25505,35.315249],[77.254786,35.314939],[77.254521,35.314629],[77.254193,35.314372],[77.253991,35.314008],[77.253725,35.313646],[77.253458,35.313283],[77.253194,35.312973],[77.252991,35.312609],[77.252789,35.312245],[77.252587,35.311882],[77.252513,35.311516],[77.252059,35.311314],[77.251607,35.311217],[77.251159,35.311226],[77.250647,35.311235],[77.250199,35.311244],[77.249751,35.311252],[77.249237,35.311209],[77.248789,35.311217],[77.248341,35.311226],[77.24789,35.311129],[77.247312,35.311087],[77.246861,35.310991],[77.246346,35.310895],[77.245895,35.310799],[77.245505,35.310596],[77.245113,35.31034],[77.244661,35.310191],[77.244207,35.30999],[77.243756,35.309893],[77.243305,35.309796],[77.242852,35.309647],[77.242337,35.309552],[77.241947,35.309349],[77.241495,35.3092],[77.241105,35.308997],[77.240651,35.308796],[77.240261,35.308593],[77.239871,35.30839],[77.239417,35.308188],[77.238964,35.308039],[77.238637,35.307783],[77.23831,35.307526],[77.238045,35.307216],[77.237779,35.306853],[77.23745,35.306544],[77.237312,35.306179],[77.237174,35.305814],[77.236906,35.305399],[77.236768,35.305034],[77.236564,35.304618],[77.236362,35.304254],[77.236288,35.303888],[77.236214,35.303522],[77.236075,35.303157],[77.235962,35.303024],[77.23569,35.303069],[77.236057,35.304524],[77.236563,35.305708],[77.235545,35.305757],[77.234104,35.304978],[77.233713,35.305284],[77.235051,35.306303],[77.235618,35.307068],[77.23527,35.307671],[77.235442,35.308104],[77.235781,35.308213],[77.236012,35.308571],[77.236133,35.308932],[77.236143,35.309295],[77.236153,35.309658],[77.236052,35.310022],[77.23592,35.310372],[77.235777,35.310446],[77.235356,35.310593],[77.234852,35.310812],[77.234722,35.310999],[77.234307,35.311052],[77.232674,35.311246],[77.230036,35.310206],[77.228398,35.310237],[77.227212,35.311036],[77.226471,35.312323],[77.225404,35.314323],[77.225429,35.315241],[77.225811,35.316578],[77.225154,35.317792],[77.224922,35.318787],[77.224608,35.319924],[77.224138,35.32163],[77.222888,35.323279],[77.221277,35.324299],[77.219236,35.325397],[77.216586,35.326294],[77.214539,35.32718],[77.212477,35.327501],[77.212312,35.327737],[77.212095,35.327781],[77.211568,35.32783],[77.211139,35.327956],[77.210708,35.328043],[77.210278,35.328129],[77.209799,35.328178],[77.209322,35.328304],[77.208843,35.328353],[77.208413,35.328439],[77.207982,35.328526],[77.207455,35.328575],[77.206977,35.328662],[77.206452,35.32879],[77.205925,35.328839],[77.205398,35.328927],[77.204921,35.329054],[77.204395,35.329143],[77.20387,35.32927],[77.203391,35.329318],[77.202914,35.329445],[77.202435,35.329533],[77.201907,35.329542],[77.201477,35.329629],[77.200998,35.329677],[77.200521,35.329804],[77.200041,35.329852],[77.199562,35.3299],[77.199083,35.329948],[77.198653,35.330035],[77.198224,35.330161],[77.197794,35.330287],[77.197315,35.330335],[77.196788,35.330384],[77.196493,35.330471],[77.197015,35.327209],[77.197508,35.324183],[77.199018,35.320478],[77.200291,35.316495],[77.200792,35.313751],[77.202036,35.308731],[77.203313,35.304936],[77.204578,35.30067],[77.206542,35.296769],[77.208195,35.294099],[77.20949,35.290963],[77.209781,35.288978],[77.209111,35.285502],[77.209095,35.280693],[77.209011,35.277583],[77.209373,35.273994],[77.208725,35.271271],[77.207029,35.268096],[77.205351,35.265581],[77.202639,35.263085],[77.20005,35.260869],[77.198398,35.259296],[77.197306,35.257147],[77.196328,35.254996],[77.194953,35.254087],[77.192019,35.253185],[77.188572,35.252452],[77.185654,35.252134],[77.184646,35.25072],[77.183106,35.248732],[77.182977,35.246348],[77.184682,35.244832],[77.187029,35.243145],[77.188804,35.24184],[77.189886,35.241184],[77.191307,35.241159],[77.190717,35.238464],[77.189394,35.237321],[77.187714,35.237352],[77.185788,35.237864],[77.184245,35.238157],[77.182542,35.237339],[77.180999,35.235246],[77.180376,35.233719],[77.179921,35.231181],[77.181545,35.229083],[77.182293,35.228062],[77.185272,35.223447],[77.188401,35.219625],[77.191495,35.216917],[77.194269,35.214321],[77.196097,35.212622],[77.198054,35.21089],[77.199959,35.209635],[77.202417,35.20731],[77.204377,35.205736],[77.205238,35.204129],[77.205652,35.2027],[77.204685,35.20118],[77.202748,35.199659],[77.200739,35.198635],[77.198292,35.197336],[77.195006,35.1969],[77.193198,35.196933],[77.19245,35.197937],[77.189713,35.198694],[77.186198,35.199323],[77.184341,35.200771],[77.182676,35.202922],[77.180583,35.205223],[77.17838,35.206606],[77.175241,35.208431],[77.172435,35.209825],[77.169956,35.210576],[77.168424,35.211311],[77.166945,35.210772],[77.165137,35.210804],[77.163942,35.21125],[77.163822,35.213232],[77.16395,35.214785],[77.162267,35.216301],[77.160059,35.217542],[77.158353,35.218209],[77.158218,35.219626],[77.158851,35.220746],[77.158969,35.221946],[77.15819,35.225072],[77.157293,35.226997],[77.156256,35.230127],[77.155284,35.232478],[77.154752,35.235175],[77.153594,35.237034],[77.152858,35.238532],[77.152314,35.239461],[77.151038,35.24012],[77.151217,35.240472],[77.149799,35.240599],[77.147048,35.24086],[77.143084,35.240931],[77.13782,35.24067],[77.13109,35.240435],[77.125392,35.240111],[77.121495,35.239402],[77.116937,35.238138],[77.113899,35.237343],[77.111106,35.235977],[77.107346,35.233921],[77.104386,35.23277],[77.101501,35.231194],[77.101205,35.230889],[77.101197,35.230588],[77.101115,35.23023],[77.10096,35.229874],[77.10084,35.229487],[77.100794,35.229098],[77.100784,35.228709],[77.100848,35.228349],[77.100948,35.227988],[77.101048,35.227627],[77.101111,35.227237],[77.101174,35.226877],[77.101311,35.226515],[77.101411,35.226154],[77.101585,35.225822],[77.101685,35.225461],[77.101822,35.225099],[77.101996,35.224767],[77.102169,35.224435],[77.102306,35.224073],[77.102406,35.223712],[77.102506,35.223351],[77.102606,35.22299],[77.102707,35.222629],[77.102769,35.222239],[77.102833,35.221878],[77.102933,35.221517],[77.103033,35.221156],[77.10317,35.220795],[77.103342,35.220403],[77.103442,35.220012],[77.103486,35.219739],[77.104231,35.218507],[77.105195,35.215786],[77.105983,35.213757],[77.106008,35.212638],[77.105909,35.212455],[77.105899,35.212066],[77.106183,35.211762],[77.106619,35.211694],[77.107093,35.211686],[77.107534,35.211798],[77.107973,35.21185],[77.108413,35.211932],[77.108852,35.212015],[77.109329,35.212096],[77.109769,35.212178],[77.110245,35.21226],[77.110684,35.212312],[77.111159,35.212334],[77.111205,35.212333],[77.112081,35.212144],[77.114808,35.210134],[77.117148,35.208184],[77.118973,35.206295],[77.119287,35.205972],[77.119303,35.205725],[77.119366,35.205335],[77.119393,35.204945],[77.119418,35.204526],[77.119408,35.204137],[77.119397,35.203718],[77.119365,35.203453],[77.119143,35.203278],[77.118959,35.202856],[77.118945,35.20229],[77.119106,35.201862],[77.119333,35.201569],[77.119252,35.201584],[77.118767,35.201593],[77.11872,35.201514],[77.11849,35.201099],[77.11848,35.201082],[77.118377,35.201112],[77.118341,35.200952],[77.118006,35.200689],[77.117567,35.200636],[77.117092,35.200615],[77.116618,35.200623],[77.116108,35.200632],[77.115672,35.200729],[77.115276,35.200916],[77.115223,35.201056],[77.115084,35.201036],[77.1145,35.200966],[77.114433,35.200967],[77.114228,35.200597],[77.113929,35.200303],[77.113702,35.199949],[77.11362,35.199592],[77.113609,35.199174],[77.113672,35.198814],[77.113662,35.198396],[77.11358,35.198039],[77.113569,35.197621],[77.113487,35.197264],[77.113405,35.196907],[77.113394,35.196489],[77.113166,35.196134],[77.112728,35.196082],[77.112665,35.196442],[77.112676,35.19686],[77.112686,35.197278],[77.112623,35.197637],[77.112634,35.198055],[77.112645,35.198473],[77.112655,35.198891],[77.112666,35.199309],[77.11253,35.19967],[77.112467,35.20003],[77.112405,35.200449],[77.112559,35.200805],[77.112787,35.201159],[77.112942,35.201515],[77.112961,35.201567],[77.11277,35.201634],[77.112388,35.201879],[77.112007,35.202125],[77.11153,35.202452],[77.111148,35.202698],[77.110766,35.202943],[77.110552,35.203188],[77.110366,35.203253],[77.109885,35.203421],[77.109993,35.203817],[77.110292,35.20413],[77.110779,35.204202],[77.111361,35.204191],[77.111846,35.204183],[77.112331,35.204175],[77.112821,35.204325],[77.113385,35.204469],[77.112555,35.205506],[77.112321,35.205944],[77.112349,35.206176],[77.112359,35.206565],[77.112039,35.20687],[77.111722,35.207067],[77.111679,35.207094],[77.111634,35.207214],[77.11157,35.207573],[77.111508,35.207993],[77.111299,35.208355],[77.11109,35.208717],[77.110807,35.209021],[77.110524,35.209324],[77.110242,35.209688],[77.110033,35.21005],[77.109601,35.210236],[77.109166,35.210304],[77.108656,35.210313],[77.108147,35.210322],[77.107636,35.210271],[77.107198,35.210219],[77.10676,35.210166],[77.106322,35.210114],[77.105952,35.209882],[77.10587,35.209525],[77.105859,35.209107],[77.105777,35.20875],[77.105766,35.208332],[77.105684,35.207975],[77.105601,35.207558],[77.105519,35.207201],[77.105508,35.206783],[77.105497,35.206365],[77.105706,35.206003],[77.106064,35.205757],[77.106442,35.205594],[77.106715,35.205627],[77.10715,35.205559],[77.10736,35.205197],[77.107643,35.204894],[77.107852,35.204531],[77.107988,35.204171],[77.108197,35.203809],[77.10848,35.203505],[77.108689,35.203143],[77.109118,35.202837],[77.109402,35.202533],[77.109683,35.20217],[77.109892,35.201807],[77.110029,35.201447],[77.110165,35.201086],[77.110445,35.200663],[77.110654,35.2003],[77.110738,35.200038],[77.110793,35.200059],[77.111959,35.200098],[77.111885,35.20004],[77.111586,35.199747],[77.111143,35.199515],[77.1107,35.199284],[77.110546,35.198928],[77.110391,35.198572],[77.110307,35.198156],[77.110153,35.1978],[77.110071,35.197443],[77.109988,35.197086],[77.10969,35.196792],[77.109332,35.197038],[77.109269,35.197397],[77.10928,35.197815],[77.109216,35.198175],[77.109227,35.198593],[77.109382,35.198949],[77.109609,35.199303],[77.109981,35.199595],[77.110352,35.199888],[77.109995,35.200133],[77.109637,35.200378],[77.109281,35.200683],[77.108923,35.200928],[77.108491,35.201115],[77.108337,35.200759],[77.1084,35.2004],[77.108389,35.199981],[77.108306,35.199565],[77.108224,35.199208],[77.107996,35.198853],[77.107557,35.198741],[77.107264,35.198787],[77.106962,35.198469],[77.106473,35.198318],[77.106079,35.198086],[77.10559,35.197935],[77.105101,35.197784],[77.104614,35.197713],[77.104129,35.197722],[77.103644,35.19773],[77.103155,35.197579],[77.102666,35.197428],[77.102271,35.197196],[77.101877,35.196964],[77.101388,35.196813],[77.100901,35.196742],[77.100313,35.196513],[77.099822,35.196283],[77.099428,35.196051],[77.099033,35.195819],[77.098731,35.195629],[77.098909,35.195573],[77.098999,35.195476],[77.098794,35.195373],[77.098487,35.195109],[77.098287,35.194775],[77.098168,35.194418],[77.09805,35.194061],[77.097931,35.193704],[77.097866,35.193323],[77.097857,35.192942],[77.097902,35.192582],[77.098049,35.19236],[77.098151,35.192064],[77.098178,35.192063],[77.098443,35.192095],[77.098466,35.191939],[77.098675,35.191577],[77.098811,35.191216],[77.098918,35.19103],[77.098514,35.190982],[77.098005,35.190991],[77.097567,35.190939],[77.097057,35.190948],[77.09682,35.191202],[77.096444,35.19117],[77.096334,35.191161],[77.096005,35.191133],[77.095566,35.191096],[77.095101,35.191081],[77.094663,35.191044],[77.094223,35.190962],[77.093754,35.190813],[77.093341,35.190685],[77.09322,35.190656],[77.093349,35.190612],[77.093731,35.190366],[77.094113,35.19012],[77.094595,35.190032],[77.095076,35.189865],[77.09526,35.189463],[77.095339,35.189291],[77.095427,35.189273],[77.097047,35.187849],[77.098239,35.186696],[77.09868,35.186616],[77.099165,35.186608],[77.09965,35.186599],[77.100135,35.186591],[77.10062,35.186582],[77.101105,35.186574],[77.101588,35.186486],[77.102071,35.186398],[77.102554,35.18631],[77.102935,35.186064],[77.102925,35.185666],[77.102915,35.185268],[77.103,35.184788],[77.103183,35.184387],[77.10327,35.183987],[77.103454,35.183586],[77.103346,35.183189],[77.102915,35.182987],[77.102772,35.182498],[77.102269,35.18193],[77.102287,35.18191],[77.101987,35.181721],[77.101617,35.181488],[77.101102,35.181258],[77.100661,35.181087],[77.100291,35.180854],[77.100063,35.1805],[77.099981,35.180143],[77.099754,35.179788],[77.099527,35.179434],[77.099084,35.179202],[77.098645,35.17909],[77.098205,35.178979],[77.097766,35.178867],[77.097396,35.178634],[77.097097,35.178341],[77.09687,35.177986],[77.096641,35.177572],[77.096413,35.177217],[77.096331,35.17686],[77.096321,35.176442],[77.096326,35.176409],[77.096116,35.176413],[77.095944,35.176113],[77.095693,35.175798],[77.095606,35.17574],[77.0956,35.175485],[77.095396,35.17509],[77.095288,35.174694],[77.095082,35.174219],[77.094975,35.173823],[77.094965,35.173425],[77.094955,35.173027],[77.095041,35.172627],[77.095128,35.172227],[77.095215,35.171827],[77.095302,35.171428],[77.095388,35.171028],[77.095184,35.170633],[77.094885,35.170319],[77.094394,35.170089],[77.093905,35.169938],[77.093509,35.169626],[77.093305,35.169232],[77.093006,35.168918],[77.092515,35.168688],[77.091933,35.168698],[77.091448,35.168706],[77.090864,35.168636],[77.09038,35.168645],[77.089895,35.168653],[77.089408,35.168582],[77.088919,35.168431],[77.088438,35.168599],[77.088056,35.168844],[77.087675,35.16909],[77.087293,35.169335],[77.086812,35.169503],[77.08643,35.169749],[77.086148,35.170072],[77.085671,35.170399],[77.085388,35.170722],[77.085274,35.171024],[77.084981,35.171204],[77.084572,35.171356],[77.084224,35.171604],[77.083936,35.1719],[77.083709,35.172243],[77.083361,35.172491],[77.08289,35.172499],[77.082473,35.172361],[77.082113,35.172125],[77.081694,35.17189],[77.081276,35.171703],[77.080858,35.171517],[77.080385,35.171476],[77.079915,35.171533],[77.079444,35.171589],[77.078974,35.171646],[77.078445,35.171752],[77.077976,35.171857],[77.077449,35.172011],[77.07704,35.172164],[77.076631,35.172316],[77.076221,35.172468],[77.075754,35.17267],[77.075285,35.172775],[77.074817,35.172928],[77.074349,35.173082],[77.073882,35.173284],[77.073473,35.173436],[77.072946,35.17359],[77.072478,35.173744],[77.071952,35.173946],[77.071542,35.174099],[77.071133,35.174251],[77.070607,35.174454],[77.070201,35.174703],[77.069791,35.174855],[77.069323,35.175009],[77.068915,35.17521],[77.068506,35.175362],[77.068097,35.175514],[77.067749,35.175762],[77.067675,35.175913],[77.067538,35.175867],[77.067064,35.175778],[77.066593,35.175835],[77.066124,35.175939],[77.065714,35.176092],[77.065244,35.176148],[77.064834,35.176301],[77.064365,35.176405],[77.063858,35.176507],[77.063461,35.176514],[77.062875,35.176669],[77.062346,35.176775],[77.061877,35.17688],[77.061405,35.176888],[77.060819,35.177043],[77.060289,35.177101],[77.059701,35.177159],[77.059171,35.177217],[77.05864,35.177226],[77.058053,35.177333],[77.057523,35.17739],[77.056982,35.177444],[77.056525,35.177302],[77.056081,35.177237],[77.055637,35.177172],[77.055194,35.177179],[77.054752,35.177187],[77.054309,35.177194],[77.053823,35.177202],[77.053381,35.17721],[77.052938,35.177218],[77.052452,35.177226],[77.052012,35.177342],[77.051901,35.177743],[77.051519,35.177976],[77.051292,35.178319],[77.051065,35.178711],[77.050656,35.178863],[77.050248,35.179064],[77.04978,35.179217],[77.049312,35.17937],[77.048846,35.179621],[77.048498,35.179869],[77.04815,35.180117],[77.047741,35.180269],[77.047333,35.18047],[77.046985,35.180718],[77.046639,35.181014],[77.04647,35.181356],[77.046625,35.181599],[77.04656,35.181698],[77.046391,35.18204],[77.046223,35.182382],[77.046232,35.182769],[77.046242,35.183157],[77.046311,35.183543],[77.04638,35.18393],[77.046508,35.184364],[77.046577,35.18475],[77.046646,35.185136],[77.046418,35.185479],[77.045949,35.185584],[77.045477,35.185592],[77.045357,35.185594],[77.045336,35.18554],[77.044933,35.185356],[77.04466,35.185061],[77.044484,35.184682],[77.044277,35.184359],[77.044135,35.184007],[77.044027,35.183654],[77.043721,35.18336],[77.0435,35.183234],[77.043393,35.18283],[77.043383,35.182432],[77.043373,35.182034],[77.042979,35.181801],[77.04249,35.18165],[77.042003,35.181579],[77.041621,35.181824],[77.041241,35.182149],[77.040861,35.182474],[77.040479,35.18272],[77.039998,35.182887],[77.039515,35.182975],[77.039032,35.183063],[77.038551,35.18323],[77.038268,35.183554],[77.038271,35.183668],[77.038119,35.1837],[77.038098,35.183708],[77.037979,35.183638],[77.037486,35.183328],[77.036997,35.183177],[77.036512,35.183185],[77.036309,35.183256],[77.036212,35.183105],[77.035779,35.18303],[77.035352,35.183201],[77.034992,35.183425],[77.03453,35.183542],[77.034102,35.183658],[77.033639,35.18372],[77.033176,35.183783],[77.032781,35.183953],[77.032387,35.184123],[77.031926,35.184267],[77.0315,35.184492],[77.031429,35.184542],[77.031229,35.184251],[77.030729,35.184178],[77.030267,35.184295],[77.029838,35.184384],[77.029375,35.184446],[77.028911,35.184481],[77.028446,35.184462],[77.02798,35.184415],[77.027514,35.184395],[77.027085,35.184484],[77.026674,35.184559],[77.026654,35.184519],[77.02622,35.18439],[77.025754,35.18437],[77.025257,35.184379],[77.024792,35.184386],[77.024364,35.18453],[77.024173,35.18486],[77.023984,35.185245],[77.023913,35.18552],[77.02373,35.185712],[77.023673,35.186095],[77.023616,35.186477],[77.023526,35.18686],[77.023268,35.187192],[77.02301,35.187496],[77.022685,35.187747],[77.022292,35.187971],[77.021898,35.188168],[77.021539,35.188392],[77.021247,35.18867],[77.021157,35.189053],[77.020899,35.189357],[77.020472,35.189555],[77.020391,35.18965],[77.02014,35.18956],[77.019802,35.189321],[77.019628,35.188969],[77.019718,35.188614],[77.020078,35.18839],[77.020404,35.188139],[77.020394,35.18773],[77.020121,35.187435],[77.019815,35.18714],[77.019411,35.186929],[77.018943,35.186773],[77.018443,35.1867],[77.018009,35.186598],[77.017574,35.186469],[77.017697,35.186086],[77.018159,35.185942],[77.018689,35.185933],[77.019153,35.185898],[77.019587,35.185972],[77.01999,35.186184],[77.020361,35.186395],[77.020634,35.186691],[77.020841,35.187041],[77.021277,35.187225],[77.021711,35.187299],[77.022138,35.187129],[77.022396,35.186825],[77.022553,35.186441],[77.02271,35.186084],[77.022901,35.185753],[77.023124,35.185395],[77.023315,35.185065],[77.023539,35.184734],[77.02353,35.184353],[77.023095,35.184197],[77.022661,35.184122],[77.022228,35.184048],[77.021761,35.183974],[77.021295,35.183927],[77.02083,35.18388],[77.020396,35.183806],[77.01993,35.183759],[77.019431,35.183713],[77.018967,35.183721],[77.018502,35.183728],[77.017971,35.183737],[77.017507,35.183772],[77.017114,35.18397],[77.01699,35.184326],[77.016867,35.18471],[77.01661,35.185068],[77.016285,35.185346],[77.015959,35.185597],[77.015769,35.185954],[77.015578,35.186284],[77.015421,35.186641],[77.015163,35.186945],[77.01477,35.18717],[77.014377,35.187394],[77.014119,35.187726],[77.014261,35.188078],[77.014534,35.188373],[77.014872,35.18864],[77.015145,35.188935],[77.015254,35.189315],[77.015197,35.189697],[77.015058,35.190013],[77.014839,35.189976],[77.014405,35.189874],[77.013937,35.189746],[77.013533,35.189534],[77.013034,35.189488],[77.01257,35.189496],[77.01221,35.18972],[77.011986,35.19005],[77.011862,35.190407],[77.011705,35.190791],[77.011748,35.191172],[77.011824,35.191552],[77.012194,35.191764],[77.012725,35.191755],[77.013322,35.191745],[77.013693,35.191984],[77.013603,35.19234],[77.013513,35.192723],[77.013589,35.193131],[77.013764,35.193509],[77.014167,35.193666],[77.014664,35.193631],[77.015161,35.193622],[77.015596,35.193724],[77.015695,35.193795],[77.015634,35.193925],[77.015477,35.194282],[77.015486,35.194663],[77.015759,35.194959],[77.016258,35.195005],[77.016822,35.194995],[77.017321,35.195014],[77.017751,35.195007],[77.017786,35.195023],[77.018188,35.19518],[77.01859,35.195337],[77.019025,35.195466],[77.019458,35.19554],[77.019702,35.195523],[77.020124,35.195622],[77.020558,35.195696],[77.02102,35.195579],[77.021448,35.195436],[77.021876,35.19532],[77.022375,35.195339],[77.022874,35.195385],[77.023373,35.195431],[77.023865,35.195423],[77.023959,35.195469],[77.024041,35.195623],[77.024156,35.195952],[77.024331,35.196303],[77.024439,35.196656],[77.024548,35.197036],[77.024592,35.197471],[77.024602,35.197852],[77.024579,35.198262],[77.024557,35.198698],[77.024466,35.199054],[77.024476,35.199462],[77.024419,35.199845],[77.024401,35.199964],[77.024221,35.200149],[77.02333,35.20088],[77.023008,35.201064],[77.022499,35.201073],[77.022303,35.201023],[77.022295,35.20071],[77.022285,35.200312],[77.022372,35.199912],[77.022363,35.199514],[77.022353,35.199115],[77.022246,35.198719],[77.022042,35.198324],[77.021935,35.197928],[77.021636,35.197614],[77.021529,35.197217],[77.021422,35.196821],[77.021123,35.196507],[77.020634,35.196356],[77.020052,35.196366],[77.019681,35.196372],[77.01931,35.196262],[77.018846,35.19627],[77.01838,35.19625],[77.017883,35.196259],[77.017385,35.196267],[77.01692,35.196275],[77.016487,35.1962],[77.016019,35.196072],[77.01555,35.195916],[77.015236,35.195752],[77.015183,35.195756],[77.014711,35.195824],[77.014352,35.196069],[77.014269,35.196172],[77.01387,35.196178],[77.013408,35.196295],[77.013307,35.196358],[77.013169,35.196195],[77.012775,35.19599],[77.012382,35.195784],[77.01186,35.19558],[77.011337,35.195376],[77.01107,35.195062],[77.011008,35.19505],[77.010882,35.194821],[77.010695,35.194437],[77.010451,35.194101],[77.010146,35.193719],[77.009785,35.193434],[77.009253,35.193395],[77.008844,35.193547],[77.008676,35.193937],[77.008627,35.194326],[77.008577,35.194714],[77.008587,35.195101],[77.00848,35.195539],[77.008371,35.195929],[77.008144,35.196272],[77.007856,35.196567],[77.007596,35.196879],[77.007605,35.197244],[77.007615,35.197668],[77.007496,35.198095],[77.007245,35.198418],[77.006995,35.198741],[77.006612,35.19896],[77.006361,35.199282],[77.005978,35.199501],[77.005598,35.199826],[77.005218,35.200151],[77.004837,35.200476],[77.004457,35.200801],[77.004077,35.201126],[77.003826,35.201449],[77.003575,35.201772],[77.003324,35.202094],[77.003205,35.202521],[77.00296,35.203056],[77.002841,35.203483],[77.002722,35.20391],[77.002603,35.204337],[77.002613,35.204762],[77.002494,35.205188],[77.002244,35.205511],[77.002125,35.205938],[77.001874,35.206261],[77.001595,35.206499],[77.001493,35.206653],[77.001145,35.206901],[77.000738,35.20715],[77.00033,35.207399],[77.000043,35.207694],[76.999694,35.207942],[76.999625,35.208014],[76.999227,35.208144],[76.998757,35.208248],[76.998409,35.208496],[76.998061,35.208744],[76.998012,35.209133],[76.998021,35.20952],[76.997972,35.209909],[76.997803,35.210251],[76.997515,35.210546],[76.997227,35.210841],[76.996879,35.211089],[76.996651,35.211432],[76.996483,35.211774],[76.996493,35.21221],[76.996679,35.212546],[76.996982,35.21288],[76.997032,35.212949],[76.996751,35.213094],[76.996282,35.213231],[76.99581,35.213239],[76.995336,35.213182],[76.99486,35.212996],[76.994306,35.212876],[76.99383,35.212755],[76.993358,35.212762],[76.99297,35.212963],[76.992741,35.213289],[76.992695,35.213329],[76.992597,35.212964],[76.992393,35.212569],[76.992284,35.212093],[76.992081,35.211698],[76.991877,35.211303],[76.991673,35.210907],[76.991374,35.210594],[76.991161,35.210426],[76.990864,35.210554],[76.990481,35.210773],[76.990098,35.210992],[76.989718,35.211316],[76.989338,35.211641],[76.989087,35.211964],[76.988935,35.212094],[76.989095,35.212283],[76.989234,35.212705],[76.989628,35.212911],[76.989767,35.213334],[76.990161,35.21354],[76.990427,35.213854],[76.990826,35.214272],[76.991219,35.214478],[76.991359,35.214901],[76.991752,35.215107],[76.992019,35.215421],[76.992285,35.215735],[76.992425,35.216158],[76.992565,35.21658],[76.992836,35.217107],[76.992976,35.21753],[76.993116,35.217952],[76.993382,35.218266],[76.993649,35.218581],[76.993789,35.219003],[76.994058,35.219424],[76.994324,35.219738],[76.994591,35.220052],[76.994858,35.220366],[76.995124,35.220681],[76.995391,35.220995],[76.995657,35.221309],[76.995797,35.221732],[76.995937,35.222154],[76.996077,35.222577],[76.995826,35.2229],[76.995965,35.223322],[76.996105,35.223745],[76.996372,35.224059],[76.996765,35.224265],[76.99742,35.224573],[76.997943,35.224777],[76.998336,35.224982],[76.998856,35.22508],[76.99925,35.225286],[76.99977,35.225384],[77.000163,35.22559],[77.000683,35.225687],[77.001079,35.225999],[77.001475,35.226311],[77.001869,35.226517],[77.002008,35.22694],[77.002275,35.227254],[77.002286,35.227679],[77.002425,35.228101],[77.002689,35.228412],[77.002776,35.228287],[77.004334,35.228816],[77.006931,35.228521],[77.007309,35.228013],[77.007307,35.22796],[77.007371,35.2276],[77.007435,35.227239],[77.007536,35.226878],[77.007673,35.226517],[77.00792,35.226183],[77.008204,35.225849],[77.008488,35.225545],[77.008773,35.225241],[77.009021,35.224938],[77.009195,35.224606],[77.009368,35.224243],[77.009504,35.223852],[77.00964,35.223431],[77.009653,35.223383],[77.009702,35.222818],[77.009876,35.22193],[77.009603,35.221934],[77.009168,35.222061],[77.008809,35.222277],[77.008374,35.222404],[77.00794,35.222531],[77.007466,35.222569],[77.006993,35.222606],[77.006522,35.222734],[77.006162,35.22295],[77.006025,35.223311],[77.005704,35.223586],[77.005269,35.223713],[77.004973,35.223718],[77.004878,35.223368],[77.004869,35.22297],[77.004956,35.22257],[77.004946,35.222172],[77.004936,35.221774],[77.004926,35.221376],[77.005014,35.220976],[77.005198,35.220575],[77.005382,35.220174],[77.005469,35.219774],[77.005467,35.219668],[77.005886,35.219661],[77.005952,35.219669],[77.005957,35.219845],[77.005966,35.220244],[77.00617,35.220638],[77.006374,35.221033],[77.006384,35.221432],[77.006588,35.221826],[77.006982,35.222059],[77.007364,35.221814],[77.007548,35.221412],[77.007442,35.221016],[77.007335,35.220619],[77.007129,35.220145],[77.00703,35.219779],[77.009389,35.218871],[77.012443,35.218443],[77.017294,35.216351],[77.019416,35.215435],[77.01951,35.214766],[77.019723,35.21461],[77.019908,35.214248],[77.019948,35.213888],[77.019938,35.213489],[77.019881,35.213131],[77.019786,35.21281],[77.019775,35.212773],[77.01962,35.212416],[77.019513,35.212019],[77.019503,35.21162],[77.019502,35.2116],[77.019697,35.211551],[77.020167,35.211478],[77.020636,35.211341],[77.021103,35.21114],[77.021649,35.210937],[77.022036,35.210672],[77.022423,35.210407],[77.022732,35.210143],[77.02296,35.209817],[77.023107,35.209426],[77.023159,35.20908],[77.02328,35.209002],[77.023663,35.208757],[77.024096,35.20855],[77.02443,35.208305],[77.024811,35.207979],[77.025145,35.207734],[77.02548,35.207489],[77.025912,35.207282],[77.026392,35.207034],[77.026825,35.206828],[77.027209,35.206622],[77.027591,35.206336],[77.027925,35.206091],[77.028259,35.205846],[77.028593,35.205561],[77.028977,35.205355],[77.029005,35.205336],[77.02936,35.205109],[77.029635,35.204977],[77.029792,35.204902],[77.030109,35.20467],[77.030223,35.204615],[77.030657,35.204488],[77.031093,35.204401],[77.031627,35.204392],[77.032114,35.204384],[77.032552,35.204416],[77.032993,35.204529],[77.033434,35.204681],[77.033923,35.204793],[77.034365,35.204945],[77.034758,35.205138],[77.035152,35.205331],[77.035595,35.205523],[77.035989,35.205716],[77.03648,35.205907],[77.036876,35.20618],[77.03727,35.206373],[77.037663,35.206566],[77.038057,35.206759],[77.038452,35.206992],[77.038798,35.207225],[77.039193,35.207458],[77.039492,35.207732],[77.039695,35.208088],[77.039714,35.208157],[77.039763,35.208179],[77.040878,35.20992],[77.040657,35.213319],[77.039051,35.216489],[77.037962,35.218481],[77.038028,35.218488],[77.037811,35.219934],[77.037496,35.22146],[77.037192,35.223419],[77.036323,35.223941],[77.035806,35.223714],[77.035511,35.223823],[77.03506,35.223937],[77.034609,35.224051],[77.034157,35.224112],[77.033839,35.224383],[77.033455,35.224603],[77.033237,35.22471],[77.033078,35.224421],[77.032778,35.224068],[77.032478,35.223714],[77.032179,35.223421],[77.031879,35.223067],[77.031725,35.222711],[77.031497,35.222357],[77.031416,35.221999],[77.031261,35.221644],[77.031251,35.221226],[77.03124,35.220808],[77.03123,35.220389],[77.031218,35.219912],[77.031279,35.219433],[77.031341,35.219013],[77.031331,35.218595],[77.031395,35.218236],[77.031459,35.217876],[77.031522,35.217517],[77.031586,35.217157],[77.03165,35.216798],[77.03128,35.216565],[77.030847,35.216692],[77.030337,35.2167],[77.030183,35.216344],[77.030101,35.215987],[77.029947,35.215631],[77.029865,35.215274],[77.029854,35.214856],[77.029554,35.214503],[77.029047,35.214571],[77.02854,35.214699],[77.028111,35.215005],[77.027902,35.215367],[77.027545,35.215672],[77.027113,35.215858],[77.026755,35.216103],[77.026399,35.216408],[77.026115,35.216711],[77.025936,35.216903],[77.025681,35.216838],[77.02524,35.216666],[77.024811,35.216972],[77.024527,35.217276],[77.024476,35.21741],[77.024311,35.217359],[77.023826,35.217367],[77.023341,35.217375],[77.022857,35.217463],[77.022374,35.217551],[77.021889,35.217559],[77.021402,35.217487],[77.020917,35.217495],[77.020535,35.217741],[77.020834,35.218054],[77.021325,35.218285],[77.021719,35.218517],[77.022018,35.218831],[77.022311,35.219011],[77.02217,35.219107],[77.021814,35.219412],[77.021532,35.219775],[77.021174,35.22002],[77.021071,35.220064],[77.020926,35.219526],[77.019039,35.219911],[77.016116,35.220172],[77.013194,35.220503],[77.0122,35.222146],[77.012508,35.224122],[77.012818,35.226238],[77.012074,35.227523],[77.01203,35.229221],[77.013526,35.230469],[77.014776,35.232217],[77.015861,35.234249],[77.014357,35.23529],[77.01414,35.23557],[77.013822,35.235841],[77.013504,35.236113],[77.013356,35.23624],[77.013072,35.236244],[77.0126,35.236252],[77.012129,35.236309],[77.011659,35.236413],[77.011128,35.236422],[77.010804,35.236454],[77.0108,35.236304],[77.01079,35.235906],[77.010781,35.235508],[77.010577,35.235113],[77.01047,35.234717],[77.010363,35.23432],[77.010256,35.233924],[77.010149,35.233527],[77.0101,35.233432],[77.010353,35.233088],[77.010563,35.232756],[77.010811,35.232452],[77.010842,35.232423],[77.010428,35.23243],[77.009911,35.232438],[77.009393,35.232447],[77.009127,35.232133],[77.009509,35.231914],[77.010022,35.231693],[77.010405,35.231474],[77.010788,35.231255],[77.011039,35.230932],[77.01118,35.230625],[77.010864,35.230176],[77.010827,35.230147],[77.010419,35.229884],[77.009979,35.229772],[77.009574,35.229629],[77.009135,35.229576],[77.008661,35.229584],[77.00815,35.229592],[77.007676,35.2296],[77.007279,35.229757],[77.00692,35.230002],[77.006783,35.230363],[77.006646,35.230725],[77.006286,35.230941],[77.005851,35.231067],[77.005415,35.231135],[77.005092,35.231251],[77.004912,35.231063],[77.004516,35.230751],[77.004025,35.23052],[77.003631,35.230288],[77.003175,35.230147],[77.003127,35.23032],[77.003138,35.230745],[77.003019,35.231172],[77.0029,35.231599],[77.00291,35.232023],[77.002791,35.23245],[77.002672,35.232877],[77.002622,35.232963],[77.002659,35.232952],[77.002668,35.233333],[77.002872,35.233727],[77.003002,35.233978],[77.002777,35.233982],[77.002292,35.23399],[77.002225,35.234019],[77.002186,35.23416],[77.001935,35.234482],[77.001816,35.234909],[77.001697,35.235336],[77.001707,35.235761],[77.001718,35.236185],[77.001467,35.236508],[77.001219,35.236937],[77.000968,35.23726],[77.000717,35.237583],[77.000334,35.237801],[77.000116,35.238081],[77.000333,35.238308],[77.00044,35.238705],[77.000547,35.239101],[77.000751,35.239496],[77.001052,35.23989],[77.001255,35.240285],[77.001687,35.240418],[77.001548,35.240699],[77.001793,35.241034],[77.002153,35.241271],[77.002397,35.241606],[77.002466,35.241992],[77.002594,35.242378],[77.002721,35.242763],[77.002966,35.243098],[77.00327,35.243481],[77.00363,35.243717],[77.004048,35.243904],[77.004466,35.244091],[77.004828,35.244375],[77.005131,35.244709],[77.005376,35.245045],[77.005738,35.245378],[77.005983,35.245713],[77.006082,35.246013],[77.006033,35.246189],[77.005907,35.246351],[77.005782,35.246512],[77.005663,35.24694],[77.005477,35.247316],[77.005417,35.247503],[77.005228,35.247746],[77.004977,35.248069],[77.004727,35.248446],[77.004658,35.248505],[77.004409,35.248717],[77.004335,35.248757],[77.004325,35.24884],[77.003503,35.25048],[77.003361,35.250476],[77.003351,35.250544],[77.003295,35.250918],[77.002847,35.251138],[77.002389,35.250986],[77.002273,35.25091],[77.0018,35.250918],[77.00169,35.250846],[77.001679,35.250419],[77.001669,35.249994],[77.001659,35.249569],[77.001648,35.249145],[77.001638,35.24872],[77.001627,35.248295],[77.001487,35.247873],[77.001218,35.247452],[77.001078,35.24703],[77.000938,35.246607],[77.000669,35.246187],[77.000402,35.245873],[77.000263,35.24545],[76.999996,35.245136],[76.999856,35.244713],[76.999716,35.244291],[76.999447,35.24387],[76.99918,35.243556],[76.99904,35.243134],[76.998647,35.242928],[76.998375,35.242401],[76.998108,35.242087],[76.997842,35.241773],[76.997572,35.241352],[76.997179,35.241146],[76.996783,35.240834],[76.99639,35.240628],[76.996081,35.240508],[76.996111,35.24037],[76.996004,35.239973],[76.995653,35.239864],[76.995595,35.239898],[76.995082,35.240119],[76.994699,35.240337],[76.99458,35.240764],[76.994197,35.240983],[76.993814,35.241202],[76.993566,35.241631],[76.993315,35.241953],[76.993114,35.242068],[76.993143,35.242091],[76.993153,35.24249],[76.992771,35.242735],[76.992388,35.24298],[76.992398,35.243378],[76.992887,35.24353],[76.993378,35.24376],[76.993866,35.243832],[76.994185,35.243879],[76.99419,35.244067],[76.994434,35.244402],[76.994562,35.244787],[76.994747,35.245123],[76.994934,35.245508],[76.995062,35.245893],[76.995247,35.246229],[76.995493,35.246613],[76.995737,35.246948],[76.996042,35.247331],[76.996344,35.247616],[76.996529,35.247952],[76.996832,35.248238],[76.997138,35.248669],[76.997383,35.249053],[76.99748,35.249204],[76.997155,35.24921],[76.99631,35.248634],[76.99595,35.248398],[76.995588,35.248113],[76.995228,35.247877],[76.995101,35.247492],[76.994856,35.247156],[76.994612,35.246821],[76.99425,35.246537],[76.993834,35.246398],[76.993427,35.246263],[76.993417,35.245879],[76.993408,35.245481],[76.993301,35.245084],[76.993097,35.244689],[76.992703,35.244457],[76.992486,35.244425],[76.992507,35.24438],[76.992497,35.243982],[76.992008,35.243831],[76.991614,35.243598],[76.991124,35.243447],[76.990639,35.243455],[76.990158,35.243622],[76.989777,35.243947],[76.989593,35.244349],[76.989495,35.244608],[76.989309,35.244672],[76.988927,35.244917],[76.988766,35.245055],[76.9887,35.24498],[76.988405,35.245022],[76.988589,35.244607],[76.98858,35.244209],[76.988473,35.243812],[76.98845,35.243782],[76.988312,35.243841],[76.988061,35.244164],[76.987545,35.244279],[76.987162,35.244498],[76.986647,35.244612],[76.986132,35.244727],[76.98562,35.244948],[76.985237,35.245167],[76.984854,35.245385],[76.98447,35.245604],[76.984219,35.245927],[76.983836,35.246145],[76.983453,35.246364],[76.983202,35.246687],[76.982819,35.246906],[76.982791,35.246941],[76.982885,35.246893],[76.983346,35.246885],[76.983735,35.247068],[76.983897,35.247144],[76.983541,35.24734],[76.983567,35.248369],[76.982575,35.248331],[76.982072,35.248339],[76.982149,35.248229],[76.982372,35.24791],[76.982439,35.247531],[76.982465,35.247361],[76.982317,35.247551],[76.981934,35.24777],[76.981421,35.247991],[76.980906,35.248105],[76.980557,35.248183],[76.980617,35.248443],[76.980636,35.248487],[76.979745,35.248702],[76.979025,35.24893],[76.977785,35.249568],[76.977765,35.249538],[76.977627,35.249428],[76.977413,35.249703],[76.97703,35.249921],[76.97665,35.250246],[76.976266,35.250465],[76.975883,35.250684],[76.9755,35.250902],[76.975381,35.251329],[76.975391,35.251754],[76.975402,35.252178],[76.975412,35.252603],[76.975422,35.253028],[76.975433,35.253453],[76.975443,35.253877],[76.975453,35.254302],[76.975593,35.254724],[76.975603,35.255149],[76.975872,35.25557],[76.975883,35.255994],[76.976149,35.256309],[76.97616,35.256733],[76.97617,35.257158],[76.97618,35.257583],[76.976191,35.258007],[76.976457,35.258322],[76.976724,35.258636],[76.97699,35.25895],[76.977055,35.258984],[76.977036,35.258933],[76.977284,35.258816],[76.978173,35.257339],[76.979536,35.256396],[76.978982,35.255322],[76.978557,35.254431],[76.978458,35.254392],[76.97802,35.25434],[76.97758,35.254227],[76.97757,35.253809],[76.977928,35.253564],[76.978366,35.253617],[76.978736,35.25385],[76.979007,35.254063],[76.979414,35.254069],[76.981408,35.254633],[76.982805,35.255043],[76.983989,35.254861],[76.983172,35.253845],[76.982809,35.253595],[76.982807,35.253544],[76.982944,35.253184],[76.982933,35.252706],[76.982923,35.252288],[76.982695,35.251933],[76.982685,35.251515],[76.982749,35.251155],[76.982757,35.251112],[76.98363,35.250967],[76.983943,35.250258],[76.985257,35.25002],[76.986575,35.24989],[76.988111,35.249999],[76.988028,35.249575],[76.987998,35.249446],[76.987981,35.249371],[76.987946,35.249218],[76.987862,35.248741],[76.9883,35.248794],[76.98867,35.249027],[76.988716,35.249063],[76.988829,35.248918],[76.989109,35.249139],[76.989408,35.249433],[76.989706,35.249727],[76.990005,35.250021],[76.990304,35.250314],[76.990673,35.250547],[76.990938,35.250807],[76.991014,35.251039],[76.991197,35.25137],[76.991324,35.251798],[76.991449,35.252177],[76.991412,35.252467],[76.991206,35.252449],[76.990734,35.252457],[76.990445,35.252462],[76.990355,35.252405],[76.990056,35.252111],[76.989758,35.251817],[76.989318,35.251705],[76.98888,35.251652],[76.98837,35.251661],[76.988233,35.252021],[76.988387,35.252377],[76.988686,35.252671],[76.989059,35.253023],[76.989169,35.253132],[76.988928,35.253504],[76.988759,35.253846],[76.988593,35.254285],[76.988545,35.254721],[76.988539,35.25477],[76.988316,35.254852],[76.987913,35.255002],[76.987451,35.255153],[76.987049,35.25535],[76.986706,35.255595],[76.986304,35.25584],[76.985963,35.256131],[76.98591,35.256176],[76.985711,35.256125],[76.98498,35.256018],[76.98447,35.256026],[76.984406,35.256386],[76.984488,35.256743],[76.984585,35.256967],[76.98417,35.256973],[76.9837,35.257078],[76.98311,35.257136],[76.98264,35.257241],[76.982292,35.257489],[76.981945,35.257785],[76.981476,35.257938],[76.98123,35.25801],[76.981171,35.258112],[76.980887,35.258415],[76.980823,35.258775],[76.980613,35.259137],[76.980329,35.25944],[76.980045,35.259743],[76.979835,35.260105],[76.979845,35.260523],[76.979927,35.26088],[76.980297,35.261113],[76.980737,35.261226],[76.981248,35.261277],[76.981686,35.26133],[76.982124,35.261382],[76.982563,35.261435],[76.983072,35.261426],[76.983511,35.261479],[76.983638,35.261559],[76.983749,35.261535],[76.984158,35.261334],[76.984627,35.261181],[76.985045,35.261368],[76.985465,35.261652],[76.985884,35.261887],[76.986418,35.261975],[76.986746,35.26197],[76.986903,35.262214],[76.988106,35.262683],[76.988152,35.26279],[76.988343,35.263146],[76.98857,35.263471],[76.988804,35.263619],[76.988824,35.263728],[76.988951,35.264114],[76.989426,35.264203],[76.989896,35.264098],[76.990366,35.263994],[76.990714,35.263746],[76.991123,35.263545],[76.991532,35.263345],[76.991999,35.263143],[76.992408,35.262943],[76.992577,35.262601],[76.992626,35.262212],[76.992617,35.261825],[76.992609,35.261492],[76.993248,35.261186],[76.993105,35.262391],[76.99281,35.264447],[76.991152,35.267161],[76.991703,35.267595],[76.991773,35.26758],[76.992209,35.267483],[76.99256,35.26738],[76.993719,35.266341],[76.995748,35.264681],[76.998382,35.263082],[76.999414,35.261819],[76.999442,35.261765],[76.999516,35.261499],[76.999095,35.259824],[76.998951,35.259618],[76.998761,35.259292],[76.998972,35.258959],[76.999443,35.258831],[76.999916,35.258794],[77.000391,35.258816],[77.000515,35.258839],[77.000689,35.25873],[77.00099,35.258828],[77.001465,35.258917],[77.001996,35.258908],[77.00235,35.258903],[77.002704,35.258868],[77.00294,35.258844],[77.003172,35.258793],[77.00341,35.25874],[77.00388,35.258635],[77.004296,35.258773],[77.004365,35.25916],[77.004375,35.259547],[77.004384,35.259935],[77.004394,35.260322],[77.004403,35.26071],[77.004354,35.261098],[77.004363,35.261485],[77.004314,35.261874],[77.004086,35.262217],[77.003918,35.262607],[77.00381,35.262996],[77.003819,35.263384],[77.003829,35.263771],[77.003838,35.264159],[77.003789,35.264547],[77.00368,35.264937],[77.003512,35.265278],[77.003223,35.265574],[77.002759,35.265774],[77.002777,35.266512],[77.002736,35.26659],[77.00267,35.266714],[77.002168,35.267161],[77.001991,35.267441],[77.001743,35.267774],[77.001495,35.268078],[77.001248,35.268411],[77.001,35.268715],[77.000678,35.268989],[77.000319,35.269235],[76.99996,35.26948],[76.999601,35.269726],[76.999425,35.269795],[76.997895,35.271364],[76.995842,35.272819],[76.995773,35.272902],[76.995526,35.273236],[76.995241,35.27354],[76.99492,35.273814],[76.994598,35.274119],[76.994239,35.274335],[76.993917,35.274609],[76.993558,35.274855],[76.99316,35.275011],[76.992868,35.275053],[76.992687,35.275079],[76.99229,35.275265],[76.99193,35.27548],[76.991727,35.275729],[76.991646,35.275719],[76.99165,35.275917],[76.991661,35.276341],[76.991671,35.276766],[76.991682,35.277191],[76.991692,35.277615],[76.991959,35.27793],[76.992085,35.278312],[76.992183,35.278173],[76.992441,35.278346],[76.99284,35.278339],[76.993315,35.278331],[76.993788,35.278294],[76.994185,35.278108],[76.994544,35.277862],[76.994903,35.277617],[76.995301,35.27746],[76.995442,35.277411],[76.996112,35.276707],[76.997471,35.275546],[76.999042,35.274295],[77.000409,35.273485],[77.002511,35.272137],[77.004096,35.271498],[77.00431,35.271494],[77.004024,35.272899],[77.002151,35.274856],[77.001652,35.276265],[77.001044,35.277588],[77.000998,35.28004],[77.000759,35.280347],[77.000752,35.280414],[77.000708,35.280594],[77.000716,35.280933],[77.000727,35.281372],[77.000643,35.281758],[77.00055,35.281771],[76.999844,35.281879],[76.999375,35.282033],[76.999029,35.282377],[76.99886,35.282719],[76.998869,35.283107],[76.998461,35.283307],[76.997989,35.283364],[76.997459,35.283421],[76.99729,35.283763],[76.9973,35.28415],[76.997485,35.284486],[76.997613,35.284872],[76.997567,35.285234],[76.997579,35.285272],[76.99759,35.285697],[76.9976,35.286121],[76.99761,35.286546],[76.997877,35.28686],[76.998017,35.287283],[76.998157,35.287705],[76.998297,35.288128],[76.998564,35.288442],[76.998704,35.288865],[76.999097,35.28907],[76.999491,35.289276],[77.000017,35.289586],[77.000538,35.289684],[77.000931,35.28989],[77.001452,35.289987],[77.001846,35.290193],[77.002239,35.290399],[77.002633,35.290605],[77.003027,35.290811],[77.00342,35.291017],[77.003814,35.291223],[77.004208,35.291429],[77.004348,35.291851],[77.004615,35.292166],[77.004881,35.29248],[77.004892,35.292904],[77.005286,35.29311],[77.005679,35.293316],[77.005901,35.293432],[77.006062,35.293154],[77.00644,35.292895],[77.006277,35.29252],[77.006043,35.292215],[77.006004,35.292097],[77.006476,35.292041],[77.006535,35.29204],[77.007297,35.291785],[77.007705,35.291584],[77.008113,35.291335],[77.008519,35.291038],[77.008984,35.290739],[77.009333,35.290491],[77.009681,35.290243],[77.01003,35.289995],[77.010497,35.289794],[77.011023,35.289543],[77.011491,35.289341],[77.011659,35.288999],[77.011828,35.288657],[77.011878,35.288269],[77.012044,35.28783],[77.012213,35.287488],[77.012202,35.287052],[77.012017,35.286716],[77.011772,35.286381],[77.011553,35.286233],[77.0115,35.285904],[77.011451,35.285602],[77.011584,35.285488],[77.011967,35.285243],[77.012446,35.284996],[77.012829,35.28475],[77.013406,35.284502],[77.013788,35.284257],[77.01407,35.283854],[77.014452,35.283608],[77.014635,35.283346],[77.014848,35.283556],[77.015087,35.283867],[77.01525,35.284243],[77.015336,35.28462],[77.015499,35.284995],[77.015662,35.285371],[77.015826,35.285747],[77.016205,35.285551],[77.016583,35.285293],[77.016806,35.284973],[77.017029,35.284654],[77.017407,35.284396],[77.017944,35.284324],[77.018402,35.28419],[77.018546,35.283809],[77.01846,35.283432],[77.018374,35.283056],[77.018315,35.282965],[77.018492,35.282857],[77.018379,35.282596],[77.018309,35.282473],[77.018175,35.28224],[77.018118,35.281882],[77.018113,35.281705],[77.018107,35.281443],[77.018097,35.281044],[77.018087,35.280645],[77.017981,35.280287],[77.017736,35.280062],[77.017682,35.280013],[77.01764,35.279916],[77.017811,35.27974],[77.018038,35.279349],[77.018447,35.279148],[77.018495,35.278711],[77.018485,35.278324],[77.018476,35.277936],[77.018173,35.277651],[77.018105,35.277451],[77.017792,35.277267],[77.017784,35.276941],[77.017677,35.276544],[77.017667,35.276146],[77.017657,35.275748],[77.017648,35.27535],[77.017735,35.27495],[77.017725,35.274552],[77.017724,35.274508],[77.018177,35.274456],[77.018613,35.274369],[77.01905,35.274362],[77.019195,35.27432],[77.019678,35.274152],[77.020062,35.273946],[77.020496,35.273779],[77.02093,35.273612],[77.021363,35.273405],[77.021481,35.273319],[77.021684,35.273583],[77.021694,35.273962],[77.021703,35.27434],[77.021866,35.274715],[77.021876,35.275094],[77.021885,35.275472],[77.021662,35.275791],[77.021595,35.27617],[77.021604,35.276549],[77.021843,35.27686],[77.022301,35.276726],[77.022523,35.276407],[77.022589,35.275965],[77.022734,35.275584],[77.022724,35.275206],[77.022945,35.274824],[77.023325,35.274628],[77.023786,35.27462],[77.02393,35.274239],[77.023844,35.273863],[77.023758,35.273486],[77.023825,35.273106],[77.02397,35.272725],[77.02396,35.272347],[77.023949,35.271906],[77.02398,35.271697],[77.023997,35.271685],[77.02438,35.271439],[77.024715,35.271194],[77.025145,35.270867],[77.02543,35.270583],[77.025665,35.27026],[77.02595,35.269976],[77.026087,35.269614],[77.026273,35.269252],[77.02641,35.26889],[77.026498,35.26853],[77.026658,35.268385],[77.026688,35.268327],[77.026873,35.267965],[77.026913,35.267605],[77.027001,35.267244],[77.026991,35.266805],[77.027026,35.266482],[77.02695,35.265943],[77.025838,35.26285],[77.024159,35.260049],[77.022604,35.257624],[77.021282,35.255288],[77.019392,35.253245],[77.018618,35.254484],[77.018306,35.255809],[77.0188,35.257216],[77.020458,35.259168],[77.021211,35.261701],[77.022291,35.2639],[77.022394,35.263981],[77.022398,35.264117],[77.022403,35.264354],[77.022424,35.264455],[77.022478,35.264725],[77.022487,35.265098],[77.022037,35.265265],[77.021583,35.265272],[77.02125,35.264959],[77.021188,35.264885],[77.020983,35.264644],[77.020778,35.264221],[77.020511,35.263907],[77.020243,35.263592],[77.020039,35.263223],[77.019645,35.263016],[77.019187,35.262864],[77.018734,35.262925],[77.01835,35.263144],[77.018165,35.26352],[77.018174,35.263892],[77.018241,35.264268],[77.01825,35.264317],[77.018324,35.264688],[77.018398,35.265059],[77.018407,35.265432],[77.018287,35.265806],[77.017835,35.26592],[77.017439,35.265661],[77.017236,35.265292],[77.017102,35.264937],[77.016801,35.26481],[77.016679,35.262183],[77.016438,35.261899],[77.016043,35.261693],[77.015587,35.261594],[77.015457,35.261596],[77.015007,35.262877],[77.014736,35.265004],[77.014605,35.265006],[77.014494,35.265297],[77.014059,35.265424],[77.013729,35.265512],[77.013678,35.26576],[77.013684,35.26599],[77.013694,35.266388],[77.013409,35.266673],[77.013074,35.266918],[77.012638,35.267005],[77.012521,35.267007],[77.012459,35.267057],[77.011236,35.267289],[77.010419,35.268258],[77.009998,35.269538],[77.009796,35.271624],[77.009792,35.271663],[77.009333,35.271405],[77.009031,35.26966],[77.009086,35.267944],[77.009108,35.267902],[77.009343,35.267578],[77.009627,35.267254],[77.009861,35.266891],[77.009925,35.266723],[77.011007,35.265861],[77.011561,35.264738],[77.011706,35.262773],[77.012108,35.260698],[77.012413,35.257351],[77.012703,35.256021],[77.013039,35.253894],[77.013169,35.253778],[77.014747,35.25238],[77.016251,35.250445],[77.016468,35.24901],[77.017593,35.247453],[77.019014,35.244777],[77.020848,35.243155],[77.022997,35.241157],[77.026489,35.238606],[77.029406,35.236329],[77.032532,35.234632],[77.035851,35.232932],[77.040157,35.231958],[77.042438,35.232662],[77.045045,35.23352],[77.048019,35.234817],[77.051874,35.236449],[77.055386,35.237291],[77.05934,35.237701],[77.065026,35.237604],[77.070519,35.23751],[77.075484,35.237001],[77.080507,35.236225],[77.085341,35.235664],[77.090111,35.235158],[77.092657,35.236122],[77.095742,35.237924],[77.098107,35.239369],[77.101304,35.240533],[77.104003,35.242395],[77.106423,35.243467],[77.108985,35.244633],[77.108201,35.245401],[77.106861,35.246933],[77.104509,35.249331],[77.103512,35.250763],[77.102419,35.252951],[77.100614,35.254302],[77.098918,35.255369],[77.09583,35.255988],[77.093515,35.255368],[77.090728,35.254285],[77.086106,35.253327],[77.082522,35.25254],[77.078953,35.252319],[77.07643,35.252551],[77.073359,35.253829],[77.070867,35.255286],[77.06816,35.257313],[77.065091,35.258685],[77.060765,35.260362],[77.058018,35.261547],[77.057902,35.261433],[77.057511,35.261187],[77.057122,35.261005],[77.057113,35.260626],[77.057103,35.260248],[77.057092,35.259807],[77.056635,35.260004],[77.056178,35.260138],[77.05572,35.260272],[77.055182,35.260281],[77.054644,35.26029],[77.054183,35.260298],[77.054039,35.260679],[77.054357,35.261115],[77.054596,35.261426],[77.054911,35.261736],[77.054997,35.262113],[77.055007,35.262491],[77.055016,35.262869],[77.054949,35.263249],[77.054805,35.263629],[77.054738,35.264009],[77.054703,35.2641],[77.053077,35.26549],[77.051632,35.266271],[77.051571,35.266193],[77.05121,35.265957],[77.050792,35.26577],[77.050432,35.265534],[77.050129,35.265249],[77.049826,35.264963],[77.049582,35.264628],[77.049396,35.264292],[77.049386,35.263905],[77.049375,35.263469],[77.049366,35.263082],[77.048949,35.262943],[77.04842,35.263049],[77.04795,35.263154],[77.047477,35.263162],[77.047276,35.263165],[77.047088,35.263065],[77.047158,35.262965],[77.047047,35.262967],[77.046502,35.262976],[77.046131,35.262685],[77.045583,35.262545],[77.045212,35.262253],[77.0451,35.262165],[77.042522,35.261803],[77.04233,35.261838],[77.042274,35.261772],[77.042001,35.261486],[77.041771,35.261163],[77.041454,35.260878],[77.040964,35.260777],[77.040521,35.260784],[77.040078,35.260792],[77.039593,35.260873],[77.039244,35.261097],[77.039386,35.261458],[77.039038,35.261682],[77.038595,35.261689],[77.038152,35.261696],[77.03771,35.26174],[77.037271,35.261893],[77.036924,35.26219],[77.036666,35.262521],[77.036453,35.262851],[77.036242,35.263255],[77.036237,35.263308],[77.035883,35.263563],[77.035538,35.263485],[77.035221,35.263199],[77.035086,35.262856],[77.034727,35.262982],[77.034277,35.263138],[77.03392,35.263367],[77.033824,35.263429],[77.033898,35.26344],[77.034301,35.263614],[77.034443,35.263975],[77.03414,35.264271],[77.033746,35.264459],[77.033445,35.264792],[77.033277,35.265194],[77.033284,35.265437],[77.033018,35.265628],[77.031223,35.267418],[77.030051,35.269575],[77.028741,35.272363],[77.028604,35.27248],[77.028561,35.272673],[77.028484,35.273029],[77.02832,35.273387],[77.027981,35.273676],[77.027552,35.273826],[77.027038,35.274047],[77.026701,35.274407],[77.026362,35.274697],[77.026112,35.275056],[77.025774,35.275416],[77.02562,35.275522],[77.025605,35.27557],[77.025392,35.2759],[77.025179,35.276231],[77.024739,35.276384],[77.024299,35.2765],[77.023859,35.276616],[77.023828,35.276617],[77.023196,35.277485],[77.022355,35.278566],[77.02245,35.278641],[77.022315,35.278677],[77.021875,35.278793],[77.021616,35.279088],[77.021625,35.279451],[77.021679,35.279814],[77.021733,35.280213],[77.021786,35.280575],[77.021884,35.280937],[77.022063,35.281194],[77.022073,35.281594],[77.022156,35.28201],[77.022312,35.282425],[77.022393,35.282782],[77.022445,35.283039],[77.022361,35.283075],[77.021978,35.283294],[77.021727,35.283617],[77.021476,35.28394],[77.021225,35.284263],[77.020974,35.284586],[77.020855,35.285013],[77.020471,35.285232],[77.02022,35.285555],[77.019837,35.285774],[77.019454,35.285993],[77.018944,35.28632],[77.018692,35.286643],[77.018703,35.287067],[77.018846,35.287596],[77.01911,35.288008],[77.019057,35.288018],[77.01848,35.288266],[77.018098,35.288512],[77.017618,35.288759],[77.017041,35.289008],[77.016559,35.289175],[77.016176,35.28942],[77.015893,35.289744],[77.015903,35.290142],[77.016299,35.290454],[77.016785,35.290446],[77.017271,35.290438],[77.017754,35.29035],[77.018333,35.290181],[77.018815,35.290014],[77.019394,35.289845],[77.019656,35.289677],[77.019676,35.289707],[77.019816,35.29013],[77.020083,35.290444],[77.020477,35.29065],[77.020992,35.290535],[77.021507,35.29042],[77.02202,35.290199],[77.022404,35.28998],[77.023049,35.289863],[77.023432,35.289644],[77.023947,35.28953],[77.024331,35.289311],[77.024714,35.289092],[77.024965,35.288769],[77.025213,35.28834],[77.025464,35.288017],[77.025848,35.287798],[77.026231,35.287579],[77.026746,35.287464],[77.02713,35.287245],[77.027155,35.287154],[77.027303,35.287172],[77.027737,35.287105],[77.028095,35.28686],[77.028449,35.286496],[77.028659,35.286135],[77.028868,35.285774],[77.029151,35.285471],[77.02936,35.28511],[77.029568,35.284689],[77.02985,35.284326],[77.029986,35.283966],[77.030005,35.28393],[77.031533,35.283207],[77.033666,35.282055],[77.034294,35.281585],[77.03426,35.280207],[77.034895,35.28],[77.035274,35.27914],[77.035166,35.278025],[77.035368,35.276512],[77.036562,35.276229],[77.037591,35.275752],[77.037805,35.274698],[77.038095,35.273512],[77.037509,35.272471],[77.038058,35.272002],[77.038499,35.271865],[77.038628,35.271863],[77.039115,35.271854],[77.039374,35.271559],[77.039232,35.271198],[77.039045,35.270838],[77.038602,35.270809],[77.03818,35.270879],[77.038116,35.27089],[77.037673,35.270898],[77.037231,35.270905],[77.03687,35.270657],[77.036727,35.270259],[77.036718,35.269896],[77.036797,35.269532],[77.03719,35.269271],[77.037322,35.269224],[77.037334,35.268666],[77.03813,35.268522],[77.039421,35.268894],[77.040559,35.269597],[77.040631,35.269679],[77.040709,35.270047],[77.040851,35.270408],[77.041211,35.27062],[77.041656,35.270685],[77.042101,35.270787],[77.042547,35.270888],[77.042992,35.270953],[77.043437,35.271055],[77.043885,35.271229],[77.044288,35.271404],[77.044561,35.27169],[77.044791,35.272013],[77.04502,35.272336],[77.045251,35.272695],[77.045349,35.273057],[77.045436,35.273382],[77.045381,35.27352],[77.045147,35.273787],[77.044355,35.274128],[77.043388,35.273882],[77.043202,35.274154],[77.042847,35.273996],[77.042373,35.273955],[77.041964,35.274156],[77.041974,35.274543],[77.041867,35.274981],[77.041759,35.275371],[77.04165,35.27576],[77.041895,35.276095],[77.042199,35.276429],[77.042384,35.276765],[77.042493,35.276867],[77.042272,35.277249],[77.041565,35.277786],[77.041251,35.277835],[77.041238,35.277853],[77.041154,35.277974],[77.041113,35.277901],[77.040985,35.277515],[77.040567,35.277329],[77.040093,35.277288],[77.039745,35.277536],[77.039276,35.27769],[77.038805,35.277746],[77.038395,35.277898],[77.038169,35.27829],[77.038471,35.278575],[77.038657,35.278911],[77.03837,35.279255],[77.038203,35.279646],[77.038094,35.280035],[77.037623,35.280091],[77.037455,35.280433],[77.037523,35.28082],[77.037593,35.281255],[77.037662,35.281641],[77.037699,35.281709],[77.037571,35.28193],[77.037364,35.282351],[77.037293,35.28257],[77.036935,35.282826],[77.036651,35.283129],[77.036294,35.283434],[77.036232,35.283853],[77.036602,35.284086],[77.036972,35.284319],[77.037411,35.284371],[77.037614,35.284423],[77.037618,35.284597],[77.037746,35.284983],[77.038109,35.285316],[77.038529,35.285599],[77.03889,35.285835],[77.03925,35.286072],[77.039611,35.286308],[77.040089,35.286542],[77.040392,35.286827],[77.040578,35.287163],[77.040822,35.287498],[77.040926,35.28764],[77.040866,35.287702],[77.040521,35.287498],[77.040126,35.287266],[77.039637,35.287115],[77.039151,35.287123],[77.038663,35.287051],[77.038174,35.2869],[77.037777,35.286588],[77.037478,35.286275],[77.03737,35.285878],[77.037166,35.285483],[77.036675,35.285252],[77.036094,35.285342],[77.035715,35.285746],[77.035727,35.286224],[77.035737,35.286623],[77.035747,35.287021],[77.035854,35.287417],[77.036154,35.287731],[77.036645,35.287962],[77.037137,35.288193],[77.037531,35.288425],[77.037926,35.288657],[77.038321,35.28889],[77.038715,35.289122],[77.03911,35.289355],[77.039504,35.289587],[77.03999,35.289658],[77.039998,35.289983],[77.040008,35.290371],[77.039959,35.290759],[77.03979,35.291101],[77.039502,35.291397],[77.039214,35.291692],[77.038807,35.291941],[77.038458,35.292189],[77.038171,35.292533],[77.038063,35.292923],[77.038191,35.293308],[77.038202,35.293744],[77.037974,35.294087],[77.037503,35.294143],[77.037258,35.293808],[77.037013,35.293473],[77.036944,35.293087],[77.037053,35.292697],[77.037161,35.292308],[77.03727,35.291919],[77.037438,35.291577],[77.037547,35.291187],[77.037419,35.290802],[77.037233,35.290466],[77.036931,35.29018],[77.036628,35.289895],[77.036325,35.289609],[77.036023,35.289323],[77.035662,35.289087],[77.035477,35.288751],[77.035407,35.288316],[77.035338,35.28793],[77.035152,35.287594],[77.034967,35.287258],[77.034781,35.286922],[77.034478,35.286636],[77.034059,35.286401],[77.033639,35.286166],[77.033337,35.28588],[77.033092,35.285545],[77.032683,35.285746],[77.032274,35.285898],[77.031864,35.286051],[77.031814,35.286439],[77.031766,35.286876],[77.031717,35.287264],[77.031608,35.287654],[77.031322,35.287998],[77.030973,35.288246],[77.030504,35.288399],[77.030032,35.288407],[77.029623,35.288607],[77.029276,35.288904],[77.029107,35.289246],[77.028698,35.289398],[77.028226,35.289454],[77.027756,35.289559],[77.027227,35.289665],[77.026756,35.289721],[77.026286,35.289826],[77.025816,35.289931],[77.025588,35.290274],[77.025419,35.290616],[77.025131,35.290911],[77.024602,35.291017],[77.024074,35.291171],[77.023665,35.291372],[77.023567,35.291432],[77.023083,35.291244],[77.022565,35.291253],[77.022047,35.291261],[77.021808,35.291314],[77.021896,35.29158],[77.021907,35.292005],[77.021791,35.292538],[77.021672,35.292965],[77.021682,35.29339],[77.021693,35.293814],[77.021704,35.294239],[77.021714,35.294664],[77.021595,35.29509],[77.021606,35.295515],[77.021355,35.295838],[77.021365,35.296248],[77.021664,35.296444],[77.022083,35.296679],[77.0222,35.296731],[77.022074,35.296797],[77.021617,35.296994],[77.021157,35.297064],[77.020696,35.297072],[77.020637,35.297089],[77.02063,35.296809],[77.020661,35.296665],[77.020599,35.2967],[77.020081,35.296709],[77.019563,35.296718],[77.019045,35.296726],[77.018662,35.296945],[77.018278,35.297164],[77.018027,35.297487],[77.017776,35.29781],[77.017393,35.298028],[77.017142,35.298351],[77.016891,35.298674],[77.016507,35.298893],[77.016256,35.299216],[77.016005,35.299539],[77.015754,35.299861],[77.015503,35.300184],[77.015287,35.300462],[77.015462,35.300577],[77.015858,35.300836],[77.016253,35.301043],[77.016647,35.301249],[77.017107,35.301454],[77.017438,35.301715],[77.017769,35.301975],[77.018102,35.302289],[77.018497,35.302548],[77.018892,35.302755],[77.019287,35.302961],[77.019618,35.303222],[77.019635,35.303235],[77.019392,35.30339],[77.018867,35.303438],[77.018434,35.303328],[77.018002,35.303257],[77.017567,35.303068],[77.017133,35.302918],[77.016701,35.302847],[77.01622,35.302698],[77.015691,35.30259],[77.015583,35.302312],[77.015316,35.301998],[77.015176,35.301575],[77.015165,35.30115],[77.015155,35.300725],[77.015151,35.300565],[77.014869,35.300726],[77.014618,35.301049],[77.014534,35.30112],[77.01454,35.301326],[77.014438,35.301356],[77.013757,35.301745],[77.013296,35.301753],[77.01261,35.301953],[77.012154,35.302149],[77.011694,35.302157],[77.011008,35.302357],[77.010547,35.302365],[77.010087,35.302373],[77.009626,35.30238],[77.00894,35.302581],[77.008254,35.302781],[77.007798,35.302977],[77.00767,35.303198],[77.007701,35.303293],[77.007844,35.303822],[77.007852,35.304149],[77.007743,35.304125],[77.007303,35.304052],[77.007119,35.304025],[77.007047,35.304176],[77.006513,35.304185],[77.006298,35.304189],[77.006219,35.304325],[77.005763,35.304522],[77.005303,35.304529],[77.005312,35.304907],[77.004856,35.305103],[77.004166,35.305115],[77.003715,35.3055],[77.003259,35.305696],[77.002803,35.305892],[77.002347,35.306089],[77.001661,35.306289],[77.00144,35.30667],[77.000984,35.306867],[77.000763,35.307248],[77.000307,35.307444],[77.000086,35.307826],[76.999865,35.308207],[76.999409,35.308403],[76.999188,35.308785],[76.998967,35.309166],[76.998516,35.309551],[76.998295,35.309932],[76.998074,35.310314],[76.997853,35.310695],[76.997393,35.310703],[76.996942,35.311088],[76.996486,35.311284],[76.996025,35.311292],[76.995574,35.311677],[76.995113,35.311684],[76.994653,35.311692],[76.994197,35.311888],[76.993736,35.311896],[76.993276,35.311903],[76.992815,35.311911],[76.992359,35.312107],[76.991899,35.312115],[76.991208,35.312126],[76.990747,35.312134],[76.990287,35.312142],[76.989826,35.312149],[76.989366,35.312157],[76.988905,35.312164],[76.988445,35.312172],[76.987859,35.312343],[76.987703,35.312509],[76.98742,35.312872],[76.986989,35.313119],[76.986633,35.313483],[76.986584,35.313612],[76.986093,35.313736],[76.985675,35.314021],[76.985342,35.314305],[76.985182,35.314726],[76.985193,35.315144],[76.985195,35.315223],[76.985111,35.315255],[76.984825,35.315539],[76.984491,35.315824],[76.984256,35.316147],[76.984071,35.31655],[76.983934,35.316911],[76.983845,35.317272],[76.983708,35.317633],[76.983472,35.317956],[76.983384,35.318317],[76.983393,35.318716],[76.983403,35.319115],[76.983413,35.319514],[76.983471,35.319912],[76.983484,35.31999],[76.98344,35.320037],[76.983305,35.320129],[76.983342,35.320186],[76.983803,35.320179],[76.984268,35.32036],[76.984733,35.320541],[76.985203,35.320911],[76.985668,35.321092],[76.985908,35.321466],[76.986373,35.321647],[76.986833,35.32164],[76.987073,35.322013],[76.987312,35.322387],[76.987322,35.322765],[76.987331,35.323142],[76.98734,35.323519],[76.98758,35.323893],[76.987819,35.324267],[76.987829,35.324644],[76.987838,35.325022],[76.988077,35.325396],[76.988317,35.325769],[76.988556,35.326143],[76.988796,35.326517],[76.989036,35.32689],[76.989045,35.327268],[76.989054,35.327645],[76.989063,35.328023],[76.989073,35.3284],[76.989082,35.328778],[76.989091,35.329155],[76.98887,35.329537],[76.988414,35.329733],[76.988193,35.330114],[76.987742,35.330499],[76.98752,35.330881],[76.987069,35.331266],[76.986848,35.331647],[76.986392,35.331843],[76.985936,35.33204],[76.985715,35.332421],[76.985259,35.332617],[76.985268,35.332995],[76.985047,35.333376],[76.984826,35.333757],[76.984609,35.334327],[76.984388,35.334709],[76.984397,35.335086],[76.984407,35.335464],[76.983955,35.335849],[76.983734,35.33623],[76.983513,35.336611],[76.983292,35.336993],[76.983301,35.33737],[76.98308,35.337751],[76.982624,35.337948],[76.982403,35.338329],[76.982412,35.338706],[76.981956,35.338903],[76.981965,35.33928],[76.981824,35.339283],[76.981798,35.339427],[76.981809,35.339845],[76.981907,35.340072],[76.981593,35.339968],[76.981382,35.339835],[76.981067,35.340239],[76.980846,35.34062],[76.980624,35.341002],[76.980408,35.341572],[76.980187,35.341953],[76.979735,35.342338],[76.979514,35.342719],[76.979063,35.343104],[76.979072,35.343482],[76.978616,35.343678],[76.978169,35.344252],[76.978178,35.344629],[76.977957,35.345011],[76.977736,35.345392],[76.977745,35.345769],[76.977754,35.346147],[76.977994,35.346521],[76.978238,35.347083],[76.978477,35.347457],[76.978655,35.347734],[76.978945,35.348019],[76.97939,35.348311],[76.979904,35.348481],[76.980349,35.348773],[76.980791,35.348945],[76.980974,35.348967],[76.981241,35.349092],[76.98164,35.349406],[76.982037,35.34964],[76.982243,35.349843],[76.982412,35.349895],[76.982855,35.350087],[76.983299,35.35028],[76.983645,35.350514],[76.983992,35.350747],[76.98434,35.351021],[76.984397,35.351379],[76.984406,35.351733],[76.984436,35.351764],[76.984446,35.352165],[76.984456,35.352565],[76.984465,35.352966],[76.984377,35.353368],[76.984387,35.353768],[76.984299,35.35417],[76.984211,35.354573],[76.984123,35.354975],[76.983938,35.355378],[76.9839,35.355551],[76.983979,35.355675],[76.983988,35.356052],[76.983998,35.35643],[76.984007,35.356807],[76.983786,35.357189],[76.983565,35.35757],[76.983578,35.358136],[76.983588,35.358514],[76.983597,35.358891],[76.983606,35.359269],[76.983615,35.359646],[76.983625,35.360024],[76.983634,35.360401],[76.983413,35.360782],[76.983422,35.36116],[76.982966,35.361356],[76.982509,35.361553],[76.982049,35.36156],[76.981583,35.361379],[76.981118,35.361198],[76.980695,35.361205],[76.980732,35.361236],[76.98158,35.361586],[76.981773,35.361601],[76.982214,35.361713],[76.982467,35.361755],[76.982386,35.361932],[76.982104,35.362335],[76.982031,35.362493],[76.981431,35.362665],[76.980945,35.362673],[76.980459,35.362681],[76.979977,35.362848],[76.979493,35.362936],[76.979009,35.363023],[76.978626,35.363268],[76.978141,35.363356],[76.977653,35.363284],[76.977164,35.363133],[76.976674,35.362982],[76.976279,35.362749],[76.975787,35.362518],[76.975391,35.362206],[76.974996,35.361974],[76.974599,35.361661],[76.974109,35.36151],[76.973619,35.361359],[76.973225,35.361126],[76.972828,35.360814],[76.972342,35.360586],[76.972113,35.36059],[76.971417,35.360412],[76.970957,35.36042],[76.970496,35.360427],[76.970035,35.360435],[76.969574,35.360442],[76.969113,35.36045],[76.968643,35.36008],[76.967977,35.35991],[76.967945,35.359938],[76.967661,35.360261],[76.967179,35.360428],[76.966596,35.360438],[76.966018,35.360686],[76.965536,35.360853],[76.965052,35.360941],[76.964472,35.36111],[76.96399,35.361277],[76.96351,35.361524],[76.963127,35.361769],[76.963047,35.361883],[76.962837,35.361595],[76.962788,35.361549],[76.962459,35.361691],[76.962238,35.362072],[76.961786,35.362457],[76.961565,35.362839],[76.961108,35.363035],[76.960988,35.363242],[76.96141,35.363235],[76.961859,35.363015],[76.962122,35.36298],[76.962125,35.36311],[76.962388,35.363454],[76.962484,35.36387],[76.962494,35.364288],[76.962411,35.364377],[76.962115,35.364382],[76.961546,35.364391],[76.960978,35.3644],[76.960549,35.364291],[76.96012,35.364181],[76.959552,35.36419],[76.958983,35.3642],[76.958273,35.364211],[76.957705,35.36422],[76.957284,35.36446],[76.956864,35.3647],[76.95673,35.365051],[76.956596,35.365402],[76.956176,35.365642],[76.95561,35.365768],[76.955042,35.365777],[76.954619,35.3659],[76.954053,35.366026],[76.953635,35.366382],[76.953647,35.366847],[76.953658,35.367313],[76.954087,35.367422],[76.954519,35.367648],[76.954706,35.367706],[76.954134,35.368513],[76.954151,35.368538],[76.953916,35.368607],[76.953402,35.368828],[76.953308,35.368908],[76.952955,35.369055],[76.952963,35.369398],[76.952972,35.369775],[76.952981,35.370153],[76.95299,35.37053],[76.953,35.370908],[76.953009,35.371285],[76.952792,35.371855],[76.952801,35.372233],[76.95258,35.372614],[76.952358,35.372995],[76.952137,35.373377],[76.951916,35.373758],[76.951455,35.373765],[76.950994,35.373773],[76.95075,35.373777],[76.950758,35.3741],[76.950662,35.374538],[76.950349,35.374805],[76.950157,35.374969],[76.950104,35.375109],[76.949882,35.37549],[76.949891,35.375868],[76.9499,35.376245],[76.94991,35.376623],[76.949919,35.377],[76.949928,35.377378],[76.950167,35.377751],[76.950407,35.378125],[76.950416,35.378503],[76.950655,35.378876],[76.950895,35.37925],[76.950904,35.379628],[76.951144,35.380002],[76.951383,35.380375],[76.951623,35.380749],[76.951632,35.381127],[76.951871,35.3815],[76.951881,35.381878],[76.951887,35.382155],[76.951911,35.382115],[76.952224,35.381848],[76.952646,35.381666],[76.952789,35.381605],[76.953721,35.382192],[76.953662,35.382294],[76.953599,35.382714],[76.953593,35.382755],[76.953454,35.382725],[76.953006,35.38268],[76.952628,35.382895],[76.95251,35.383263],[76.952455,35.383629],[76.9524,35.383996],[76.952345,35.384363],[76.952177,35.384702],[76.952078,35.384644],[76.951752,35.384387],[76.951466,35.384161],[76.950828,35.384979],[76.950914,35.385012],[76.95126,35.385216],[76.950964,35.385326],[76.950586,35.385541],[76.950274,35.385807],[76.950187,35.385895],[76.949983,35.385735],[76.949902,35.385875],[76.94974,35.386154],[76.949769,35.386166],[76.949913,35.386279],[76.949844,35.386493],[76.949789,35.38686],[76.949734,35.387227],[76.949615,35.387594],[76.949584,35.38769],[76.949452,35.387535],[76.949247,35.387428],[76.949251,35.387585],[76.94926,35.387963],[76.949269,35.38834],[76.949278,35.388718],[76.949287,35.389095],[76.949066,35.389476],[76.949075,35.389854],[76.949084,35.390231],[76.948863,35.390613],[76.948872,35.39099],[76.948651,35.391371],[76.94866,35.391749],[76.948438,35.39213],[76.948447,35.392507],[76.948226,35.392889],[76.948004,35.39327],[76.947783,35.393651],[76.947792,35.394029],[76.94734,35.394414],[76.947119,35.394795],[76.946897,35.395176],[76.946676,35.395557],[76.946459,35.396127],[76.946011,35.396701],[76.946021,35.397078],[76.945799,35.39746],[76.945578,35.397841],[76.945356,35.398222],[76.945135,35.398603],[76.944913,35.398984],[76.944922,35.399362],[76.944701,35.399743],[76.94471,35.400121],[76.944253,35.400317],[76.944263,35.400694],[76.943806,35.400891],[76.943354,35.401275],[76.942897,35.401472],[76.942676,35.401853],[76.942224,35.402238],[76.941767,35.402434],[76.941546,35.402815],[76.941089,35.403011],[76.940868,35.403393],[76.940416,35.403777],[76.940194,35.404159],[76.939738,35.404355],[76.939516,35.404736],[76.939064,35.405121],[76.938843,35.405502],[76.938386,35.405698],[76.938165,35.406079],[76.937708,35.406276],[76.937717,35.406653],[76.937261,35.406849],[76.936882,35.407172],[76.936812,35.407357],[76.936818,35.407612],[76.936596,35.407993],[76.93651,35.40803],[76.93637,35.407893],[76.93605,35.408304],[76.935887,35.408731],[76.935724,35.409159],[76.935385,35.409447],[76.935226,35.410016],[76.934887,35.410305],[76.934724,35.410733],[76.934389,35.411163],[76.934226,35.41159],[76.934063,35.412018],[76.9339,35.412445],[76.933737,35.412873],[76.933402,35.413303],[76.933063,35.413592],[76.932727,35.414022],[76.932564,35.414449],[76.932225,35.414738],[76.931886,35.415027],[76.93169,35.415084],[76.931769,35.415108],[76.932068,35.415422],[76.932124,35.41548],[76.931727,35.415596],[76.931387,35.415884],[76.931048,35.416173],[76.930713,35.416603],[76.930601,35.417001],[76.929796,35.416293],[76.928754,35.415065],[76.928837,35.414597],[76.929023,35.414196],[76.929208,35.413795],[76.929393,35.413394],[76.929286,35.412997],[76.9287,35.412927],[76.928111,35.412697],[76.927526,35.412627],[76.927267,35.412547],[76.927047,35.412094],[76.92672,35.411751],[76.926811,35.411593],[76.927123,35.411239],[76.927541,35.410883],[76.927854,35.410616],[76.928168,35.410349],[76.928158,35.409913],[76.927832,35.409656],[76.927774,35.409567],[76.927601,35.40943],[76.927079,35.409297],[76.926726,35.409019],[76.926204,35.408886],[76.925678,35.408611],[76.92516,35.40862],[76.924638,35.408486],[76.924112,35.408211],[76.92401,35.408192],[76.923962,35.408408],[76.923866,35.408846],[76.923444,35.409028],[76.923022,35.409209],[76.922493,35.409392],[76.922176,35.409528],[76.920279,35.40843],[76.919961,35.407317],[76.920195,35.407167],[76.920676,35.406921],[76.921059,35.406676],[76.92076,35.406362],[76.920556,35.405967],[76.920547,35.405569],[76.920546,35.405542],[76.920237,35.405299],[76.919715,35.405166],[76.919532,35.404744],[76.91901,35.40461],[76.918658,35.404333],[76.918132,35.404058],[76.91761,35.403925],[76.917338,35.40371],[76.917198,35.403869],[76.917013,35.40427],[76.916875,35.404468],[76.915425,35.402849],[76.913934,35.400789],[76.913595,35.40063],[76.9131,35.400397],[76.912609,35.400325],[76.912017,35.400094],[76.911612,35.399904],[76.911639,35.399833],[76.91163,35.39944],[76.911595,35.399287],[76.91154,35.399049],[76.911371,35.398659],[76.9112,35.398203],[76.910953,35.397879],[76.910704,35.39749],[76.910615,35.397099],[76.910525,35.396707],[76.910516,35.396315],[76.910587,35.395921],[76.911063,35.395782],[76.911545,35.39584],[76.911949,35.39603],[76.912,35.39607],[76.911883,35.395802],[76.911531,35.395524],[76.911178,35.395246],[76.910826,35.394969],[76.910816,35.394544],[76.910463,35.394266],[76.910111,35.393989],[76.909589,35.393855],[76.909406,35.393433],[76.909223,35.393011],[76.90904,35.392589],[76.908688,35.392312],[76.908335,35.392034],[76.907983,35.391756],[76.90763,35.391479],[76.907109,35.391345],[76.906756,35.391068],[76.906234,35.390934],[76.905715,35.390942],[76.905193,35.390809],[76.904672,35.390676],[76.904153,35.390684],[76.903631,35.39055],[76.903112,35.390559],[76.90259,35.390425],[76.902072,35.390433],[76.90155,35.3903],[76.901197,35.390022],[76.900679,35.39003],[76.900326,35.389753],[76.899801,35.389478],[76.899279,35.389344],[76.898754,35.389069],[76.898401,35.388792],[76.898049,35.388514],[76.897527,35.38838],[76.897175,35.388103],[76.896819,35.387684],[76.896297,35.38755],[76.895945,35.387272],[76.895419,35.386997],[76.895067,35.38672],[76.894545,35.386586],[76.894026,35.386594],[76.893508,35.386603],[76.892993,35.386752],[76.892474,35.38676],[76.891959,35.38691],[76.89144,35.386918],[76.890921,35.386926],[76.890399,35.386793],[76.889881,35.386801],[76.889362,35.386809],[76.888844,35.386817],[76.888325,35.386825],[76.887803,35.386692],[76.887284,35.3867],[76.886766,35.386708],[76.886247,35.386716],[76.885729,35.386724],[76.88521,35.386732],[76.884691,35.38674],[76.884173,35.386749],[76.883654,35.386757],[76.883135,35.386765],[76.88262,35.386914],[76.882105,35.387064],[76.881589,35.387214],[76.881077,35.387505],[76.880565,35.387796],[76.880226,35.388085],[76.880049,35.388087],[76.880175,35.388147],[76.880392,35.388249],[76.880362,35.388275],[76.880242,35.388701],[76.880512,35.389122],[76.880654,35.389651],[76.88092,35.389966],[76.881442,35.390064],[76.881836,35.39027],[76.88223,35.390477],[76.882751,35.390575],[76.883275,35.390779],[76.883546,35.391306],[76.883556,35.391731],[76.883566,35.392156],[76.88357,35.392304],[76.883309,35.392266],[76.882786,35.392061],[76.882264,35.391963],[76.881746,35.391971],[76.881227,35.39198],[76.880833,35.391773],[76.880309,35.391569],[76.879915,35.391363],[76.879596,35.391195],[76.879622,35.391103],[76.879609,35.390573],[76.8796,35.390148],[76.879333,35.389833],[76.878812,35.389735],[76.878291,35.389637],[76.877897,35.389431],[76.877473,35.389437],[76.877444,35.389415],[76.876974,35.389551],[76.876459,35.389701],[76.875944,35.389851],[76.875604,35.390139],[76.875086,35.390147],[76.87457,35.390297],[76.874055,35.390446],[76.87354,35.390596],[76.873024,35.390746],[76.872685,35.391034],[76.87217,35.391184],[76.871651,35.391192],[76.871139,35.391483],[76.870624,35.391633],[76.870105,35.391641],[76.869586,35.391649],[76.869068,35.391657],[76.868549,35.391665],[76.867857,35.391675],[76.867339,35.391683],[76.86682,35.391691],[76.866132,35.391844],[76.865613,35.391852],[76.865098,35.392001],[76.864579,35.392009],[76.86406,35.392017],[76.863891,35.392162],[76.863728,35.392589],[76.863565,35.393016],[76.863401,35.393444],[76.863065,35.393874],[76.862729,35.394304],[76.86239,35.394592],[76.862051,35.394881],[76.861539,35.395172],[76.861026,35.395463],[76.860338,35.395615],[76.859823,35.395765],[76.859307,35.395914],[76.858968,35.396203],[76.858449,35.396211],[76.85811,35.396499],[76.857591,35.396507],[76.857076,35.396657],[76.856737,35.396945],[76.856221,35.397095],[76.855706,35.397244],[76.85519,35.397394],[76.854851,35.397682],[76.854332,35.39769],[76.853817,35.39784],[76.853301,35.397989],[76.852789,35.39828],[76.85227,35.398288],[76.851931,35.398577],[76.851416,35.398726],[76.8509,35.398876],[76.850388,35.399167],[76.849872,35.399317],[76.849011,35.399471],[76.848499,35.399762],[76.848128,35.39987],[76.84813,35.399953],[76.84814,35.400389],[76.848361,35.400735],[76.848371,35.401172],[76.848381,35.401608],[76.848176,35.401961],[76.84797,35.402313],[76.847765,35.402665],[76.84756,35.403018],[76.847357,35.403457],[76.847151,35.40381],[76.846946,35.404162],[76.846743,35.404602],[76.846538,35.404954],[76.846443,35.40548],[76.846346,35.405918],[76.846568,35.406264],[76.846998,35.406432],[76.847531,35.406424],[76.847593,35.406423],[76.848085,35.406515],[76.848606,35.406613],[76.849127,35.406712],[76.849776,35.406702],[76.8503,35.406906],[76.850665,35.406975],[76.850782,35.407098],[76.851177,35.407331],[76.851573,35.407644],[76.85168,35.408041],[76.851689,35.408439],[76.851698,35.408837],[76.851902,35.409232],[76.8523,35.409625],[76.852601,35.410018],[76.853089,35.410091],[76.853577,35.410163],[76.854064,35.410155],[76.85446,35.410468],[76.855046,35.410539],[76.855533,35.410531],[76.856116,35.410522],[76.856603,35.410515],[76.857093,35.410667],[76.857392,35.410981],[76.857787,35.411214],[76.858281,35.411525],[76.858675,35.411758],[76.858728,35.411774],[76.859165,35.41191],[76.859657,35.412141],[76.860052,35.412374],[76.860447,35.412607],[76.860843,35.41292],[76.861333,35.413071],[76.861748,35.412747],[76.861919,35.413142],[76.862026,35.413539],[76.862035,35.413937],[76.86175,35.41426],[76.861269,35.414507],[76.860885,35.414752],[76.860502,35.414997],[76.860414,35.415396],[76.860715,35.41579],[76.861014,35.416104],[76.861409,35.416337],[76.861901,35.416569],[76.8622,35.416883],[76.862596,35.417195],[76.862896,35.417509],[76.863099,35.417905],[76.863206,35.418301],[76.863505,35.418616],[76.863804,35.41893],[76.864199,35.419163],[76.864689,35.419314],[76.86518,35.419466],[76.865672,35.419698],[76.865809,35.419784],[76.865591,35.419896],[76.86517,35.420182],[76.864834,35.420468],[76.864673,35.42089],[76.864708,35.420936],[76.86464,35.420948],[76.864152,35.421035],[76.863565,35.421044],[76.863076,35.421052],[76.862897,35.421055],[76.8626,35.420705],[76.86244,35.420334],[76.862431,35.419961],[76.862119,35.419592],[76.861958,35.419221],[76.861496,35.418979],[76.861336,35.418608],[76.860877,35.418491],[76.860415,35.418249],[76.859951,35.417883],[76.859489,35.417641],[76.859033,35.417648],[76.858704,35.417653],[76.858699,35.417446],[76.85869,35.417048],[76.858778,35.416649],[76.858864,35.416169],[76.858855,35.415771],[76.858846,35.415373],[76.858837,35.414975],[76.858731,35.414578],[76.858431,35.414264],[76.857846,35.414193],[76.857161,35.414045],[76.856578,35.414054],[76.855994,35.414063],[76.855511,35.414229],[76.855032,35.414555],[76.854981,35.414599],[76.854706,35.414603],[76.85425,35.41461],[76.853794,35.414617],[76.85334,35.414748],[76.853197,35.415124],[76.853357,35.415495],[76.853518,35.415866],[76.853679,35.416237],[76.853839,35.416608],[76.853848,35.416981],[76.853854,35.417264],[76.853382,35.417143],[76.852948,35.41687],[76.852518,35.416736],[76.852001,35.416604],[76.851487,35.416542],[76.851056,35.416409],[76.850625,35.416275],[76.850111,35.416213],[76.849629,35.416164],[76.849417,35.416053],[76.848958,35.415936],[76.848496,35.415694],[76.848035,35.415452],[76.847579,35.415459],[76.846968,35.415344],[76.846357,35.415229],[76.845895,35.414987],[76.845439,35.414994],[76.845278,35.414996],[76.845211,35.414865],[76.844912,35.414551],[76.844517,35.414318],[76.844218,35.414004],[76.843824,35.413771],[76.843334,35.413619],[76.842748,35.413549],[76.842262,35.413556],[76.841775,35.413563],[76.841392,35.413808],[76.841008,35.414053],[76.840626,35.414378],[76.840244,35.414702],[76.83996,35.415025],[76.839969,35.415423],[76.83997,35.415472],[76.839835,35.415951],[76.83954,35.416329],[76.839544,35.416513],[76.839512,35.416513],[76.839025,35.416521],[76.838533,35.416289],[76.838427,35.415892],[76.83832,35.415496],[76.837987,35.415455],[76.837735,35.415617],[76.837351,35.415861],[76.836868,35.416028],[76.836386,35.416195],[76.836002,35.41644],[76.835717,35.416762],[76.835433,35.417085],[76.835247,35.417487],[76.835062,35.417888],[76.834973,35.418287],[76.834885,35.418687],[76.834894,35.419085],[76.834806,35.419485],[76.834815,35.419883],[76.83453,35.420206],[76.834345,35.420607],[76.834159,35.421008],[76.833875,35.421331],[76.83359,35.421654],[76.833305,35.421977],[76.833021,35.4223],[76.83299629797192,35.42231618408737],[76.833187,35.422434],[76.833275,35.422447],[76.833223,35.422506],[76.833193,35.422571],[76.833322,35.422724],[76.833719,35.423037],[76.833985,35.423351],[76.834252,35.423666],[76.834519,35.42398],[76.834913,35.424187],[76.835179,35.424501],[76.835576,35.424814],[76.83597,35.42502],[76.836364,35.425227],[76.83676,35.42554],[76.837154,35.425746],[76.837421,35.426061],[76.837815,35.426267],[76.838081,35.426582],[76.838478,35.426894],[76.838744,35.427209],[76.839011,35.427523],[76.839151,35.427946],[76.839417,35.428261],[76.839684,35.428575],[76.839823,35.428998],[76.839963,35.429421],[76.840102,35.429843],[76.840242,35.430266],[76.840251,35.430691],[76.840261,35.431116],[76.840271,35.43154],[76.84028,35.431965],[76.84016,35.432392],[76.84017,35.432816],[76.840179,35.433241],[76.840189,35.433666],[76.840199,35.434091],[76.840208,35.434515],[76.840218,35.43494],[76.840358,35.435363],[76.84037,35.435894],[76.840509,35.436316],[76.840651,35.436845],[76.84079,35.437268],[76.840802,35.437799],[76.840942,35.438222],[76.840951,35.438646],[76.840961,35.439071],[76.840841,35.439498],[76.840726,35.440137],[76.840478,35.440672],[76.840358,35.441098],[76.840106,35.441421],[76.839986,35.441848],[76.839736,35.442276],[76.839484,35.442599],[76.839102,35.442923],[76.83872,35.443248],[76.83834,35.443678],[76.837958,35.444003],[76.837574,35.444221],[76.837322,35.444543],[76.836937,35.444762],[76.836553,35.44498],[76.836168,35.445198],[76.835916,35.445521],[76.835532,35.445739],[76.835147,35.445957],[76.834763,35.446176],[76.834378,35.446394],[76.834249,35.446559],[76.834301,35.446591],[76.834821,35.446583],[76.835298,35.446576],[76.83573,35.446498],[76.836114,35.446244],[76.836114,35.446226],[76.836492,35.446282],[76.83698,35.446354],[76.837566,35.446425],[76.837281,35.446748],[76.836797,35.446835],[76.836214,35.446923],[76.835731,35.44709],[76.835249,35.447256],[76.834866,35.447581],[76.834483,35.447826],[76.834099,35.448071],[76.833616,35.448237],[76.833135,35.448483],[76.832831,35.448677],[76.832749,35.448968],[76.832499,35.449396],[76.832379,35.449823],[76.832127,35.450146],[76.832007,35.450572],[76.831887,35.450999],[76.831634,35.451321],[76.831514,35.451748],[76.831394,35.452175],[76.831404,35.4526],[76.831151,35.452922],[76.831031,35.453349],[76.830911,35.453775],[76.830791,35.454202],[76.830541,35.454631],[76.830294,35.455166],[76.830041,35.455488],[76.829659,35.455812],[76.829539,35.456239],[76.829287,35.456562],[76.829034,35.456884],[76.82865,35.457102],[76.828265,35.457321],[76.827749,35.457435],[76.827367,35.457759],[76.827117,35.458188],[76.826864,35.45851],[76.826874,35.458935],[76.826883,35.45936],[76.826763,35.459786],[76.826773,35.460211],[76.826653,35.460638],[76.8264,35.46096],[76.82628,35.461387],[76.825898,35.461711],[76.825648,35.46214],[76.825266,35.462464],[76.824884,35.462789],[76.824499,35.463007],[76.824115,35.463225],[76.8236,35.463445],[76.823216,35.463664],[76.822831,35.463882],[76.822447,35.4641],[76.822065,35.464425],[76.82155,35.464645],[76.821166,35.464863],[76.820651,35.465083],[76.820267,35.465301],[76.820014,35.465624],[76.819498,35.465738],[76.819113,35.465956],[76.818601,35.466283],[76.818219,35.466607],[76.817834,35.466825],[76.81745,35.467043],[76.817065,35.467262],[76.81668,35.46748],[76.816296,35.467698],[76.815784,35.468024],[76.815269,35.468245],[76.814757,35.468571],[76.814109,35.468581],[76.813594,35.468801],[76.81321,35.469019],[76.812693,35.469133],[76.812178,35.469353],[76.811664,35.469573],[76.811147,35.469687],[76.810763,35.469905],[76.810378,35.470124],[76.810234,35.470246],[76.810314,35.47031],[76.8109,35.470381],[76.811385,35.470294],[76.811639,35.470248],[76.811188,35.470522],[76.810873,35.470789],[76.810494,35.471057],[76.810179,35.471324],[76.809865,35.471644],[76.809615,35.471963],[76.809366,35.472282],[76.809374,35.472649],[76.809576,35.473066],[76.809873,35.473394],[76.809523,35.473592],[76.809209,35.47386],[76.808959,35.474178],[76.808644,35.474446],[76.808394,35.474765],[76.80808,35.475084],[76.80786,35.475309],[76.807767,35.475404],[76.807452,35.475671],[76.807138,35.475991],[76.806823,35.476258],[76.806593,35.476421],[76.806274,35.476426],[76.806084,35.476056],[76.806082,35.475976],[76.805712,35.47629],[76.805459,35.476613],[76.805077,35.476937],[76.804692,35.477155],[76.80444,35.477478],[76.804187,35.4778],[76.803803,35.478018],[76.80355,35.478341],[76.803168,35.478665],[76.802783,35.478883],[76.802742,35.479071],[76.802788,35.479096],[76.802881,35.479145],[76.803182,35.479302],[76.803576,35.479509],[76.80397,35.479715],[76.804367,35.480028],[76.804889,35.480126],[76.805155,35.480441],[76.804903,35.480764],[76.804386,35.480877],[76.804001,35.481096],[76.803617,35.481314],[76.803232,35.481532],[76.803197,35.481577],[76.803691,35.481475],[76.804133,35.481378],[76.804133,35.481398],[76.803947,35.481799],[76.803956,35.482198],[76.803774,35.482758],[76.803783,35.483157],[76.803792,35.483555],[76.803592,35.483526],[76.803142,35.48348],[76.803118,35.483478],[76.803016,35.483593],[76.80291,35.483968],[76.80269,35.484345],[76.802649,35.484533],[76.802587,35.484813],[76.802595,35.485186],[76.802259,35.485471],[76.801809,35.485758],[76.801357,35.485952],[76.800907,35.486238],[76.800454,35.486432],[76.800066,35.486598],[76.799941,35.486784],[76.799821,35.487153],[76.799441,35.487369],[76.799226,35.48749],[76.79906,35.487585],[76.798812,35.487956],[76.798948,35.488321],[76.799402,35.488525],[76.799471,35.488548],[76.799855,35.488675],[76.799735,35.489045],[76.799289,35.489209],[76.798836,35.489058],[76.798703,35.488988],[76.798347,35.489171],[76.797959,35.489229],[76.797617,35.489076],[76.797297,35.488897],[76.796795,35.489042],[76.796341,35.489142],[76.796121,35.489519],[76.795668,35.489712],[76.795216,35.489906],[76.79488,35.490191],[76.794544,35.490476],[76.794092,35.490669],[76.793756,35.490954],[76.793611,35.491201],[76.793754,35.491497],[76.793899,35.491611],[76.793612,35.491855],[76.79355,35.491962],[76.793392,35.492232],[76.793172,35.492608],[76.793067,35.492983],[76.792993,35.493109],[76.792843,35.493173],[76.792737,35.493548],[76.792621,35.493747],[76.792624,35.49388],[76.792632,35.494243],[76.79264,35.494606],[76.792648,35.494969],[76.792656,35.495332],[76.792664,35.495695],[76.792672,35.496058],[76.79268,35.496421],[76.792689,35.496784],[76.792697,35.497147],[76.792705,35.49751],[76.792713,35.497873],[76.792721,35.498236],[76.792729,35.498599],[76.792737,35.498962],[76.792745,35.499325],[76.792753,35.499688],[76.792761,35.500051],[76.792769,35.500414],[76.792999,35.500773],[76.793007,35.501136],[76.793237,35.501496],[76.793245,35.501859],[76.793475,35.502219],[76.793483,35.502582],[76.793713,35.502941],[76.793722,35.503304],[76.79373,35.503667],[76.79396,35.504027],[76.793968,35.50439],[76.793976,35.504753],[76.794206,35.505113],[76.79444,35.505654],[76.794444,35.50582],[76.794583,35.50576],[76.794786,35.505673],[76.795165,35.505458],[76.79567,35.50519],[76.796088,35.504924],[76.796143,35.504966],[76.796588,35.50505],[76.797032,35.505044],[76.797058,35.505049],[76.797034,35.505135],[76.797044,35.505588],[76.797049,35.505818],[76.797052,35.505951],[76.797021,35.506005],[76.796646,35.505909],[76.796133,35.505917],[76.795534,35.505926],[76.79502,35.505933],[76.794723,35.505979],[76.794558,35.506004],[76.794487,35.505972],[76.794385,35.505997],[76.794427,35.506074],[76.794559,35.506427],[76.794631,35.506881],[76.794763,35.507234],[76.794895,35.507586],[76.795028,35.50799],[76.795098,35.508394],[76.795109,35.508849],[76.79518,35.509254],[76.79525,35.509658],[76.795382,35.51001],[76.795576,35.510362],[76.795708,35.510714],[76.795902,35.511117],[76.796097,35.511519],[76.796291,35.511871],[76.796546,35.512221],[76.796678,35.512574],[76.796935,35.512975],[76.79713,35.513378],[76.797261,35.51373],[76.797394,35.514133],[76.797588,35.514485],[76.797783,35.514887],[76.797916,35.51529],[76.798109,35.515642],[76.798366,35.516043],[76.798683,35.516343],[76.798814,35.516695],[76.798698,35.517051],[76.798332,35.51731],[76.797902,35.517468],[76.796481,35.517642],[76.795986,35.517649],[76.79543,35.517708],[76.794872,35.517716],[76.794378,35.517774],[76.793883,35.517782],[76.793328,35.517891],[76.792773,35.518001],[76.792278,35.518059],[76.791722,35.518118],[76.791166,35.518176],[76.790611,35.518286],[76.790118,35.518395],[76.789624,35.518503],[76.789069,35.518613],[76.788574,35.51862],[76.788078,35.518627],[76.787582,35.518584],[76.787086,35.518592],[76.786529,35.5186],[76.786034,35.518607],[76.785537,35.518564],[76.785101,35.518469],[76.784606,35.518476],[76.78417,35.518381],[76.783672,35.518288],[76.783237,35.518193],[76.782738,35.518048],[76.782179,35.518006],[76.781743,35.51786],[76.781244,35.517716],[76.780808,35.517621],[76.780432,35.517424],[76.779995,35.517278],[76.779557,35.517082],[76.77912,35.516937],[76.778682,35.516741],[76.778246,35.516595],[76.77787,35.516398],[76.777492,35.51615],[76.777116,35.515953],[76.776619,35.515859],[76.776183,35.515764],[76.775688,35.515772],[76.775192,35.515779],[76.774697,35.515786],[76.774139,35.515795],[76.773645,35.515852],[76.773151,35.51591],[76.772534,35.516021],[76.77204,35.516079],[76.771545,35.516137],[76.771051,35.516194],[76.770558,35.516303],[76.770062,35.51631],[76.769568,35.516368],[76.76901,35.516326],[76.768532,35.516289],[76.768535,35.516403],[76.768537,35.516534],[76.768307,35.516537],[76.767784,35.516545],[76.767624,35.516547],[76.767262,35.516553],[76.766826,35.516559],[76.766737,35.516454],[76.766474,35.516143],[76.766167,35.516203],[76.766013,35.516081],[76.765812,35.516425],[76.765598,35.516791],[76.765384,35.517157],[76.764951,35.517708],[76.764737,35.518075],[76.764301,35.518444],[76.764309,35.518807],[76.763869,35.518995],[76.763655,35.519361],[76.763441,35.519728],[76.763001,35.519916],[76.762787,35.520282],[76.762351,35.520651],[76.762137,35.521018],[76.761923,35.521384],[76.761483,35.521572],[76.761269,35.521938],[76.760829,35.522126],[76.760615,35.522492],[76.760401,35.522859],[76.760183,35.523043],[76.759164,35.527234],[76.759394,35.527594],[76.759623,35.527953],[76.759853,35.528313],[76.760083,35.528673],[76.760091,35.529036],[76.760539,35.529211],[76.760769,35.529571],[76.760999,35.52993],[76.761229,35.53029],[76.761463,35.530831],[76.761693,35.531191],[76.761923,35.531551],[76.762375,35.531907],[76.762605,35.532267],[76.762835,35.532627],[76.763065,35.532987],[76.763513,35.533162],[76.763747,35.533703],[76.763755,35.534066],[76.764203,35.534241],[76.764211,35.534604],[76.764659,35.534779],[76.764667,35.535142],[76.764897,35.535502],[76.765349,35.535858],[76.765579,35.536218],[76.765809,35.536578],[76.766039,35.536937],[76.766269,35.537297],[76.766499,35.537657],[76.766507,35.53802],[76.766737,35.53838],[76.766967,35.538739],[76.766975,35.539102],[76.767205,35.539462],[76.767213,35.539825],[76.767221,35.540188],[76.767229,35.540551],[76.767237,35.540914],[76.767245,35.541277],[76.767253,35.54164],[76.767265,35.542184],[76.767273,35.542547],[76.767281,35.54291],[76.767067,35.543277],[76.767075,35.54364],[76.767083,35.544003],[76.767091,35.544366],[76.767098,35.544729],[76.767106,35.545092],[76.767118,35.545636],[76.76713,35.546181],[76.767138,35.546544],[76.767146,35.546907],[76.767376,35.547266],[76.767384,35.547629],[76.767392,35.547992],[76.7674,35.548355],[76.76763,35.548715],[76.76786,35.549075],[76.76809,35.549434],[76.76832,35.549794],[76.76855,35.550154],[76.768781,35.550514],[76.769233,35.55087],[76.769463,35.55123],[76.769915,35.551586],[76.770367,35.551943],[76.770597,35.552303],[76.770827,35.552662],[76.771283,35.5532],[76.771736,35.553557],[76.771966,35.553916],[76.772196,35.554276],[76.772426,35.554636],[76.772874,35.554811],[76.772882,35.555174],[76.773334,35.55553],[76.773786,35.555887],[76.774016,35.556246],[76.774247,35.556606],[76.774695,35.556781],[76.774925,35.557141],[76.774933,35.557504],[76.775294,35.557498],[76.775377,35.557497],[76.775607,35.557857],[76.775615,35.55822],[76.776063,35.558395],[76.776071,35.558758],[76.776432,35.558753],[76.776516,35.558751],[76.77675,35.559293],[76.77698,35.559652],[76.77721,35.560012],[76.777662,35.560368],[76.777892,35.560728],[76.7779,35.561091],[76.778131,35.561451],[76.778139,35.561814],[76.778369,35.562174],[76.778377,35.562537],[76.778385,35.562899],[76.778397,35.563444],[76.778405,35.563807],[76.778413,35.56417],[76.778421,35.564533],[76.778429,35.564896],[76.778437,35.565259],[76.778223,35.565625],[76.778235,35.56617],[76.778243,35.566533],[76.778255,35.567077],[76.778263,35.56744],[76.778049,35.567806],[76.778057,35.568169],[76.777974,35.568171],[76.777835,35.568173],[76.778535,35.569675],[76.779132,35.569909],[76.779439,35.570388],[76.780037,35.570621],[76.78064,35.571097],[76.781238,35.57133],[76.781835,35.571563],[76.782433,35.571796],[76.78274,35.572276],[76.783338,35.572509],[76.783936,35.572742],[76.784539,35.573218],[76.785142,35.573693],[76.78574,35.573926],[76.786046,35.574406],[76.786644,35.574639],[76.786655,35.575123],[76.787253,35.575356],[76.787851,35.575589],[76.787861,35.576073],[76.788459,35.576306],[76.788766,35.576786],[76.788777,35.57727],[76.78938,35.577745],[76.789687,35.578225],[76.789698,35.578709],[76.790005,35.579188],[76.790312,35.579668],[76.790323,35.580152],[76.790333,35.580636],[76.79064,35.581115],[76.790651,35.581599],[76.790662,35.582083],[76.790969,35.582563],[76.791578,35.58328],[76.791588,35.583764],[76.791599,35.584248],[76.79161,35.584732],[76.791917,35.585212],[76.791928,35.585696],[76.791938,35.586179],[76.792245,35.586659],[76.792256,35.587143],[76.792267,35.587627],[76.792278,35.588111],[76.792289,35.588595],[76.792003,35.589083],[76.792014,35.589567],[76.791728,35.590056],[76.791745,35.590782],[76.791755,35.591266],[76.79147,35.591754],[76.791481,35.592238],[76.791485,35.592409],[76.791564,35.592408],[76.791828,35.592752],[76.791833,35.592992],[76.791474,35.593195],[76.791104,35.593405],[76.790736,35.593717],[76.790365,35.593926],[76.789995,35.594136],[76.789627,35.594448],[76.789259,35.59476],[76.788888,35.59497],[76.78852,35.595281],[76.78815,35.595491],[76.787906,35.595801],[76.787538,35.596113],[76.78717,35.596425],[76.786927,35.596735],[76.786684,35.597045],[76.786441,35.597355],[76.786072,35.597667],[76.785831,35.598079],[76.785588,35.598389],[76.785345,35.598699],[76.784975,35.598908],[76.784859,35.599318],[76.784616,35.599628],[76.784245,35.599838],[76.784006,35.600352],[76.783763,35.600662],[76.78352,35.600972],[76.783152,35.601284],[76.782909,35.601594],[76.782665,35.601904],[76.782297,35.602216],[76.782056,35.602628],[76.781686,35.602838],[76.781443,35.603148],[76.781199,35.603458],[76.780956,35.603768],[76.78059,35.604181],[76.780347,35.604491],[76.780104,35.604801],[76.779735,35.605113],[76.779242,35.605427],[76.778872,35.605637],[76.778506,35.60605],[76.778262,35.60636],[76.778019,35.60667],[76.777776,35.60698],[76.777533,35.60729],[76.777514,35.607314],[76.77729,35.6076],[76.777049,35.608012],[76.776805,35.608322],[76.776562,35.608632],[76.776446,35.609042],[76.776203,35.609352],[76.776087,35.609763],[76.775846,35.610175],[76.775603,35.610485],[76.775359,35.610795],[76.775118,35.611207],[76.77475,35.611518],[76.774382,35.61183],[76.774011,35.61204],[76.773768,35.61235],[76.773272,35.612561],[76.772777,35.612773],[76.772456,35.612955],[76.772405,35.613027],[76.772067,35.613457],[76.771727,35.613745],[76.771563,35.614172],[76.771222,35.614461],[76.770882,35.614749],[76.770541,35.615037],[76.770024,35.615186],[76.76986,35.615614],[76.769696,35.616041],[76.769359,35.616471],[76.769018,35.616759],[76.768854,35.617186],[76.768514,35.617474],[76.76835,35.617902],[76.768186,35.618329],[76.767848,35.618759],[76.767508,35.619047],[76.767344,35.619474],[76.767003,35.619762],[76.766663,35.620051],[76.766499,35.620478],[76.766158,35.620766],[76.765817,35.621054],[76.76548,35.621484],[76.765139,35.621772],[76.764799,35.622061],[76.764458,35.622349],[76.764118,35.622637],[76.763601,35.622786],[76.763363,35.622987],[76.763334,35.623045],[76.763155,35.623405],[76.7631,35.623763],[76.762858,35.624124],[76.762424,35.624284],[76.761925,35.624342],[76.761426,35.6244],[76.761057,35.624661],[76.76075,35.62492],[76.760383,35.625283],[76.760078,35.625645],[76.759835,35.625955],[76.759718,35.626314],[76.759727,35.626722],[76.759737,35.627181],[76.759793,35.6275],[76.759753,35.627534],[76.759427,35.627809],[76.759325,35.628172],[76.759392,35.628375],[76.759034,35.628093],[76.758514,35.628101],[76.757993,35.628108],[76.758003,35.628533],[76.758012,35.628958],[76.758021,35.629382],[76.758031,35.629807],[76.758216,35.630371],[76.758229,35.630937],[76.758412,35.631359],[76.758421,35.631784],[76.758774,35.632062],[76.758783,35.632487],[76.758793,35.632912],[76.758975,35.633334],[76.759158,35.633756],[76.759341,35.634178],[76.759523,35.6346],[76.759706,35.635022],[76.759889,35.635445],[76.760072,35.635867],[76.760254,35.636289],[76.760264,35.636714],[76.760446,35.637136],[76.760629,35.637558],[76.760638,35.637983],[76.760824,35.638547],[76.761177,35.638825],[76.76153,35.639103],[76.761884,35.639381],[76.762407,35.639515],[76.76293,35.639649],[76.763454,35.639783],[76.763807,35.640061],[76.76433,35.640195],[76.764683,35.640473],[76.765207,35.640607],[76.765727,35.640599],[76.766247,35.640591],[76.766768,35.640584],[76.767288,35.640576],[76.767808,35.640569],[76.768325,35.640419],[76.769016,35.640268],[76.769533,35.640118],[76.770224,35.639967],[76.770738,35.639676],[76.771252,35.639385],[76.771766,35.639094],[76.772283,35.638945],[76.772803,35.638937],[76.773327,35.639071],[76.773847,35.639064],[76.774544,35.639195],[76.775244,35.639468],[76.775764,35.63946],[76.776287,35.639594],[76.776814,35.63987],[76.777344,35.640287],[76.777867,35.64042],[76.778387,35.640413],[76.77874,35.640691],[76.779264,35.640825],[76.77979,35.6411],[76.780144,35.641378],[76.780667,35.641512],[76.78102,35.64179],[76.781547,35.642065],[76.7819,35.642343],[76.782253,35.642621],[76.782436,35.643044],[76.782619,35.643466],[76.782628,35.64389],[76.782638,35.644315],[76.782474,35.644742],[76.782483,35.645167],[76.782493,35.645592],[76.782502,35.646017],[76.782511,35.646441],[76.782521,35.646866],[76.782357,35.647293],[76.782193,35.647721],[76.781852,35.648009],[76.781862,35.648434],[76.781698,35.648861],[76.781357,35.649149],[76.781193,35.649576],[76.781202,35.650001],[76.780862,35.650289],[76.780698,35.650717],[76.780534,35.651144],[76.780193,35.651432],[76.780203,35.651857],[76.780067,35.65221],[76.780458,35.652067],[76.780893,35.651958],[76.781329,35.651901],[76.781766,35.651843],[76.782327,35.651784],[76.782827,35.651777],[76.783262,35.651617],[76.783758,35.651457],[76.78419,35.651195],[76.784623,35.650984],[76.78493,35.650725],[76.785046,35.650315],[76.785037,35.649907],[76.78509,35.649497],[76.785145,35.649139],[76.785388,35.64883],[76.785759,35.64862],[76.786001,35.648259],[76.786242,35.647847],[76.786421,35.647487],[76.786601,35.647127],[76.78678,35.646767],[76.787087,35.646508],[76.787266,35.646097],[76.787444,35.645686],[76.787438,35.645426],[76.787847,35.645336],[76.788301,35.645236],[76.788754,35.645136],[76.789207,35.645037],[76.789658,35.644844],[76.789993,35.644561],[76.790212,35.644186],[76.790317,35.643813],[76.790309,35.643441],[76.790301,35.64307],[76.790177,35.642607],[76.790168,35.642235],[76.790158,35.641771],[76.790264,35.641398],[76.790259,35.641203],[76.790408,35.641201],[76.790886,35.641194],[76.79097,35.641193],[76.79135,35.641391],[76.791853,35.641537],[76.792172,35.641787],[76.792429,35.64209],[76.792685,35.642392],[76.792818,35.642748],[76.792889,35.643104],[76.792961,35.643511],[76.793219,35.643864],[76.793467,35.644205],[76.793516,35.644353],[76.793642,35.644909],[76.793878,35.645277],[76.79397,35.645554],[76.793884,35.645556],[76.793431,35.645655],[76.792983,35.645941],[76.792647,35.646224],[76.792199,35.64651],[76.791636,35.646797],[76.791187,35.647082],[76.790736,35.647275],[76.790285,35.647467],[76.790046,35.647569],[76.78972,35.647508],[76.789161,35.647516],[76.788714,35.647523],[76.788267,35.647529],[76.787708,35.647537],[76.787151,35.647637],[76.786936,35.648005],[76.78672,35.648374],[76.786505,35.648742],[76.78629,35.64911],[76.785849,35.64939],[76.785968,35.649754],[76.78642,35.64993],[76.786869,35.650014],[76.787318,35.650099],[76.787726,35.650093],[76.78773,35.650292],[76.787739,35.650664],[76.787747,35.651035],[76.787755,35.651407],[76.787422,35.651783],[76.786971,35.651976],[76.78652,35.652168],[76.786071,35.652453],[76.785736,35.652737],[76.785517,35.653112],[76.785403,35.653306],[76.785343,35.653332],[76.784887,35.653432],[76.78443,35.653439],[76.783971,35.653352],[76.783511,35.653266],[76.783052,35.653179],[76.78259,35.652999],[76.782012,35.652728],[76.781557,35.652828],[76.781451,35.653203],[76.781459,35.653576],[76.781468,35.653949],[76.78159,35.654321],[76.781827,35.654691],[76.78195,35.655062],[76.782072,35.655434],[76.782195,35.655806],[76.782318,35.656177],[76.782669,35.656545],[76.783128,35.656632],[76.783586,35.656625],[76.784045,35.656712],[76.783825,35.657088],[76.783833,35.657462],[76.783956,35.657833],[76.784079,35.658205],[76.784544,35.658571],[76.785002,35.658565],[76.785457,35.658465],[76.786025,35.658269],[76.786361,35.657984],[76.786579,35.657937],[76.78681,35.657886],[76.787441,35.657728],[76.788124,35.657718],[76.788563,35.657712],[76.788879,35.657792],[76.789378,35.657875],[76.789821,35.657959],[76.790265,35.658042],[76.790765,35.65817],[76.791055,35.658195],[76.790987,35.658268],[76.790829,35.658679],[76.790588,35.65909],[76.790346,35.659434],[76.79002,35.659779],[76.789693,35.660056],[76.789279,35.660199],[76.788771,35.660325],[76.788699,35.660343],[76.788286,35.660554],[76.78816,35.660597],[76.787784,35.660603],[76.787329,35.660703],[76.786874,35.660803],[76.786724,35.66083],[76.786707,35.660781],[76.786624,35.660783],[76.786204,35.660653],[76.785704,35.66066],[76.785202,35.660599],[76.7847,35.660539],[76.7842,35.660546],[76.7837,35.660554],[76.78328,35.660424],[76.782859,35.660226],[76.782519,35.659959],[76.782299,35.659855],[76.782098,35.659761],[76.781757,35.659426],[76.781498,35.659021],[76.781406,35.658614],[76.781313,35.658207],[76.780974,35.65794],[76.780634,35.657673],[76.780214,35.657543],[76.779798,35.657347],[76.779823,35.657282],[76.779876,35.656873],[76.779929,35.656413],[76.779858,35.656057],[76.779663,35.655702],[76.77953,35.655347],[76.779334,35.654993],[76.779139,35.654638],[76.779068,35.654282],[76.779065,35.654119],[76.778853,35.654388],[76.778563,35.654758],[76.778422,35.655125],[76.778282,35.655492],[76.778141,35.655859],[76.777851,35.656229],[76.77771,35.656596],[76.777569,35.656963],[76.777428,35.65733],[76.777436,35.657695],[76.777444,35.65806],[76.777601,35.658423],[76.777609,35.658788],[76.777614,35.659031],[76.777615,35.659061],[76.777404,35.658937],[76.777427,35.658973],[76.777768,35.659242],[76.778219,35.659418],[76.778671,35.659593],[76.779122,35.659769],[76.779573,35.659945],[76.780024,35.660121],[76.780476,35.660297],[76.780817,35.660566],[76.78127,35.660833],[76.781722,35.661009],[76.782063,35.661277],[76.782514,35.661453],[76.782966,35.661629],[76.783419,35.661896],[76.78387,35.662072],[76.784319,35.662157],[76.784766,35.66215],[76.785214,35.662143],[76.78562,35.662137],[76.785661,35.662137],[76.78575,35.662135],[76.786108,35.66213],[76.786559,35.662306],[76.787009,35.66239],[76.787458,35.662475],[76.787497,35.662474],[76.787905,35.662468],[76.788354,35.662553],[76.788801,35.662546],[76.789249,35.66254],[76.789696,35.662533],[76.790143,35.662526],[76.790588,35.662429],[76.790843,35.662373],[76.791025,35.662516],[76.791208,35.662938],[76.791561,35.663216],[76.791744,35.663638],[76.792097,35.663916],[76.792621,35.66405],[76.793144,35.664184],[76.793665,35.664176],[76.794189,35.66431],[76.794709,35.664302],[76.795229,35.664294],[76.795366,35.664292],[76.79575,35.664287],[76.796273,35.66442],[76.796794,35.664413],[76.797005,35.664409],[76.797314,35.664405],[76.797835,35.664397],[76.798355,35.664389],[76.798876,35.664382],[76.79957,35.664371],[76.80009,35.664363],[76.800551,35.664356],[76.80061,35.664356],[76.801301,35.664204],[76.801815,35.663913],[76.802336,35.663905],[76.802856,35.663897],[76.80338,35.664031],[76.803903,35.664165],[76.803958,35.664164],[76.803655,35.663922],[76.804721,35.663738],[76.805142,35.66386],[76.805532,35.664034],[76.805812,35.664342],[76.805934,35.664704],[76.805997,35.665064],[76.806171,35.665422],[76.80629,35.665781],[76.806518,35.666093],[76.806908,35.666267],[76.807299,35.666442],[76.80769,35.666661],[76.808082,35.666881],[76.808474,35.6671],[76.808811,35.667366],[76.809203,35.667585],[76.80954,35.66785],[76.809933,35.668115],[76.810324,35.668334],[76.810715,35.668509],[76.811107,35.668773],[76.811498,35.668948],[76.811889,35.669122],[76.81228,35.669342],[76.812672,35.669561],[76.813064,35.669826],[76.813324,35.669971],[76.813579,35.669967],[76.814093,35.669676],[76.814784,35.669524],[76.815471,35.669231],[76.815989,35.669081],[76.816329,35.668793],[76.816846,35.668643],[76.817364,35.668494],[76.817704,35.668206],[76.818395,35.668054],[76.818912,35.667904],[76.819253,35.667616],[76.81977,35.667466],[76.820287,35.667317],[76.820804,35.667167],[76.821325,35.66716],[76.821842,35.66701],[76.822363,35.667002],[76.822886,35.667136],[76.82341,35.66727],[76.82393,35.667262],[76.824451,35.667254],[76.824971,35.667246],[76.825492,35.667238],[76.826012,35.66723],[76.826533,35.667222],[76.827056,35.667356],[76.827198,35.667354],[76.827577,35.667348],[76.828097,35.66734],[76.828618,35.667332],[76.829073,35.667325],[76.829138,35.667324],[76.829225,35.667323],[76.829659,35.667316],[76.830012,35.667594],[76.830365,35.667872],[76.830889,35.668006],[76.831243,35.668284],[76.831624,35.668381],[76.83156,35.668306],[76.831554,35.668047],[76.831644,35.668097],[76.834021,35.66824],[76.834193,35.66819],[76.834655,35.668005],[76.835085,35.667821],[76.835421,35.667563],[76.835789,35.667329],[76.836061,35.667021],[76.836271,35.666688],[76.836449,35.666305],[76.836627,35.665972],[76.836837,35.665614],[76.837016,35.665282],[76.8371,35.6649],[76.837153,35.664519],[76.837145,35.664139],[76.837133,35.663632],[76.837124,35.663227],[76.837114,35.662821],[76.837105,35.662416],[76.837159,35.662035],[76.8374,35.661727],[76.837838,35.661847],[76.83792,35.661918],[76.838155,35.662121],[76.838472,35.662395],[76.838882,35.662667],[76.83926,35.662915],[76.839638,35.663138],[76.839825,35.663135],[76.840022,35.663101],[76.839954,35.663481],[76.839877,35.663902],[76.839714,35.664255],[76.839554,35.664747],[76.839478,35.665168],[76.839314,35.665521],[76.839238,35.665942],[76.839162,35.666363],[76.838912,35.666717],[76.839008,35.667136],[76.839018,35.667556],[76.838854,35.667908],[76.838691,35.668261],[76.838473,35.668633],[76.838143,35.668613],[76.838082,35.668828],[76.838009,35.668974],[76.837966,35.669061],[76.838378,35.669166],[76.838552,35.669163],[76.838899,35.669158],[76.839599,35.669431],[76.839952,35.669709],[76.840306,35.669986],[76.840663,35.670406],[76.840846,35.670828],[76.841199,35.671106],[76.841553,35.671383],[76.841906,35.671661],[76.84226,35.671939],[76.842613,35.672217],[76.842967,35.672495],[76.843324,35.672914],[76.843507,35.673336],[76.843864,35.673756],[76.844184,35.674132],[76.84424,35.674141],[76.844486,35.674182],[76.844537,35.674423],[76.844708,35.674558],[76.844807,35.674447],[76.845032,35.674256],[76.845144,35.674161],[76.845481,35.673876],[76.845934,35.673682],[76.84627,35.673397],[76.846723,35.673204],[76.84706,35.672918],[76.847395,35.67254],[76.847731,35.672255]],[[77.052857,35.538624],[77.05294,35.538623],[77.053362,35.538752],[77.053784,35.538882],[77.05424,35.538998],[77.054251,35.539391],[77.05382,35.539516],[77.053383,35.539366],[77.053099,35.53935],[77.053036,35.539016],[77.052903,35.538663],[77.052857,35.538624]],[[76.84369,35.664457],[76.843392,35.664532],[76.842875,35.664435],[76.842484,35.664231],[76.842476,35.663863],[76.84279,35.663544],[76.843106,35.663276],[76.843182,35.663043],[76.843226,35.662907],[76.843254,35.662808],[76.843676,35.6629],[76.844068,35.663156],[76.84446,35.663413],[76.844698,35.663692],[76.844665,35.663912],[76.84435,35.664231],[76.844035,35.664499],[76.843726,35.664613],[76.84369,35.664457]],[[77.066183,35.548325],[77.065968,35.547767],[77.06492,35.546946],[77.06529,35.546694],[77.0657,35.546345],[77.066028,35.546065],[77.066443,35.545921],[77.066284,35.546266],[77.066295,35.546677],[77.066307,35.547156],[77.066234,35.547567],[77.066244,35.547978],[77.066183,35.548325]],[[77.047733,35.53612],[77.047313,35.53597],[77.046876,35.535825],[77.046469,35.53568],[77.046091,35.535483],[77.045836,35.535183],[77.04564,35.534806],[77.04542,35.534692],[77.045688,35.534372],[77.046184,35.534363],[77.04668,35.534355],[77.047124,35.534483],[77.047568,35.53461],[77.047945,35.534719],[77.049623,35.534949],[77.049416,35.535055],[77.048921,35.535337],[77.048593,35.535616],[77.048181,35.535897],[77.047768,35.53611],[77.047733,35.53612]],[[77.055788,35.541097],[77.055586,35.540746],[77.055576,35.540353],[77.055955,35.54011],[77.056336,35.539907],[77.056502,35.539741],[77.056829,35.540062],[77.057173,35.540399],[77.057516,35.540735],[77.057527,35.541145],[77.057199,35.541425],[77.056871,35.541704],[77.056458,35.541917],[77.056423,35.541929],[77.056335,35.541757],[77.056085,35.541407],[77.055788,35.541097]],[[77.072996,35.554],[77.072747,35.55432],[77.072369,35.554589],[77.071919,35.554597],[77.071467,35.554499],[77.071076,35.554296],[77.070622,35.554146],[77.070232,35.553943],[77.070139,35.553817],[77.070409,35.553588],[77.070907,35.553442],[77.071404,35.553228],[77.071903,35.553083],[77.072317,35.55287],[77.072815,35.552725],[77.073311,35.552443],[77.07342,35.552402],[77.073522,35.552705],[77.073734,35.552872],[77.073547,35.552941],[77.073298,35.55326],[77.073115,35.553631],[77.072996,35.554]],[[77.016441,35.404966],[77.01676,35.405075],[77.016528,35.405353],[77.016281,35.405671],[77.016162,35.406039],[77.016045,35.406459],[77.015992,35.406878],[77.015809,35.407247],[77.015564,35.407669],[77.01541,35.408075],[77.015193,35.408145],[77.014751,35.408309],[77.014247,35.408579],[77.014174,35.408607],[77.014038,35.408318],[77.014028,35.40792],[77.014065,35.40744],[77.014541,35.406993],[77.014727,35.406631],[77.015101,35.405986],[77.015286,35.405584],[77.015571,35.405259],[77.016441,35.404966]],[[76.870633,35.494968],[76.870724,35.494991],[76.871155,35.495193],[76.871504,35.495536],[76.871661,35.495898],[76.871329,35.496012],[76.87084,35.49594],[76.870831,35.495542],[76.870725,35.495145],[76.870633,35.494968]],[[76.940316,35.434988],[76.940352,35.435189],[76.94007,35.435193],[76.939557,35.435201],[76.939043,35.43521],[76.938601,35.435157],[76.938087,35.435165],[76.937573,35.435173],[76.937313,35.435107],[76.937186,35.434934],[76.936986,35.434571],[76.936964,35.434541],[76.936962,35.434468],[76.936952,35.434044],[76.937464,35.433717],[76.937848,35.433498],[76.938364,35.433384],[76.938512,35.433299],[76.938759,35.43359],[76.939156,35.433902],[76.93955,35.434108],[76.939944,35.434314],[76.940305,35.434503],[76.940308,35.434622],[76.940316,35.434988]],[[76.86712,35.495122],[76.866725,35.494889],[76.866521,35.494494],[76.866512,35.494095],[76.866503,35.493723],[76.867102,35.493957],[76.867281,35.494136],[76.867714,35.494059],[76.868065,35.494196],[76.868073,35.494231],[76.867789,35.494554],[76.867603,35.494955],[76.86712,35.495122]],[[77.076036,35.371004],[77.075557,35.371012],[77.075077,35.37102],[77.075008,35.371067],[77.074869,35.370799],[77.074762,35.370403],[77.074557,35.370008],[77.074448,35.369532],[77.07434,35.369135],[77.074328,35.368657],[77.07422,35.368261],[77.074192,35.368154],[77.074364,35.368151],[77.074845,35.368208],[77.075328,35.368331],[77.075655,35.368587],[77.075981,35.368844],[77.076231,35.369232],[77.076402,35.369688],[77.076809,35.369943],[77.077057,35.370266],[77.076825,35.370597],[77.076512,35.370864],[77.076036,35.371004]],[[77.19097,35.426],[77.191271,35.426035],[77.191755,35.426157],[77.19216,35.426346],[77.192567,35.426601],[77.192577,35.426994],[77.192348,35.427391],[77.192117,35.427722],[77.192084,35.42781],[77.192039,35.427789],[77.191632,35.427535],[77.191541,35.427143],[77.191451,35.426752],[77.19128,35.426362],[77.19097,35.426]],[[77.108381,35.367688],[77.108411,35.367758],[77.108421,35.368151],[77.10819,35.368482],[77.107877,35.36875],[77.107494,35.368947],[77.107399,35.368823],[77.107629,35.368426],[77.10802,35.368092],[77.108331,35.367759],[77.108381,35.367688]],[[76.88635,35.566221],[76.886211,35.565753],[76.886075,35.565389],[76.886068,35.565128],[76.886523,35.565435],[76.887038,35.565583],[76.88749,35.565733],[76.887626,35.566097],[76.887635,35.566462],[76.887386,35.56678],[76.886942,35.566943],[76.886494,35.566898],[76.886486,35.566585],[76.88635,35.566221]],[[76.844309,35.570659],[76.844311,35.570763],[76.843919,35.570588],[76.843405,35.570491],[76.842954,35.570342],[76.842888,35.570316],[76.842961,35.570315],[76.843289,35.570036],[76.843848,35.570027],[76.844189,35.570296],[76.844309,35.570659]],[[76.847986,35.570238],[76.848546,35.57032],[76.848997,35.570496],[76.849446,35.57058],[76.84986,35.570658],[76.849861,35.570719],[76.8497,35.571141],[76.849364,35.571425],[76.849373,35.571845],[76.849554,35.572261],[76.849564,35.572681],[76.849745,35.573097],[76.849925,35.573514],[76.849952,35.573535],[76.849622,35.573407],[76.849281,35.573138],[76.848828,35.572871],[76.848377,35.572696],[76.848036,35.572427],[76.847804,35.572066],[76.847684,35.571702],[76.847676,35.571338],[76.847667,35.570973],[76.847657,35.570516],[76.847986,35.570238]],[[76.838639,35.571841],[76.838303,35.571846],[76.838317,35.571787],[76.838503,35.571383],[76.838623,35.571125],[76.838881,35.57124],[76.839271,35.571495],[76.839292,35.571506],[76.839084,35.571743],[76.838639,35.571841]],[[76.820738,35.664328],[76.820473,35.664017],[76.820146,35.66376],[76.819627,35.66361],[76.819174,35.663459],[76.819294,35.66309],[76.819744,35.663083],[76.820135,35.663287],[76.820589,35.663438],[76.820904,35.663171],[76.821155,35.662852],[76.821403,35.66248],[76.821652,35.662109],[76.821968,35.661842],[76.822153,35.661471],[76.82226,35.661224],[76.822278,35.661312],[76.822286,35.661679],[76.822294,35.662047],[76.822174,35.662416],[76.822118,35.662785],[76.821868,35.663104],[76.821618,35.663422],[76.821368,35.663741],[76.821118,35.66406],[76.820738,35.664328]],[[76.846138,35.660814],[76.84597,35.660783],[76.846136,35.660655],[76.846566,35.660446],[76.847029,35.660286],[76.847428,35.660103],[76.847891,35.659969],[76.848324,35.659861],[76.848788,35.659803],[76.848735,35.660184],[76.848494,35.660517],[76.848222,35.660826],[76.847994,35.661077],[76.847752,35.661052],[76.8473,35.661007],[76.84659,35.660912],[76.846138,35.660814]],[[76.836294,35.652435],[76.836742,35.652323],[76.837253,35.652158],[76.837634,35.651942],[76.838018,35.651846],[76.838025,35.652146],[76.837906,35.652568],[76.837785,35.652937],[76.837665,35.653307],[76.837415,35.653626],[76.837295,35.653995],[76.837239,35.654363],[76.837183,35.654732],[76.837063,35.655101],[76.836799,35.65479],[76.836533,35.654427],[76.836204,35.654117],[76.835813,35.653913],[76.835549,35.653602],[76.835283,35.653238],[76.835403,35.652869],[76.835785,35.652653],[76.836294,35.652435]],[[76.806469,35.516525],[76.80667,35.51694],[76.807121,35.51709],[76.807572,35.51724],[76.807824,35.517295],[76.80758,35.517606],[76.80746,35.517973],[76.807349,35.518369],[76.807286,35.518353],[76.806771,35.518291],[76.806256,35.518228],[76.805742,35.518236],[76.805225,35.518104],[76.804539,35.518044],[76.80443,35.518046],[76.804456,35.517966],[76.804575,35.517546],[76.804694,35.517179],[76.804814,35.516811],[76.804931,35.516339],[76.805051,35.515971],[76.805298,35.515602],[76.805744,35.515543],[76.806069,35.515799],[76.806333,35.516161],[76.806469,35.516525]],[[76.821012,35.652852],[76.821163,35.65297],[76.821338,35.65331],[76.821431,35.653719],[76.821607,35.654058],[76.821866,35.654397],[76.822208,35.654665],[76.822421,35.654691],[76.822498,35.655176],[76.822288,35.655194],[76.822291,35.655353],[76.821909,35.655539],[76.821413,35.655592],[76.821023,35.655417],[76.820849,35.655059],[76.82084,35.654654],[76.82083,35.654248],[76.82083,35.654219],[76.820822,35.653871],[76.820821,35.653843],[76.820812,35.653437],[76.820968,35.653029],[76.821012,35.652852]],[[76.840392,35.516495],[76.840465,35.516816],[76.840644,35.517162],[76.840822,35.517507],[76.841086,35.517852],[76.841349,35.518196],[76.841528,35.518542],[76.841622,35.518958],[76.8412,35.519104],[76.840692,35.519251],[76.840182,35.519329],[76.839759,35.519475],[76.839496,35.51913],[76.839401,35.518714],[76.839306,35.518297],[76.839211,35.51788],[76.839032,35.517465],[76.838944,35.517201],[76.839054,35.517126],[76.839416,35.51688],[76.839851,35.516633],[76.840363,35.516505],[76.840392,35.516495]],[[76.828509,35.459817],[76.829767,35.460965],[76.831359,35.46222],[76.831483,35.462318],[76.831512,35.46236],[76.831519,35.462406],[76.831431,35.462336],[76.831318,35.462904],[76.830916,35.462837],[76.830894,35.462858],[76.830457,35.462723],[76.830062,35.462516],[76.829623,35.462274],[76.82927,35.462031],[76.82896,35.461752],[76.82865,35.461438],[76.82834,35.461158],[76.827986,35.460844],[76.827591,35.460637],[76.827281,35.460358],[76.827057,35.460042],[76.827026,35.459928],[76.82702,35.459676],[76.827405,35.459458],[76.827542,35.459283],[76.827645,35.459364],[76.827733,35.459433],[76.828106,35.459187],[76.828509,35.459817]],[[76.820528,35.649419],[76.820978,35.649412],[76.821217,35.649408],[76.821428,35.649405],[76.821809,35.649189],[76.822059,35.64887],[76.821986,35.648452],[76.821913,35.648085],[76.821869,35.647953],[76.822305,35.647887],[76.822808,35.64788],[76.823442,35.64787],[76.823267,35.648222],[76.823211,35.64859],[76.823092,35.649012],[76.823036,35.649381],[76.82298,35.649749],[76.822924,35.650118],[76.822932,35.650485],[76.822927,35.650529],[76.82287,35.650601],[76.822575,35.650977],[76.822583,35.651349],[76.822574,35.651381],[76.822552,35.651375],[76.821965,35.651383],[76.821543,35.651253],[76.821259,35.651257],[76.821257,35.651171],[76.821011,35.650882],[76.82081,35.650517],[76.820543,35.650101],[76.820278,35.649738],[76.820528,35.649419]],[[76.859586,35.64632],[76.859891,35.646244],[76.860338,35.646132],[76.860785,35.645968],[76.861165,35.645782],[76.861383,35.645989],[76.861703,35.647177],[76.861434,35.648176],[76.86101,35.648421],[76.860977,35.648605],[76.860694,35.648914],[76.860328,35.64919],[76.860034,35.649316],[76.860018,35.649336],[76.859702,35.649604],[76.859321,35.64982],[76.858877,35.650089],[76.858428,35.650148],[76.857977,35.650103],[76.857712,35.649792],[76.857639,35.649425],[76.857631,35.649058],[76.857622,35.648691],[76.858001,35.64837],[76.858449,35.648258],[76.858896,35.648146],[76.859277,35.64793],[76.85954,35.647802],[76.859564,35.647723],[76.859521,35.647649],[76.859586,35.64632]],[[76.793024,35.63514],[76.792844,35.6355],[76.792409,35.635608],[76.79197,35.635564],[76.791532,35.635519],[76.790907,35.635529],[76.790403,35.635383],[76.790208,35.635029],[76.790197,35.634569],[76.790314,35.63421],[76.790558,35.633901],[76.790737,35.633541],[76.79098,35.633231],[76.79135,35.63297],[76.791656,35.63271],[76.791963,35.632451],[76.79227,35.632191],[76.792639,35.63193],[76.793006,35.631567],[76.793312,35.631257],[76.793619,35.630997],[76.794052,35.630786],[76.794421,35.630525],[76.794856,35.630417],[76.795163,35.630157],[76.795406,35.629847],[76.79543,35.629773],[76.79568,35.629735],[76.796192,35.629588],[76.796617,35.629441],[76.796688,35.629381],[76.796996,35.629377],[76.797508,35.629299],[76.798102,35.62901],[76.798528,35.628864],[76.798556,35.628855],[76.798996,35.628758],[76.799434,35.628571],[76.799873,35.628474],[76.800313,35.628377],[76.800751,35.628191],[76.800962,35.627829],[76.801111,35.627797],[76.801308,35.627753],[76.801254,35.628053],[76.801177,35.628474],[76.801101,35.628895],[76.800939,35.629318],[76.800863,35.629739],[76.800699,35.630092],[76.800537,35.630514],[76.800375,35.630937],[76.800212,35.631289],[76.799789,35.631575],[76.799364,35.631722],[76.798851,35.6318],[76.798254,35.631948],[76.797828,35.632095],[76.797404,35.632311],[76.797068,35.632596],[76.796647,35.632953],[76.796223,35.633169],[76.795886,35.633454],[76.795464,35.63374],[76.795127,35.634025],[76.794703,35.634242],[76.794547,35.634464],[76.794197,35.63451],[76.793636,35.634569],[76.793266,35.634779],[76.793024,35.63514]],[[76.842346,35.599953],[76.842544,35.600262],[76.842353,35.600424],[76.841976,35.600797],[76.841469,35.60112],[76.841219,35.601439],[76.840903,35.601706],[76.840588,35.601974],[76.840273,35.602241],[76.839892,35.602457],[76.839642,35.602776],[76.839392,35.603095],[76.839142,35.603414],[76.838695,35.603525],[76.838242,35.603427],[76.83779,35.603329],[76.837463,35.603072],[76.837014,35.603131],[76.8367,35.603451],[76.836385,35.603718],[76.83634,35.603771],[76.836319,35.603667],[76.836182,35.603301],[76.836045,35.602936],[76.835971,35.602517],[76.83577,35.602152],[76.835633,35.601787],[76.835496,35.601421],[76.835295,35.601057],[76.835222,35.60069],[76.83515,35.600324],[76.834962,35.599985],[76.835076,35.59993],[76.835397,35.599759],[76.835145,35.599365],[76.835048,35.598876],[76.835123,35.598385],[76.835111,35.597895],[76.835188,35.597474],[76.835524,35.597189],[76.83586,35.596903],[76.836193,35.596789],[76.836216,35.596752],[76.837164,35.596525],[76.838481,35.597354],[76.840149,35.597959],[76.840257,35.598127],[76.840605,35.5984],[76.840841,35.598768],[76.84119,35.599135],[76.84154,35.599501],[76.841999,35.59968],[76.842346,35.599953]],[[76.808612,35.627312],[76.808433,35.626965],[76.808001,35.626832],[76.808148,35.626697],[76.808477,35.626419],[76.808806,35.62614],[76.809021,35.625772],[76.809348,35.625402],[76.809467,35.625281],[76.809677,35.625528],[76.809771,35.626003],[76.809945,35.626341],[76.810203,35.626677],[76.810377,35.627015],[76.810716,35.627282],[76.811223,35.627546],[76.81163,35.627672],[76.811421,35.628029],[76.811173,35.628453],[76.811011,35.628876],[76.810848,35.629228],[76.810654,35.629617],[76.810636,35.629592],[76.810369,35.629176],[76.809849,35.628904],[76.809415,35.628701],[76.809066,35.628426],[76.808887,35.628078],[76.808622,35.627732],[76.808612,35.627312]],[[76.84942,35.646458],[76.849217,35.646461],[76.848765,35.646415],[76.848312,35.646265],[76.848044,35.646055],[76.848364,35.645739],[76.848614,35.64542],[76.848927,35.645048],[76.849308,35.644832],[76.849622,35.644512],[76.849938,35.644245],[76.850056,35.643823],[76.850112,35.643454],[76.850104,35.643087],[76.850031,35.64272],[76.849578,35.642622],[76.849197,35.642838],[76.848816,35.643054],[76.848567,35.643373],[76.848252,35.643693],[76.847807,35.64391],[76.847426,35.644126],[76.846982,35.644395],[76.846669,35.644767],[76.846288,35.644983],[76.846162,35.64509],[76.845949,35.645093],[76.845858,35.644917],[76.845685,35.644581],[76.845593,35.644211],[76.845379,35.643876],[76.845041,35.643611],[76.844623,35.643448],[76.844205,35.643252],[76.843787,35.643089],[76.843327,35.642927],[76.842826,35.642732],[76.842366,35.642536],[76.842253,35.642474],[76.841986,35.642204],[76.841816,35.642038],[76.841649,35.641972],[76.84123,35.641776],[76.841166,35.641736],[76.84081,35.641512],[76.840392,35.641316],[76.840345,35.641291],[76.840014,35.641119],[76.839677,35.640853],[76.839422,35.640553],[76.839289,35.640183],[76.83928,35.639811],[76.839355,35.639438],[76.839596,35.63913],[76.840007,35.638989],[76.840148,35.638966],[76.840262,35.638795],[76.841599,35.638604],[76.8417,35.63876],[76.841996,35.63906],[76.842374,35.639291],[76.842752,35.639522],[76.843131,35.639786],[76.843586,35.639779],[76.843754,35.639752],[76.84404,35.639705],[76.844449,35.639462],[76.844774,35.639186],[76.845142,35.638978],[76.845552,35.638803],[76.845963,35.638661],[76.846372,35.638452],[76.84674,35.638244],[76.84715,35.638068],[76.847473,35.638111],[76.847844,35.637924],[76.848284,35.638189],[76.848319,35.638231],[76.848649,35.638593],[76.848851,35.638958],[76.849053,35.639375],[76.849381,35.639632],[76.849506,35.63975],[76.849707,35.639837],[76.850162,35.64004],[76.850553,35.640244],[76.851008,35.640447],[76.851335,35.640705],[76.851726,35.640909],[76.852117,35.641113],[76.852381,35.641424],[76.852583,35.641788],[76.85272,35.642154],[76.852987,35.64257],[76.852995,35.642937],[76.853133,35.643355],[76.853206,35.643722],[76.853279,35.644088],[76.853352,35.644455],[76.853743,35.644659],[76.854154,35.644777],[76.854068,35.645331],[76.85403,35.645385],[76.853827,35.645673],[76.853372,35.645714],[76.852917,35.645721],[76.8526,35.645726],[76.852783,35.645299],[76.852775,35.644932],[76.852574,35.644568],[76.852309,35.644257],[76.852172,35.643891],[76.851906,35.643528],[76.851641,35.643164],[76.851313,35.642907],[76.850932,35.643123],[76.850812,35.643492],[76.850756,35.64386],[76.850764,35.644228],[76.850902,35.644593],[76.851103,35.644958],[76.850787,35.645225],[76.850339,35.645285],[76.849887,35.645239],[76.849506,35.645455],[76.849387,35.645877],[76.849396,35.646244],[76.849437,35.64637],[76.84942,35.646458]],[[76.830091,35.599329],[76.830261,35.599327],[76.830544,35.599638],[76.830733,35.599787],[76.830702,35.599814],[76.830321,35.60003],[76.82994,35.600246],[76.829496,35.600515],[76.829181,35.600782],[76.828865,35.60105],[76.828617,35.601421],[76.828432,35.601791],[76.828312,35.602161],[76.828385,35.602527],[76.827936,35.602586],[76.827799,35.602221],[76.827855,35.601853],[76.827718,35.601487],[76.827391,35.601229],[76.826872,35.601027],[76.826481,35.600823],[76.826426,35.600794],[76.82646,35.600761],[76.82649,35.600566],[76.82648,35.600146],[76.826471,35.599726],[76.826375,35.599308],[76.826366,35.598888],[76.826271,35.598469],[76.826175,35.598051],[76.826164,35.597561],[76.826325,35.597068],[76.826401,35.596647],[76.82665,35.596293],[76.826983,35.595868],[76.827146,35.595515],[76.82731,35.595163],[76.827734,35.594946],[76.827916,35.594993],[76.828285,35.594468],[76.829066,35.594527],[76.830558,35.595423],[76.830345,35.597477],[76.830377,35.598891],[76.830091,35.599329]],[[76.853975,35.637761],[76.853556,35.63753],[76.853259,35.637231],[76.853251,35.636859],[76.853325,35.636486],[76.853483,35.636146],[76.85364,35.635805],[76.853714,35.635398],[76.853747,35.635026],[76.853821,35.634653],[76.854274,35.634545],[76.854514,35.634734],[76.854776,35.634237],[76.855036,35.634949],[76.856207,35.63501],[76.858621,35.634058],[76.859094,35.63432],[76.859238,35.634755],[76.859248,35.635175],[76.859192,35.635543],[76.859202,35.635963],[76.859403,35.636327],[76.859856,35.636425],[76.860307,35.636471],[76.860886,35.636462],[76.861336,35.636455],[76.861786,35.636448],[76.862177,35.636652],[76.862441,35.636963],[76.862643,35.637327],[76.862716,35.637694],[76.862724,35.638061],[76.862733,35.638429],[76.862805,35.638795],[76.862878,35.639162],[76.862951,35.639528],[76.863025,35.639947],[76.862969,35.640031],[76.862816,35.640396],[76.862448,35.640605],[76.861993,35.640645],[76.861538,35.640653],[76.861121,35.640524],[76.860743,35.640293],[76.860405,35.640028],[76.860068,35.639763],[76.85969,35.639566],[76.859353,35.6393],[76.85893,35.638901],[76.858633,35.638602],[76.858607,35.638588],[76.858256,35.638405],[76.8578,35.638412],[76.857685,35.638785],[76.857694,35.639191],[76.857745,35.639596],[76.857878,35.639965],[76.858051,35.640301],[76.858348,35.6406],[76.858685,35.640866],[76.858837,35.640958],[76.859063,35.641096],[76.859278,35.641431],[76.859287,35.641803],[76.859288,35.641843],[76.859641,35.642847],[76.859555,35.642889],[76.859111,35.643158],[76.85873,35.643374],[76.858416,35.643694],[76.857971,35.643911],[76.85778,35.644046],[76.856979,35.643113],[76.85661,35.641926],[76.855798,35.640506],[76.854777,35.638493],[76.854354,35.638025],[76.853975,35.637761]],[[76.817998,35.624926],[76.81774,35.62459],[76.817564,35.624184],[76.81739,35.623847],[76.817132,35.62351],[76.816875,35.623174],[76.816617,35.622837],[76.816276,35.622502],[76.815975,35.622207],[76.816272,35.622298],[76.816694,35.622564],[76.817117,35.62283],[76.817538,35.623028],[76.817796,35.623364],[76.818135,35.623631],[76.818555,35.623761],[76.819058,35.623889],[76.819478,35.624019],[76.819897,35.624149],[76.820317,35.624279],[76.820737,35.624409],[76.821323,35.624536],[76.821663,35.624803],[76.822002,35.62507],[76.822423,35.625268],[76.822844,35.625465],[76.823343,35.62539],[76.823651,35.625128],[76.823728,35.625163],[76.824173,35.625291],[76.824367,35.625328],[76.825,35.625165],[76.8253,35.625519],[76.82533,35.62589],[76.825346,35.625904],[76.825575,35.626261],[76.825631,35.626306],[76.825426,35.626514],[76.825359,35.626529],[76.824802,35.626629],[76.824134,35.62673],[76.823689,35.626828],[76.823242,35.626835],[76.822683,35.626843],[76.822236,35.62685],[76.821789,35.626857],[76.821342,35.626864],[76.820895,35.62687],[76.820448,35.626877],[76.820003,35.626975],[76.819938,35.627003],[76.819886,35.626921],[76.819621,35.626575],[76.819354,35.626159],[76.819005,35.625885],[76.818656,35.62561],[76.818237,35.625413],[76.818172,35.625264],[76.817998,35.624926]],[[76.83183,35.621722],[76.831822,35.62136],[76.831818,35.621178],[76.831933,35.621208],[76.832534,35.621269],[76.83297,35.621313],[76.832977,35.621642],[76.832941,35.621672],[76.833058,35.621741],[76.832823,35.621772],[76.832652,35.621917],[76.832327,35.622192],[76.831889,35.622334],[76.831733,35.622337],[76.831729,35.622178],[76.83183,35.621722]],[[76.843616,35.603474],[76.84362,35.603666],[76.843632,35.604156],[76.843643,35.604646],[76.843654,35.605136],[76.843664,35.605556],[76.843759,35.605974],[76.843854,35.606393],[76.844034,35.60674],[76.8443,35.607156],[76.844816,35.607218],[76.845329,35.607141],[76.845665,35.606855],[76.845829,35.606503],[76.846076,35.606079],[76.846239,35.605726],[76.84666,35.60537],[76.846907,35.604946],[76.847155,35.604522],[76.847318,35.604169],[76.847394,35.603748],[76.847469,35.603257],[76.847718,35.602903],[76.848052,35.602548],[76.848174,35.602285],[76.848201,35.602279],[76.848649,35.601993],[76.849102,35.601893],[76.849553,35.601701],[76.850005,35.601601],[76.850338,35.601318],[76.850678,35.601416],[76.853901,35.601431],[76.857809,35.601937],[76.860344,35.602958],[76.861069,35.604361],[76.861564,35.607041],[76.861524,35.607289],[76.861329,35.607292],[76.860732,35.607301],[76.86031,35.607517],[76.859892,35.607872],[76.859729,35.608222],[76.859567,35.608573],[76.859404,35.608924],[76.859329,35.609343],[76.859168,35.609764],[76.859178,35.610182],[76.859187,35.6106],[76.859451,35.610944],[76.859473,35.610973],[76.859322,35.611177],[76.859459,35.613367],[76.856715,35.614541],[76.85628,35.614477],[76.854576,35.614989],[76.854519,35.614816],[76.854486,35.614714],[76.854383,35.614737],[76.853936,35.614744],[76.853487,35.61466],[76.853255,35.614298],[76.853135,35.613935],[76.853126,35.61357],[76.853118,35.613205],[76.853333,35.612837],[76.853436,35.61247],[76.853426,35.612014],[76.853417,35.611649],[76.853409,35.611284],[76.853067,35.611015],[76.852726,35.610747],[76.852384,35.610478],[76.851933,35.610303],[76.851482,35.610127],[76.851031,35.609951],[76.85058,35.609776],[76.850133,35.609783],[76.849686,35.60979],[76.849239,35.609796],[76.848793,35.609803],[76.848346,35.60981],[76.847901,35.609908],[76.847458,35.610098],[76.847015,35.610287],[76.846573,35.610476],[76.846132,35.610757],[76.845803,35.611036],[76.845363,35.611316],[76.844808,35.611507],[76.844769,35.611524],[76.844743,35.61149],[76.844563,35.611143],[76.844552,35.610653],[76.844457,35.610234],[76.844446,35.609745],[76.844436,35.609325],[76.844426,35.608905],[76.844417,35.608485],[76.843817,35.608494],[76.843217,35.608503],[76.842703,35.608511],[76.842187,35.608449],[76.841671,35.608387],[76.841157,35.608395],[76.840822,35.60875],[76.840397,35.608896],[76.839971,35.609043],[76.839546,35.609189],[76.838979,35.609331],[76.83902,35.609297],[76.839204,35.608926],[76.839452,35.608502],[76.839898,35.608338],[76.840279,35.608122],[76.840659,35.607854],[76.840974,35.607586],[76.841158,35.607216],[76.841278,35.606847],[76.841463,35.606476],[76.841518,35.606055],[76.841638,35.605686],[76.841888,35.605367],[76.842136,35.604996],[76.842386,35.604677],[76.842635,35.604305],[76.842948,35.603933],[76.843392,35.603664],[76.843616,35.603474]],[[76.883914,35.620683],[76.883418,35.620691],[76.882921,35.620698],[76.882857,35.620339],[76.882848,35.619933],[76.883225,35.619522],[76.883575,35.619351],[76.883607,35.619336],[76.883988,35.619104],[76.884024,35.619078],[76.884368,35.618828],[76.88475,35.618642],[76.885188,35.6185],[76.885569,35.618268],[76.886004,35.617991],[76.886385,35.61776],[76.88671,35.617484],[76.886923,35.617165],[76.887136,35.616846],[76.887183,35.616485],[76.887208,35.616259],[76.887558,35.616081],[76.887892,35.615797],[76.888397,35.61551],[76.888904,35.615293],[76.889239,35.615009],[76.889744,35.614723],[76.890166,35.614507],[76.890156,35.614089],[76.889723,35.613817],[76.889204,35.613547],[76.888773,35.613344],[76.888343,35.613212],[76.887912,35.61301],[76.88731,35.61281],[76.887273,35.612798],[76.887309,35.612472],[76.887356,35.61211],[76.887458,35.611748],[76.887615,35.611385],[76.887827,35.611021],[76.888038,35.610612],[76.888195,35.610249],[76.888408,35.609885],[76.888621,35.609566],[76.888832,35.609157],[76.889044,35.608794],[76.889311,35.608384],[76.889524,35.608065],[76.889736,35.607701],[76.889948,35.607337],[76.890161,35.606973],[76.890262,35.606611],[76.890309,35.60625],[76.8903,35.605844],[76.890236,35.605485],[76.890008,35.605173],[76.889725,35.604862],[76.889551,35.604504],[76.889377,35.604146],[76.889312,35.603741],[76.889248,35.603382],[76.889573,35.603106],[76.890069,35.603098],[76.890208,35.603207],[76.8918,35.603953],[76.8927,35.605424],[76.893745,35.605691],[76.894623,35.606172],[76.894388,35.607237],[76.894673,35.608293],[76.894426,35.608862],[76.893401,35.609444],[76.892417,35.611793],[76.891856,35.613712],[76.890344,35.615715],[76.88866,35.617722],[76.887319,35.619652],[76.886687,35.620055],[76.886662,35.620144],[76.886281,35.620375],[76.885899,35.620562],[76.88546,35.620704],[76.884964,35.620712],[76.884357,35.620721],[76.883914,35.620683]],[[76.871052,35.640201],[76.871043,35.639829],[76.871159,35.639455],[76.871527,35.639247],[76.871594,35.639182],[76.87165,35.639211],[76.871853,35.63929],[76.872068,35.639374],[76.87212,35.639484],[76.872242,35.639743],[76.872251,35.640115],[76.872342,35.640485],[76.872467,35.640517],[76.872221,35.640622],[76.871766,35.640629],[76.871309,35.640569],[76.871052,35.640201]],[[76.870457,35.639568],[76.870121,35.63937],[76.869704,35.639241],[76.869325,35.638977],[76.868948,35.63878],[76.868895,35.638711],[76.86891,35.637836],[76.868842,35.637767],[76.868586,35.637467],[76.868207,35.637203],[76.86783,35.637006],[76.867413,35.636877],[76.867036,35.63668],[76.866659,35.636483],[76.866402,35.636149],[76.866261,35.635875],[76.865944,35.63578],[76.865405,35.63494],[76.864842,35.633932],[76.864777,35.633909],[76.864358,35.633713],[76.863771,35.633384],[76.863597,35.633048],[76.863589,35.632677],[76.86358,35.632305],[76.863696,35.631931],[76.863895,35.63159],[76.864348,35.631482],[76.864758,35.63134],[76.865211,35.631232],[76.865707,35.63119],[76.866085,35.631421],[76.866182,35.63169],[76.866307,35.631698],[76.866384,35.631788],[76.866506,35.631947],[76.866509,35.632069],[76.866453,35.632438],[76.866463,35.632858],[76.866535,35.633224],[76.866927,35.63348],[76.86738,35.633578],[76.867832,35.633676],[76.868352,35.633878],[76.868805,35.634029],[76.869071,35.634392],[76.869209,35.63481],[76.869321,35.635013],[76.869237,35.635158],[76.869204,35.635531],[76.869295,35.635901],[76.869714,35.636097],[76.87017,35.636124],[76.870625,35.636117],[76.870672,35.636116],[76.871065,35.636195],[76.872294,35.636884],[76.872148,35.637083],[76.87181,35.637214],[76.871401,35.637423],[76.871047,35.63769],[76.870705,35.637772],[76.870423,35.638081],[76.870431,35.638453],[76.87044,35.638824],[76.870449,35.639196],[76.870457,35.639568]],[[76.836537,35.609655],[76.836299,35.609659],[76.835785,35.609667],[76.835448,35.609952],[76.835224,35.610189],[76.834794,35.610096],[76.834342,35.609998],[76.834169,35.609981],[76.834463,35.609681],[76.834648,35.609311],[76.834832,35.60894],[76.835082,35.608621],[76.835331,35.60825],[76.835515,35.60788],[76.8357,35.607509],[76.835883,35.607086],[76.836067,35.606716],[76.836179,35.606491],[76.836323,35.60666],[76.836778,35.606863],[76.83717,35.607119],[76.837371,35.607484],[76.837315,35.607852],[76.837323,35.60822],[76.837203,35.608589],[76.836889,35.608909],[76.836641,35.609333],[76.836537,35.609655]],[[76.826416,35.612114],[76.826745,35.612424],[76.827063,35.61259],[76.827295,35.612961],[76.827415,35.613324],[76.827535,35.613687],[76.827292,35.613833],[76.826846,35.61405],[76.826465,35.614266],[76.826151,35.614586],[76.825836,35.614853],[76.825586,35.615172],[76.825401,35.615542],[76.82541,35.61591],[76.825355,35.616331],[76.825235,35.6167],[76.825114,35.61707],[76.824669,35.617286],[76.824223,35.617451],[76.824163,35.617466],[76.824154,35.617075],[76.82398,35.616738],[76.823639,35.616403],[76.823218,35.616205],[76.822718,35.616212],[76.822304,35.616355],[76.821891,35.616497],[76.821392,35.616573],[76.820896,35.616716],[76.820482,35.616859],[76.820069,35.617001],[76.819657,35.617211],[76.81916,35.617355],[76.818747,35.617497],[76.818247,35.617505],[76.817745,35.617444],[76.817324,35.617247],[76.816985,35.61698],[76.816882,35.616845],[76.816972,35.616525],[76.817301,35.616246],[76.817628,35.615876],[76.818069,35.615596],[76.818518,35.61568],[76.818967,35.615765],[76.819416,35.615849],[76.819861,35.615751],[76.820303,35.615562],[76.820746,35.615373],[76.820742,35.615169],[76.821019,35.615136],[76.821468,35.615077],[76.821917,35.615018],[76.82243,35.614957],[76.82288,35.61495],[76.823329,35.614891],[76.823839,35.614726],[76.824286,35.614562],[76.824733,35.61445],[76.82518,35.614286],[76.825626,35.614121],[76.826007,35.613905],[76.826257,35.613587],[76.826184,35.61322],[76.82592,35.612909],[76.825847,35.612543],[76.825838,35.612123],[76.826088,35.611804],[76.826416,35.612114]],[[76.904613,35.604312],[76.904221,35.604092],[76.903778,35.604009],[76.903333,35.603881],[76.902782,35.60389],[76.902338,35.603807],[76.901842,35.603815],[76.901721,35.603804],[76.900557,35.603443],[76.899303,35.604122],[76.898507,35.604606],[76.89711,35.604157],[76.896973,35.603525],[76.896695,35.60322],[76.896521,35.602862],[76.896511,35.602456],[76.896448,35.602097],[76.896438,35.601691],[76.896429,35.601286],[76.896365,35.600926],[76.896355,35.600521],[76.896346,35.600115],[76.896503,35.599752],[76.896605,35.59939],[76.896818,35.599071],[76.897258,35.599019],[76.897754,35.598966],[76.89825,35.598958],[76.898502,35.598954],[76.898602,35.598853],[76.902388,35.597851],[76.903284,35.596705],[76.906386,35.59609],[76.906686,35.595997],[76.90701,35.596025],[76.907453,35.596063],[76.907949,35.596056],[76.908496,35.596047],[76.909642,35.597076],[76.909454,35.59887],[76.90913,35.599294],[76.909135,35.599507],[76.909144,35.599913],[76.909154,35.600318],[76.909107,35.60068],[76.909061,35.601041],[76.909014,35.601402],[76.909024,35.601808],[76.909033,35.602213],[76.908989,35.602665],[76.908943,35.603071],[76.908897,35.603432],[76.908907,35.603838],[76.908861,35.604244],[76.90876,35.604652],[76.908659,35.605014],[76.908502,35.605377],[76.908401,35.605784],[76.908379,35.605835],[76.908383,35.606012],[76.908385,35.606096],[76.908008,35.606164],[76.907587,35.606344],[76.907167,35.606524],[76.906747,35.606704],[76.906329,35.60697],[76.905909,35.60715],[76.905597,35.607415],[76.905068,35.60751],[76.904865,35.60786],[76.904661,35.60821],[76.904457,35.60856],[76.904036,35.60874],[76.903964,35.608802],[76.90321,35.608209],[76.903012,35.607034],[76.903236,35.606767],[76.903505,35.606448],[76.903829,35.606172],[76.904209,35.605896],[76.904591,35.605709],[76.904859,35.605389],[76.904906,35.605028],[76.904787,35.604669],[76.904613,35.604312]],[[76.908404,35.606913],[76.908409,35.607114],[76.908418,35.607481],[76.908428,35.607901],[76.908432,35.608082],[76.908057,35.608243],[76.907527,35.608251],[76.907202,35.607997],[76.907086,35.607565],[76.907398,35.6073],[76.907818,35.60712],[76.908344,35.606939],[76.908404,35.606913]],[[76.826212,35.617263],[76.826663,35.617309],[76.826993,35.617671],[76.827322,35.617981],[76.827586,35.618292],[76.827599,35.618316],[76.827532,35.618431],[76.827205,35.618708],[76.826767,35.618987],[76.82644,35.619264],[76.826113,35.619541],[76.826121,35.619904],[76.82613,35.620266],[76.826236,35.620662],[76.825913,35.620459],[76.825478,35.620185],[76.825213,35.619839],[76.824864,35.619565],[76.824597,35.619149],[76.824445,35.618853],[76.824767,35.618755],[76.825082,35.618488],[76.825398,35.61822],[76.825778,35.617952],[76.825962,35.617582],[76.826212,35.617263]],[[76.815607,35.608339],[76.815207,35.608345],[76.814697,35.608563],[76.814188,35.60878],[76.813872,35.609048],[76.813558,35.609368],[76.813308,35.609686],[76.813058,35.610005],[76.812998,35.609967],[76.812539,35.609788],[76.812084,35.609795],[76.811631,35.609895],[76.811275,35.609959],[76.809987,35.609759],[76.809536,35.609169],[76.810009,35.608565],[76.810361,35.608207],[76.810414,35.608227],[76.810861,35.608221],[76.81131,35.608305],[76.811757,35.608298],[76.812316,35.60829],[76.812762,35.608283],[76.813211,35.608368],[76.813656,35.60827],[76.813871,35.607902],[76.813863,35.607537],[76.813855,35.607172],[76.813854,35.60713],[76.814382,35.607261],[76.814814,35.607394],[76.815331,35.607526],[76.815847,35.607589],[76.815942,35.608007],[76.815606,35.608292],[76.815607,35.608339]],[[76.83951,35.617407],[76.839908,35.617641],[76.840255,35.617915],[76.840715,35.618094],[76.841176,35.618365],[76.841635,35.618544],[76.841983,35.618817],[76.842105,35.619187],[76.842341,35.619555],[76.842463,35.619925],[76.842537,35.620148],[76.841937,35.620405],[76.841848,35.620533],[76.841728,35.620418],[76.840731,35.620352],[76.840286,35.620178],[76.839895,35.620004],[76.83979,35.619921],[76.839783,35.619605],[76.839774,35.619242],[76.839655,35.618881],[76.839647,35.618518],[76.839525,35.618066],[76.839517,35.617704],[76.83951,35.617407]],[[76.838231,35.614911],[76.838334,35.614546],[76.838547,35.61418],[76.83865,35.613815],[76.838647,35.613674],[76.83888,35.61382],[76.83906,35.614168],[76.839155,35.614586],[76.839252,35.615075],[76.839309,35.615142],[76.839054,35.615146],[76.838604,35.615339],[76.83845,35.615602],[76.838239,35.615273],[76.838231,35.614911]],[[76.932452,35.586921],[76.932896,35.587049],[76.933341,35.587177],[76.933785,35.587305],[76.934176,35.587479],[76.934568,35.587743],[76.93496,35.587963],[76.935297,35.588228],[76.935449,35.588329],[76.935468,35.58845],[76.935532,35.58881],[76.935542,35.589215],[76.935552,35.589621],[76.935616,35.58998],[76.935625,35.590386],[76.93569,35.59079],[76.935809,35.591149],[76.935983,35.591507],[76.936158,35.591865],[76.936386,35.592176],[76.936614,35.592488],[76.936788,35.592846],[76.936962,35.593204],[76.937192,35.593561],[76.937311,35.593919],[76.937432,35.594368],[76.93748,35.594669],[76.937337,35.595001],[76.937125,35.595365],[76.936912,35.595684],[76.936644,35.596003],[76.936319,35.596279],[76.935995,35.596555],[76.93567,35.59683],[76.935457,35.597149],[76.935244,35.597468],[76.935088,35.597876],[76.934987,35.598239],[76.93494,35.5986],[76.93495,35.598987],[76.934674,35.59903],[76.934253,35.599245],[76.933918,35.599529],[76.933671,35.599882],[76.933248,35.600028],[76.932652,35.600107],[76.932142,35.600185],[76.931631,35.600193],[76.931199,35.599991],[76.93085,35.599648],[76.930434,35.599387],[76.93043,35.599213],[76.93042,35.598808],[76.930192,35.598496],[76.929962,35.598139],[76.929798,35.597883],[76.929733,35.597782],[76.929504,35.597425],[76.929276,35.597113],[76.929047,35.596801],[76.928819,35.59649],[76.928424,35.596135],[76.928032,35.595871],[76.92764,35.595652],[76.92725,35.595478],[76.92675,35.595351],[76.926305,35.595223],[76.92586,35.595049],[76.92579,35.595032],[76.924889,35.595093],[76.923376,35.59335],[76.922808,35.592105],[76.922864,35.592077],[76.923301,35.59189],[76.923738,35.591703],[76.924006,35.591383],[76.92444,35.591061],[76.924985,35.590782],[76.925365,35.590505],[76.925689,35.590229],[76.926013,35.589909],[76.926392,35.589632],[76.926605,35.589313],[76.926817,35.588949],[76.927255,35.588807],[76.927695,35.588755],[76.928192,35.588747],[76.928688,35.588739],[76.929185,35.588731],[76.929625,35.588679],[76.930121,35.588671],[76.930559,35.588529],[76.930939,35.588252],[76.931263,35.587977],[76.931532,35.587657],[76.9318,35.587337],[76.932013,35.587018],[76.932452,35.586921]],[[76.836662,35.61518],[76.836514,35.615006],[76.836377,35.61464],[76.836304,35.614274],[76.836296,35.613907],[76.836352,35.613538],[76.836355,35.613514],[76.836734,35.613375],[76.837181,35.613263],[76.837447,35.613228],[76.837607,35.61329],[76.837529,35.613379],[76.837202,35.613656],[76.836988,35.614022],[76.836885,35.614387],[76.836783,35.614751],[76.83668,35.615116],[76.836662,35.61518]],[[76.827071,35.645749],[76.826755,35.646016],[76.826375,35.646285],[76.82606,35.646552],[76.825611,35.646611],[76.825346,35.6463],[76.824956,35.646096],[76.824797,35.646099],[76.824719,35.6461],[76.824773,35.645797],[76.824848,35.645385],[76.825006,35.644972],[76.824997,35.644561],[76.825071,35.644149],[76.824896,35.64381],[76.824637,35.643471],[76.824382,35.643074],[76.824435,35.643006],[76.824685,35.642687],[76.824805,35.642318],[76.82499,35.641947],[76.82511,35.641578],[76.825102,35.64121],[76.825028,35.640791],[76.824954,35.640373],[76.824946,35.640003],[76.825108,35.640001],[76.82554,35.639994],[76.826194,35.639407],[76.827462,35.639468],[76.827926,35.640575],[76.827558,35.641234],[76.827645,35.641465],[76.827684,35.641636],[76.827368,35.641859],[76.826923,35.642076],[76.826542,35.642291],[76.826291,35.64261],[76.826043,35.642982],[76.825727,35.643249],[76.825478,35.64362],[76.825422,35.643989],[76.825495,35.644355],[76.825686,35.644462],[76.825951,35.644611],[76.826405,35.644761],[76.826857,35.64486],[76.827311,35.64501],[76.827319,35.645378],[76.827071,35.645749]],[[76.95713,35.592811],[76.956805,35.592556],[76.956377,35.59239],[76.955948,35.592223],[76.955418,35.592232],[76.955367,35.592233],[76.955583,35.592095],[76.955864,35.591816],[76.955617,35.591506],[76.955417,35.591157],[76.955264,35.590806],[76.95478,35.590618],[76.9543,35.590626],[76.953821,35.590634],[76.953341,35.590642],[76.952813,35.59065],[76.950518,35.590962],[76.950566,35.590961],[76.950718,35.591311],[76.95106,35.591541],[76.951402,35.59181],[76.951837,35.59192],[76.952365,35.591951],[76.952799,35.592022],[76.953234,35.592172],[76.953719,35.59236],[76.954144,35.592385],[76.953834,35.592518],[76.953308,35.5927],[76.95278,35.592795],[76.95236,35.592975],[76.952098,35.592896],[76.951669,35.592763],[76.951239,35.592631],[76.950808,35.592429],[76.95046,35.592156],[76.950195,35.591812],[76.949846,35.591469],[76.949413,35.591197],[76.949226,35.59111],[76.949322,35.590812],[76.949251,35.590454],[76.949054,35.590098],[76.948964,35.589993],[76.948795,35.589794],[76.94866,35.589437],[76.9484,35.589082],[76.948079,35.588779],[76.947919,35.588696],[76.947996,35.588519],[76.947986,35.588113],[76.94778,35.587832],[76.947416,35.58772],[76.946887,35.58765],[76.946405,35.58754],[76.945922,35.58743],[76.945534,35.587241],[76.945143,35.586973],[76.944943,35.586623],[76.944649,35.586354],[76.944354,35.586084],[76.94406,35.585815],[76.943859,35.585426],[76.943611,35.585116],[76.943458,35.584727],[76.943457,35.584702],[76.943249,35.584545],[76.943175,35.584404],[76.942967,35.584264],[76.94253,35.584036],[76.942282,35.583727],[76.942033,35.583339],[76.941928,35.582988],[76.941919,35.582596],[76.941956,35.582125],[76.942091,35.58177],[76.942226,35.581415],[76.942361,35.581021],[76.942544,35.580666],[76.942727,35.58031],[76.94296,35.579993],[76.943241,35.579714],[76.94357,35.579434],[76.943851,35.579155],[76.944132,35.578876],[76.944364,35.578559],[76.944694,35.578319],[76.94522,35.578232],[76.945653,35.578303],[76.946026,35.578522],[76.946131,35.578417],[76.94779,35.579026],[76.950675,35.580182],[76.953755,35.582253],[76.954739,35.583581],[76.9559,35.585047],[76.956063,35.585671],[76.956378,35.586878],[76.956682,35.588712],[76.957246,35.590541],[76.958797,35.592242],[76.958847,35.592264],[76.959184,35.592529],[76.959575,35.592703],[76.959687,35.592856],[76.959253,35.592863],[76.958723,35.592872],[76.958192,35.59288],[76.957662,35.592889],[76.95713,35.592811]],[[76.89593,35.56837],[76.895857,35.568005],[76.895594,35.567696],[76.895142,35.567494],[76.894689,35.567292],[76.894238,35.567143],[76.89385,35.56694],[76.8934,35.566842],[76.89295,35.566745],[76.892498,35.566595],[76.892047,35.566445],[76.891539,35.56661],[76.891226,35.566876],[76.891043,35.567245],[76.890668,35.567617],[76.890289,35.567832],[76.890235,35.56787],[76.890028,35.567627],[76.88958,35.567581],[76.889202,35.567632],[76.88932,35.567429],[76.889502,35.567008],[76.889685,35.566639],[76.889805,35.566272],[76.889796,35.565906],[76.889851,35.565539],[76.889971,35.565172],[76.890154,35.564803],[76.890201,35.564494],[76.890616,35.564487],[76.891106,35.564479],[76.891598,35.564552],[76.892088,35.564544],[76.892317,35.564541],[76.892508,35.564296],[76.892754,35.563874],[76.892937,35.563505],[76.893057,35.563137],[76.89324,35.562769],[76.893423,35.5624],[76.893542,35.562032],[76.893534,35.561667],[76.893524,35.561249],[76.893514,35.560831],[76.893505,35.560465],[76.893497,35.5601],[76.893616,35.559732],[76.893799,35.559363],[76.894045,35.558941],[76.894163,35.558521],[76.894282,35.558154],[76.894274,35.557788],[76.894329,35.557421],[76.89432,35.557056],[76.894312,35.55669],[76.894303,35.556324],[76.894293,35.555907],[76.894285,35.555541],[76.894148,35.555177],[76.894012,35.554814],[76.893812,35.554451],[76.893675,35.554087],[76.893482,35.553738],[76.89289,35.553294],[76.890641,35.553329],[76.889107,35.552411],[76.888862,35.552415],[76.888401,35.552422],[76.888261,35.552291],[76.887872,35.552036],[76.887418,35.551782],[76.88703,35.551579],[76.886767,35.551269],[76.886378,35.551066],[76.885989,35.550811],[76.885536,35.550609],[76.885084,35.550407],[76.884758,35.550151],[76.884306,35.549949],[76.883852,35.549695],[76.8834,35.549493],[76.883011,35.549238],[76.882496,35.549089],[76.882046,35.548992],[76.881534,35.549],[76.881089,35.549111],[76.880583,35.549328],[76.880011,35.549494],[76.879502,35.549606],[76.879124,35.549821],[76.87881,35.550087],[76.878366,35.550251],[76.877859,35.550416],[76.877416,35.550631],[76.877039,35.550899],[76.876662,35.551218],[76.87622,35.551434],[76.875775,35.551545],[76.875327,35.551552],[76.875238,35.551554],[76.875231,35.551241],[76.875483,35.550918],[76.875868,35.5507],[76.876253,35.550481],[76.876638,35.550263],[76.877152,35.550043],[76.877537,35.549824],[76.87779,35.549502],[76.878042,35.549179],[76.877902,35.548756],[76.877383,35.548764],[76.876863,35.548773],[76.876343,35.548781],[76.875826,35.548895],[76.875306,35.548903],[76.874789,35.549017],[76.874272,35.549132],[76.873887,35.54935],[76.873368,35.549358],[76.87285,35.549472],[76.872598,35.549795],[76.872478,35.550222],[76.872488,35.550646],[76.872498,35.551071],[76.872507,35.551496],[76.872517,35.55192],[76.872519,35.551994],[76.872145,35.552177],[76.871639,35.552446],[76.871262,35.552713],[76.870883,35.552928],[76.87057,35.553194],[76.87013,35.553514],[76.869699,35.55388],[76.869579,35.553902],[76.869311,35.553776],[76.868789,35.553678],[76.868264,35.553473],[76.86787,35.553267],[76.867345,35.553063],[76.866825,35.553071],[76.866333,35.553179],[76.866436,35.552713],[76.866426,35.552288],[76.866544,35.551755],[76.866534,35.551331],[76.866267,35.551016],[76.865617,35.551026],[76.864967,35.551036],[76.864317,35.551046],[76.8638,35.55116],[76.86328,35.551169],[76.86276,35.551177],[76.862241,35.551185],[76.861721,35.551193],[76.861071,35.551203],[76.860676,35.550996],[76.860154,35.550898],[76.859632,35.5508],[76.859112,35.550808],[76.85846,35.550712],[76.85794,35.55072],[76.857555,35.550938],[76.857302,35.551261],[76.85705,35.551583],[76.856797,35.551906],[76.856807,35.552331],[76.856817,35.552756],[76.856829,35.553287],[76.856576,35.553609],[76.856324,35.553932],[76.855807,35.554046],[76.855686,35.554473],[76.855436,35.554902],[76.855446,35.555326],[76.855456,35.555751],[76.855723,35.556066],[76.85599,35.55638],[76.856388,35.556693],[76.856683,35.556926],[76.856653,35.556963],[76.85634,35.557281],[76.855963,35.557548],[76.855521,35.557816],[76.855079,35.558032],[76.854637,35.5583],[76.854194,35.558516],[76.853752,35.558732],[76.853373,35.558947],[76.852994,35.559161],[76.852615,35.559376],[76.852238,35.559643],[76.851924,35.559909],[76.851545,35.560124],[76.851104,35.560392],[76.850807,35.560572],[76.850654,35.560295],[76.850203,35.560145],[76.849753,35.560047],[76.849309,35.560211],[76.848864,35.560322],[76.848357,35.560539],[76.847914,35.560703],[76.84747,35.560866],[76.847027,35.561082],[76.846648,35.561297],[76.846768,35.560929],[76.846951,35.560561],[76.847007,35.560194],[76.847103,35.559898],[76.847135,35.559898],[76.847583,35.559612],[76.847918,35.559328],[76.848252,35.559045],[76.848471,35.55867],[76.848805,35.558386],[76.849138,35.558009],[76.849472,35.557725],[76.849807,35.557441],[76.850141,35.557158],[76.850476,35.556874],[76.850808,35.556497],[76.851027,35.556122],[76.851246,35.555747],[76.851578,35.55537],[76.851797,35.554995],[76.852132,35.554712],[76.85235,35.554337],[76.852685,35.554053],[76.852903,35.553678],[76.853352,35.553392],[76.85357,35.553017],[76.853905,35.552733],[76.854124,35.552358],[76.854458,35.552075],[76.854677,35.5517],[76.854896,35.551325],[76.855228,35.550948],[76.855447,35.550573],[76.855665,35.550198],[76.855884,35.549823],[76.856216,35.549446],[76.856669,35.549346],[76.857123,35.549339],[76.857578,35.549332],[76.858032,35.549325],[76.858487,35.549318],[76.858941,35.549311],[76.859621,35.549208],[76.860414,35.549103],[76.861092,35.548907],[76.861547,35.5489],[76.861999,35.5488],[76.862449,35.548607],[76.862904,35.5486],[76.863356,35.5485],[76.863808,35.5484],[76.864377,35.548391],[76.86494,35.548197],[76.865393,35.548097],[76.865841,35.547811],[76.866291,35.547618],[76.866308,35.54756],[76.86649,35.547631],[76.866921,35.547833],[76.867436,35.547965],[76.867865,35.548097],[76.868296,35.5483],[76.868808,35.548292],[76.86923,35.548146],[76.86974,35.548068],[76.870252,35.54806],[76.870763,35.548052],[76.871276,35.548114],[76.871872,35.548105],[76.872385,35.548167],[76.872897,35.548159],[76.87341,35.54822],[76.873921,35.548212],[76.874432,35.548204],[76.875029,35.548195],[76.87554,35.548187],[76.87605,35.54811],[76.876471,35.547894],[76.876806,35.54761],[76.877225,35.547325],[76.87756,35.547041],[76.877981,35.546825],[76.878402,35.54661],[76.878737,35.546326],[76.878812,35.545907],[76.878888,35.545487],[76.878963,35.545068],[76.878953,35.54465],[76.879029,35.544231],[76.879191,35.54388],[76.879353,35.543529],[76.879601,35.543177],[76.879763,35.542826],[76.880184,35.54261],[76.880604,35.542325],[76.881027,35.542179],[76.881448,35.541964],[76.881782,35.54168],[76.882164,35.541484],[76.882338,35.5418],[76.882714,35.542154],[76.882874,35.542312],[76.882944,35.542571],[76.883248,35.542967],[76.883549,35.543283],[76.883851,35.543599],[76.884248,35.543833],[76.884648,35.544147],[76.885047,35.544462],[76.885349,35.544778],[76.885747,35.545012],[76.886048,35.545327],[76.886446,35.545562],[76.886843,35.545796],[76.887241,35.54603],[76.887639,35.546264],[76.888038,35.546578],[76.888532,35.546731],[76.88893,35.546965],[76.889327,35.547199],[76.889623,35.546839],[76.889881,35.546904],[76.890306,35.547104],[76.890703,35.547338],[76.891101,35.547572],[76.891403,35.547888],[76.891487,35.548051],[76.891493,35.548321],[76.891502,35.548687],[76.891576,35.549104],[76.891712,35.549467],[76.891848,35.549831],[76.892112,35.55014],[76.892437,35.550397],[76.892826,35.550599],[76.893151,35.550856],[76.89354,35.551059],[76.893991,35.551208],[76.894379,35.551411],[76.894828,35.551456],[76.895276,35.551449],[76.895721,35.551338],[76.89595,35.551334],[76.896849,35.552383],[76.897412,35.554212],[76.898811,35.556143],[76.898756,35.55651],[76.898767,35.556997],[76.898779,35.557485],[76.89879,35.557973],[76.8988,35.55839],[76.89881,35.558808],[76.89882,35.559226],[76.898829,35.559644],[76.898839,35.560062],[76.898849,35.56048],[76.898944,35.560896],[76.899039,35.561313],[76.899049,35.561731],[76.899144,35.562147],[76.899239,35.562564],[76.899336,35.56305],[76.899346,35.563468],[76.899441,35.563885],[76.899536,35.564301],[76.8998,35.564645],[76.899979,35.564991],[76.900154,35.565219],[76.900133,35.565444],[76.899709,35.565907],[76.899465,35.566381],[76.899537,35.566746],[76.899546,35.567111],[76.899297,35.567429],[76.898985,35.567747],[76.898608,35.568014],[76.898294,35.568281],[76.898239,35.568647],[76.898311,35.569012],[76.89832,35.569378],[76.898393,35.569742],[76.898416,35.569813],[76.898295,35.569895],[76.89797,35.57024],[76.897506,35.570122],[76.896992,35.570026],[76.896478,35.569929],[76.89609,35.569726],[76.896025,35.569692],[76.89602,35.569466],[76.896011,35.5691],[76.895939,35.568736],[76.89593,35.56837]],[[76.877961,35.579444],[76.877802,35.579349],[76.877824,35.579431],[76.877835,35.579912],[76.877548,35.580237],[76.877262,35.580561],[76.877075,35.580965],[76.876788,35.58129],[76.876511,35.581432],[76.876464,35.581112],[76.876391,35.580695],[76.876318,35.58033],[76.87631,35.579965],[76.876236,35.579548],[76.876036,35.579185],[76.875647,35.578982],[76.875258,35.578779],[76.874813,35.57889],[76.874436,35.579158],[76.874047,35.578955],[76.874039,35.578589],[76.87403,35.578223],[76.873894,35.57786],[76.873693,35.577497],[76.873429,35.577135],[76.873229,35.576773],[76.87284,35.57657],[76.872389,35.57642],[76.871939,35.576322],[76.871551,35.576119],[76.871225,35.575863],[76.870774,35.575713],[76.870262,35.575721],[76.869752,35.575781],[76.869245,35.575998],[76.868956,35.576105],[76.868801,35.576162],[76.868413,35.575959],[76.868404,35.575593],[76.868587,35.575225],[76.868835,35.574855],[76.869148,35.574589],[76.869591,35.574373],[76.870035,35.574209],[76.87048,35.574098],[76.8707,35.574055],[76.872704,35.57302],[76.875954,35.571343],[76.880192,35.569213],[76.880073,35.568984],[76.880339,35.56898],[76.880676,35.568975],[76.8808,35.569261],[76.880639,35.569683],[76.880478,35.570105],[76.880316,35.570527],[76.880326,35.570946],[76.880334,35.571277],[76.880075,35.571388],[76.879632,35.571604],[76.879319,35.57187],[76.879327,35.572236],[76.8794,35.5726],[76.879408,35.572966],[76.879417,35.573332],[76.879298,35.573699],[76.879306,35.574065],[76.879315,35.574431],[76.879387,35.574795],[76.879512,35.575172],[76.879103,35.575405],[76.878716,35.575651],[76.87833,35.575897],[76.877923,35.576105],[76.877817,35.576022],[76.877744,35.575657],[76.877672,35.575293],[76.87747,35.574878],[76.877398,35.574513],[76.877135,35.574203],[76.876872,35.573894],[76.876423,35.573849],[76.876046,35.574168],[76.875798,35.574486],[76.875743,35.574852],[76.876006,35.575162],[76.87627,35.575523],[76.87647,35.575886],[76.876479,35.576252],[76.876553,35.576669],[76.876753,35.577031],[76.877017,35.577393],[76.87723,35.577626],[76.877961,35.579444]],[[76.993505,35.583713],[76.994019,35.583705],[76.994703,35.583624],[76.994969,35.583969],[76.994633,35.584255],[76.99456,35.584746],[76.99457,35.585166],[76.994571,35.585199],[76.994451,35.585458],[76.994203,35.585812],[76.99404,35.586165],[76.993878,35.586518],[76.993802,35.586939],[76.99364,35.587292],[76.99365,35.587712],[76.99383,35.588059],[76.99418,35.588333],[76.994283,35.588365],[76.994612,35.588466],[76.995129,35.588597],[76.995561,35.58873],[76.995995,35.588933],[76.996175,35.58928],[76.996012,35.589633],[76.995501,35.589781],[76.994987,35.58979],[76.994473,35.589798],[76.994041,35.589665],[76.993692,35.589391],[76.993342,35.589117],[76.993156,35.58903],[76.991901,35.589771],[76.991384,35.589639],[76.990952,35.589507],[76.99052,35.589374],[76.990006,35.589382],[76.98967,35.589668],[76.989238,35.589535],[76.988722,35.589473],[76.988212,35.589622],[76.988137,35.590043],[76.988061,35.590464],[76.987986,35.590886],[76.987738,35.59124],[76.987224,35.591248],[76.986708,35.591187],[76.986276,35.591054],[76.98559,35.591065],[76.985428,35.591418],[76.985438,35.591838],[76.985449,35.592258],[76.985545,35.592676],[76.985553,35.592713],[76.985641,35.593095],[76.986074,35.593298],[76.986343,35.593293],[76.986588,35.593289],[76.987099,35.593141],[76.987524,35.592994],[76.988034,35.592845],[76.988634,35.592835],[76.98915,35.592897],[76.989428,35.592892],[76.989436,35.593215],[76.989445,35.59358],[76.989454,35.593944],[76.989529,35.594118],[76.988984,35.594276],[76.988415,35.594379],[76.988305,35.594427],[76.987963,35.594573],[76.987511,35.594768],[76.987058,35.594962],[76.986606,35.595156],[76.986042,35.595445],[76.985592,35.595733],[76.985141,35.59602],[76.984922,35.596397],[76.984703,35.596774],[76.984367,35.59706],[76.984031,35.597345],[76.983926,35.59772],[76.983836,35.598133],[76.983672,35.598097],[76.983156,35.598036],[76.982639,35.597904],[76.982123,35.597843],[76.981851,35.597774],[76.98185,35.597745],[76.981599,35.597355],[76.981161,35.597165],[76.980678,35.597134],[76.980145,35.597064],[76.97971,35.596992],[76.979227,35.596961],[76.978648,35.59697],[76.978201,35.596978],[76.978214,35.596938],[76.978462,35.596566],[76.97871,35.596195],[76.978893,35.595824],[76.979208,35.595556],[76.979589,35.59534],[76.979387,35.594976],[76.978937,35.594983],[76.978491,35.595148],[76.977982,35.595367],[76.97753,35.595269],[76.977456,35.594903],[76.977255,35.594538],[76.976864,35.594335],[76.976473,35.594131],[76.976082,35.593928],[76.975634,35.593987],[76.975514,35.594357],[76.975652,35.594722],[76.975725,35.595089],[76.97567,35.595457],[76.97562,35.595612],[76.975361,35.595616],[76.974906,35.595623],[76.974456,35.595816],[76.974003,35.595917],[76.973549,35.595924],[76.973096,35.596025],[76.972727,35.596031],[76.972726,35.595978],[76.972781,35.595609],[76.972772,35.595242],[76.972441,35.59488],[76.971923,35.594731],[76.971405,35.594582],[76.970957,35.594642],[76.970578,35.59491],[76.970328,35.595229],[76.970145,35.5956],[76.969699,35.595765],[76.969517,35.595789],[76.969593,35.595659],[76.969693,35.595201],[76.969908,35.594833],[76.970004,35.59449],[76.970406,35.594341],[76.970849,35.594125],[76.971227,35.59391],[76.971541,35.593643],[76.971787,35.593273],[76.972098,35.592902],[76.972217,35.592627],[76.972265,35.592646],[76.972708,35.592699],[76.973223,35.59269],[76.973737,35.592682],[76.974326,35.592672],[76.974576,35.592668],[76.974687,35.592465],[76.975865,35.591597],[76.97597,35.591637],[76.976297,35.591945],[76.976686,35.592148],[76.977075,35.592351],[76.977401,35.592607],[76.977854,35.592808],[76.978297,35.592644],[76.978546,35.592326],[76.978716,35.592181],[76.978833,35.592273],[76.979276,35.592083],[76.97972,35.591985],[76.980169,35.592068],[76.98062,35.592244],[76.981067,35.592236],[76.981395,35.591957],[76.981498,35.59159],[76.981601,35.591224],[76.981815,35.590855],[76.981841,35.590761],[76.981918,35.590488],[76.982246,35.590209],[76.982407,35.590072],[76.982914,35.590269],[76.983347,35.590472],[76.983863,35.590534],[76.984375,35.590455],[76.9848,35.590308],[76.985309,35.59009],[76.985734,35.589943],[76.985859,35.589854],[76.985917,35.589863],[76.98641,35.589935],[76.98656,35.589932],[76.987173,35.589714],[76.988012,35.58864],[76.990259,35.588461],[76.992498,35.588],[76.992729,35.588033],[76.992932,35.587904],[76.993218,35.587579],[76.993208,35.587178],[76.993206,35.587098],[76.993228,35.586918],[76.993198,35.586802],[76.993129,35.584037],[76.993118,35.583594],[76.993505,35.583713]],[[76.997219,35.594514],[76.997177,35.594614],[76.997102,35.595034],[76.99694,35.595385],[76.996781,35.595875],[76.996621,35.596296],[76.996459,35.596647],[76.996384,35.597066],[76.996224,35.597487],[76.996149,35.597906],[76.995987,35.598257],[76.995951,35.598461],[76.995525,35.598468],[76.994144,35.598491],[76.994225,35.598204],[76.99433,35.597829],[76.99432,35.597455],[76.99454,35.597078],[76.994759,35.596701],[76.994978,35.596324],[76.995197,35.595947],[76.995416,35.59557],[76.995862,35.595096],[76.996198,35.594811],[76.99665,35.594616],[76.997219,35.594514]],[[76.822015,35.644093],[76.822532,35.64419],[76.822982,35.644183],[76.823224,35.644054],[76.823233,35.644451],[76.823243,35.644861],[76.823168,35.645273],[76.823008,35.645618],[76.822681,35.645965],[76.822521,35.64631],[76.822192,35.646589],[76.821948,35.646934],[76.821657,35.647181],[76.821565,35.646935],[76.821115,35.646942],[76.820537,35.647003],[76.820023,35.647011],[76.819573,35.647018],[76.819245,35.64676],[76.818855,35.646556],[76.818401,35.646405],[76.817946,35.646202],[76.817428,35.646052],[76.816911,35.645955],[76.816331,35.645911],[76.815882,35.645971],[76.815757,35.646077],[76.815289,35.646084],[76.814898,35.645909],[76.814945,35.645548],[76.815214,35.645229],[76.815704,35.644906],[76.816085,35.644675],[76.816467,35.644488],[76.816906,35.644347],[76.817346,35.644295],[76.817575,35.644401],[76.818008,35.644604],[76.81844,35.644738],[76.818776,35.644453],[76.81894,35.6441],[76.81954,35.644091],[76.81989,35.644366],[76.820404,35.644358],[76.820395,35.643938],[76.820383,35.643448],[76.820374,35.643028],[76.820372,35.642967],[76.82042,35.64294],[76.820512,35.643065],[76.820841,35.643375],[76.821171,35.643738],[76.821498,35.643996],[76.822015,35.644093]],[[76.926655,35.600525],[76.92693,35.600576],[76.927375,35.600704],[76.927678,35.600792],[76.92782,35.600832],[76.928264,35.600961],[76.92871,35.601134],[76.929153,35.601217],[76.929226,35.601216],[76.929271,35.601415],[76.929619,35.601689],[76.930049,35.601821],[76.93048,35.602023],[76.930828,35.602296],[76.930753,35.602715],[76.930505,35.603068],[76.930258,35.60342],[76.929924,35.603704],[76.929502,35.60392],[76.928905,35.60393],[76.928482,35.604076],[76.928061,35.604291],[76.927884,35.604441],[76.926738,35.603578],[76.925587,35.602536],[76.925713,35.600554],[76.926139,35.600264],[76.926655,35.600525]],[[76.937371,35.601216],[76.937548,35.601492],[76.937813,35.601836],[76.937992,35.602181],[76.938087,35.602598],[76.938097,35.603016],[76.937937,35.603436],[76.937921,35.603478],[76.937843,35.603089],[76.937664,35.602744],[76.937483,35.602329],[76.937388,35.601912],[76.937376,35.601425],[76.937371,35.601216]],[[77.012228,35.589486],[77.011732,35.589495],[77.01129,35.589457],[77.010899,35.589283],[77.010725,35.588925],[77.010826,35.588563],[77.010872,35.588202],[77.010918,35.58784],[77.011019,35.587478],[77.011066,35.587117],[77.011111,35.58671],[77.011157,35.586349],[77.011203,35.585988],[77.011192,35.585537],[77.011238,35.585176],[77.011284,35.584815],[77.01144,35.584451],[77.011764,35.584176],[77.012144,35.583899],[77.012583,35.583801],[77.013022,35.583704],[77.013453,35.583291],[77.013721,35.582971],[77.014045,35.582695],[77.014257,35.582376],[77.014525,35.582056],[77.014549,35.582033],[77.014631,35.581658],[77.014112,35.579404],[77.016384,35.577952],[77.020274,35.576567],[77.022662,35.575398],[77.02269,35.575429],[77.022973,35.57574],[77.023312,35.57605],[77.023487,35.576407],[77.023551,35.576767],[77.023561,35.577172],[77.023571,35.577578],[77.023582,35.577983],[77.023647,35.578388],[77.023657,35.578793],[77.023668,35.579244],[77.02368,35.579692],[77.023608,35.580659],[77.023434,35.582925],[77.024019,35.584682],[77.023959,35.584705],[77.023521,35.584815],[77.02315,35.585026],[77.022714,35.585188],[77.022215,35.58535],[77.021778,35.58546],[77.021342,35.585621],[77.0211,35.585985],[77.021047,35.586396],[77.020994,35.586757],[77.020753,35.587171],[77.020381,35.587383],[77.02001,35.587646],[77.019639,35.587857],[77.019202,35.587967],[77.018699,35.587976],[77.018317,35.587777],[77.017809,35.58758],[77.017367,35.587485],[77.017337,35.587485],[77.017377,35.587171],[77.017539,35.58682],[77.017701,35.586469],[77.017862,35.586118],[77.018024,35.585767],[77.018014,35.585349],[77.017979,35.585315],[77.018016,35.585276],[77.018264,35.584921],[77.018427,35.584569],[77.018502,35.584147],[77.018491,35.583727],[77.018481,35.583308],[77.01847,35.582888],[77.018038,35.582755],[77.017524,35.582763],[77.016928,35.582913],[77.016416,35.582992],[77.01608,35.583278],[77.016005,35.583699],[77.016016,35.584119],[77.016028,35.584609],[77.016124,35.585027],[77.016135,35.585447],[77.016056,35.585521],[77.015635,35.585737],[77.015388,35.58609],[77.014969,35.586375],[77.014809,35.586796],[77.014734,35.587215],[77.014487,35.587568],[77.014153,35.587852],[77.013991,35.588203],[77.013831,35.588624],[77.013841,35.589042],[77.013683,35.589532],[77.013655,35.589618],[77.013556,35.589599],[77.013113,35.589562],[77.012671,35.589524],[77.012228,35.589486]],[[77.030914,35.587616],[77.030904,35.587196],[77.030891,35.586706],[77.031054,35.586353],[77.031129,35.586289],[77.031124,35.586104],[77.031114,35.585699],[77.031108,35.585474],[77.031049,35.585294],[77.030819,35.584938],[77.03059,35.584626],[77.030416,35.584268],[77.030187,35.583957],[77.029958,35.5836],[77.029728,35.583243],[77.029566,35.582912],[77.029198,35.58264],[77.029218,35.581743],[77.02919,35.581585],[77.02907,35.581226],[77.028951,35.580868],[77.02894,35.580462],[77.028766,35.580104],[77.028647,35.579746],[77.028636,35.57934],[77.028626,35.578935],[77.028616,35.578529],[77.028717,35.578167],[77.029097,35.577935],[77.029307,35.578029],[77.02931,35.577923],[77.031184,35.579023],[77.032028,35.580423],[77.033566,35.581906],[77.033645,35.58225],[77.033624,35.582411],[77.033635,35.582817],[77.033588,35.583178],[77.033545,35.58363],[77.033555,35.584035],[77.033565,35.584441],[77.033575,35.584846],[77.03364,35.585205],[77.033814,35.585563],[77.034098,35.585874],[77.03449,35.586093],[77.034882,35.586311],[77.035272,35.586485],[77.035448,35.586535],[77.035887,35.586958],[77.036642,35.587402],[77.037058,35.587266],[77.037498,35.587214],[77.037822,35.586938],[77.038034,35.586619],[77.03808,35.586257],[77.038016,35.585898],[77.037732,35.585587],[77.037339,35.585323],[77.037002,35.585059],[77.036773,35.584747],[77.036545,35.584435],[77.036315,35.584079],[77.036251,35.583719],[77.03624,35.583314],[77.036286,35.582952],[77.036726,35.5829],[77.037226,35.583027],[77.037671,35.583154],[77.038063,35.583373],[77.038238,35.583776],[77.038358,35.584134],[77.038368,35.58454],[77.038432,35.584899],[77.038443,35.585305],[77.038453,35.58571],[77.038463,35.586116],[77.038647,35.586834],[77.038766,35.587192],[77.038776,35.587574],[77.038674,35.587588],[77.038237,35.587698],[77.037803,35.587911],[77.037496,35.588224],[77.037253,35.588536],[77.036945,35.588798],[77.036511,35.589011],[77.036076,35.589223],[77.035704,35.589435],[77.035462,35.589798],[77.035473,35.590209],[77.035483,35.590619],[77.035111,35.590831],[77.034596,35.590875],[77.034594,35.590774],[77.034583,35.590355],[77.034151,35.590222],[77.033637,35.590231],[77.033125,35.590309],[77.032613,35.590388],[77.032188,35.590535],[77.031763,35.590682],[77.031331,35.590549],[77.031065,35.590204],[77.030988,35.58987],[77.030969,35.589785],[77.030957,35.589296],[77.030946,35.588876],[77.030935,35.588456],[77.030925,35.588036],[77.030914,35.587616]],[[77.043443,35.589766],[77.043397,35.589775],[77.043395,35.589715],[77.04347,35.589294],[77.043492,35.589226],[77.043893,35.589179],[77.044388,35.589125],[77.044939,35.589071],[77.045149,35.589029],[77.045433,35.588972],[77.045492,35.588966],[77.045493,35.58899],[77.045501,35.589307],[77.045318,35.589375],[77.045202,35.589736],[77.045148,35.590096],[77.04516,35.590558],[77.044724,35.59072],[77.044465,35.590416],[77.044206,35.590112],[77.043885,35.589861],[77.043443,35.589766]],[[77.065909,35.5806],[77.065519,35.580426],[77.065127,35.580208],[77.064734,35.579944],[77.064341,35.57968],[77.064003,35.579416],[77.06389,35.579361],[77.064097,35.579096],[77.064469,35.578884],[77.064904,35.578722],[77.065403,35.57856],[77.06584,35.57845],[77.066222,35.578648],[77.066233,35.579059],[77.066243,35.579469],[77.066127,35.579831],[77.066076,35.580294],[77.066086,35.580678],[77.065909,35.5806]],[[77.05333,35.580134],[77.053119,35.579848],[77.052609,35.579548],[77.052101,35.579352],[77.051536,35.579361],[77.051277,35.579058],[77.051393,35.578696],[77.051573,35.578334],[77.051815,35.577971],[77.052058,35.577658],[77.052302,35.577346],[77.052609,35.577084],[77.0527,35.57702],[77.05319,35.577519],[77.054512,35.579571],[77.05333,35.580134]],[[76.967259,35.556304],[76.969827,35.552774],[76.969278,35.5492],[76.968565,35.548363],[76.969326,35.546464],[76.970528,35.54371],[76.972622,35.539716],[76.973698,35.536646],[76.973971,35.533897],[76.975094,35.532462],[76.977148,35.530877],[76.978965,35.529843],[76.978983,35.529862],[76.979007,35.529864],[76.98074,35.528878],[76.981935,35.528222],[76.98461,35.52701],[76.984739,35.526971],[76.985899,35.526884],[76.988139,35.525921],[76.988313,35.525868],[76.98909,35.526478],[76.990397,35.52688],[76.992804,35.526275],[76.995808,35.525306],[76.995888,35.525259],[76.996096,35.525081],[76.996336,35.524773],[76.99666,35.524463],[76.996941,35.524155],[76.997264,35.523811],[76.997504,35.523503],[76.997786,35.523194],[76.998068,35.522885],[76.998392,35.522609],[76.998716,35.522334],[76.99904,35.522058],[76.99928,35.52175],[76.99936,35.521647],[76.9994,35.521579],[76.999557,35.521238],[76.999714,35.520897],[76.99987,35.520523],[77.000027,35.520182],[77.000184,35.519841],[77.000341,35.519501],[77.000498,35.51916],[77.000738,35.518852],[77.001192,35.518811],[77.001296,35.518933],[77.001341,35.518862],[77.001527,35.519008],[77.001743,35.519342],[77.001958,35.519677],[77.002131,35.520012],[77.002508,35.520209],[77.002776,35.520264],[77.0028,35.52123],[77.002842,35.522926],[77.002973,35.524692],[77.003363,35.526453],[77.003398,35.527867],[77.003876,35.529698],[77.004871,35.531449],[77.004825,35.533076],[77.004271,35.535136],[77.00257,35.536711],[77.001409,35.539496],[77.001069,35.54002],[77.001058,35.540076],[77.000985,35.540449],[77.000911,35.540822],[77.000755,35.541196],[77.000473,35.541505],[76.999899,35.541684],[76.999443,35.541657],[76.999225,35.541629],[76.999023,35.541471],[76.998677,35.54102],[76.998336,35.540752],[76.997885,35.540577],[76.997543,35.540309],[76.997201,35.540041],[76.996753,35.539957],[76.996304,35.539873],[76.995962,35.539605],[76.995516,35.539612],[76.995069,35.53962],[76.994625,35.539718],[76.994746,35.540081],[76.994755,35.540446],[76.994541,35.540815],[76.994099,35.541005],[76.993771,35.541284],[76.993557,35.541652],[76.993677,35.542015],[76.993909,35.542377],[76.994142,35.542738],[76.994588,35.54273],[76.995035,35.542723],[76.995593,35.542714],[76.996039,35.542706],[76.996597,35.542697],[76.997046,35.542781],[76.997085,35.542788],[76.997157,35.542845],[76.997454,35.543178],[76.997793,35.543476],[76.997847,35.543591],[76.997879,35.54361],[76.998216,35.543875],[76.998472,35.544175],[76.998481,35.544547],[76.998491,35.544952],[76.9985,35.545324],[76.998427,35.545697],[76.998346,35.545872],[76.997985,35.545805],[76.997531,35.545655],[76.997015,35.545558],[76.996564,35.545513],[76.996117,35.545626],[76.995868,35.545945],[76.99562,35.546317],[76.995368,35.546617],[76.995308,35.546689],[76.994994,35.546957],[76.994613,35.547173],[76.994165,35.547233],[76.993716,35.547241],[76.993514,35.546876],[76.993505,35.546509],[76.993624,35.54614],[76.993743,35.54577],[76.993741,35.545652],[76.993734,35.545403],[76.99347,35.545092],[76.993205,35.544781],[76.992961,35.544673],[76.992955,35.5444],[76.992834,35.544037],[76.992713,35.543674],[76.992372,35.543406],[76.991921,35.543231],[76.991579,35.542963],[76.991458,35.5426],[76.991226,35.542238],[76.991105,35.541875],[76.990654,35.5417],[76.990208,35.541708],[76.989762,35.541715],[76.989659,35.542082],[76.989668,35.542447],[76.989789,35.54281],[76.990132,35.543169],[76.990365,35.54353],[76.990488,35.543985],[76.99072,35.544346],[76.990801,35.544431],[76.990634,35.544719],[76.990578,35.545087],[76.990587,35.545455],[76.990598,35.545874],[76.990601,35.546009],[76.990455,35.546133],[76.99034,35.546507],[76.990349,35.546879],[76.990358,35.54725],[76.990363,35.547453],[76.990449,35.547553],[76.990826,35.54775],[76.991244,35.547945],[76.991662,35.548108],[76.992039,35.548304],[76.992499,35.548499],[76.992878,35.548764],[76.993051,35.549099],[76.99306,35.549457],[76.992678,35.549463],[76.992288,35.54926],[76.991897,35.549056],[76.99157,35.548799],[76.991119,35.548754],[76.990739,35.54897],[76.990876,35.549335],[76.991078,35.5497],[76.991343,35.55001],[76.991609,35.550374],[76.991746,35.550739],[76.992012,35.551102],[76.992143,35.551371],[76.992033,35.551414],[76.991671,35.55154],[76.991637,35.551528],[76.991123,35.551537],[76.990611,35.551598],[76.990164,35.55171],[76.989849,35.551978],[76.989858,35.552345],[76.989934,35.552817],[76.990262,35.553074],[76.990172,35.553325],[76.989689,35.553293],[76.989175,35.553302],[76.988926,35.553621],[76.988936,35.554041],[76.98901,35.554407],[76.989277,35.554823],[76.989669,35.555079],[76.989883,35.555174],[76.989958,35.555401],[76.989675,35.556411],[76.987397,35.55758],[76.987275,35.557721],[76.986908,35.55776],[76.986461,35.557873],[76.986016,35.55809],[76.985703,35.55841],[76.985519,35.558781],[76.985528,35.559148],[76.985345,35.559519],[76.985097,35.559891],[76.984782,35.560158],[76.984638,35.56024],[76.984386,35.560244],[76.983876,35.560305],[76.98343,35.560365],[76.983376,35.560784],[76.98345,35.5612],[76.983839,35.561403],[76.98429,35.561552],[76.984554,35.561862],[76.984643,35.561945],[76.98461,35.561987],[76.983986,35.562184],[76.983477,35.562297],[76.982967,35.562358],[76.982518,35.562313],[76.982068,35.562216],[76.981614,35.561962],[76.981099,35.561814],[76.98059,35.561927],[76.980408,35.562296],[76.98048,35.56266],[76.980807,35.562916],[76.981195,35.563119],[76.981648,35.56332],[76.982038,35.563575],[76.982301,35.563884],[76.982438,35.564248],[76.982639,35.56461],[76.982671,35.56477],[76.982534,35.565577],[76.98235,35.565764],[76.982101,35.566083],[76.981787,35.566404],[76.981605,35.566827],[76.981421,35.567197],[76.981302,35.567567],[76.981179,35.567665],[76.980866,35.567932],[76.980488,35.568147],[76.98011,35.568414],[76.979733,35.568682],[76.979355,35.568897],[76.978912,35.569113],[76.97847,35.56933],[76.978092,35.569545],[76.977714,35.569812],[76.977339,35.570132],[76.977027,35.570451],[76.976779,35.570768],[76.976533,35.57119],[76.976285,35.571508],[76.976102,35.571877],[76.975919,35.572245],[76.975674,35.572668],[76.975491,35.573036],[76.975243,35.573354],[76.974996,35.573724],[76.974877,35.574091],[76.974631,35.574461],[76.974317,35.574728],[76.974136,35.575149],[76.973953,35.575518],[76.973834,35.575885],[76.973844,35.576303],[76.973727,35.576723],[76.973672,35.57709],[76.973809,35.577453],[76.974136,35.577761],[76.974585,35.577806],[76.975033,35.577799],[76.975411,35.577584],[76.975853,35.577368],[76.976231,35.5771],[76.976608,35.576833],[76.976694,35.576745],[76.976802,35.576872],[76.976829,35.576888],[76.977157,35.576726],[76.978042,35.577489],[76.978886,35.576627],[76.979509,35.575692],[76.979508,35.57563],[76.979498,35.57521],[76.979617,35.574841],[76.979932,35.574573],[76.980247,35.574305],[76.980627,35.574089],[76.981078,35.574134],[76.981209,35.574237],[76.981406,35.574391],[76.981415,35.574759],[76.981694,35.574978],[76.981742,35.575016],[76.982192,35.575009],[76.982642,35.575001],[76.982668,35.575001],[76.983508,35.5745],[76.983392,35.573299],[76.984462,35.57063],[76.984459,35.570508],[76.984383,35.570037],[76.98431,35.56967],[76.984237,35.569304],[76.984292,35.568935],[76.984475,35.568565],[76.984856,35.568349],[76.985168,35.567976],[76.985678,35.56781],[76.986125,35.567698],[76.986272,35.567963],[76.986327,35.568062],[76.986336,35.568429],[76.986281,35.568798],[76.986264,35.56885],[76.985132,35.570159],[76.985345,35.571782],[76.985726,35.57319],[76.985341,35.575106],[76.985165,35.575176],[76.985152,35.575247],[76.985162,35.575645],[76.98503,35.575715],[76.984653,35.575756],[76.984075,35.575765],[76.983565,35.575931],[76.983315,35.57625],[76.983066,35.576569],[76.983037,35.57666],[76.983,35.576675],[76.982559,35.576944],[76.982246,35.57721],[76.981933,35.577477],[76.981493,35.577798],[76.981117,35.578117],[76.980676,35.578386],[76.980363,35.578652],[76.980049,35.578919],[76.979671,35.579134],[76.979294,35.579401],[76.978915,35.579617],[76.978473,35.579833],[76.978085,35.580022],[76.97765,35.579878],[76.977206,35.579731],[76.976764,35.579636],[76.976323,35.579592],[76.975882,35.579548],[76.975441,35.579504],[76.974938,35.579512],[76.974436,35.57952],[76.973997,35.579579],[76.973559,35.579637],[76.973315,35.579949],[76.973009,35.580262],[76.972701,35.580524],[76.972521,35.580886],[76.972467,35.581246],[76.972413,35.581607],[76.972425,35.582068],[76.972436,35.58253],[76.97244,35.582695],[76.972233,35.582763],[76.971856,35.58303],[76.971412,35.583194],[76.970966,35.583254],[76.970522,35.583418],[76.97008,35.583634],[76.969769,35.583854],[76.969692,35.583734],[76.969463,35.583377],[76.969233,35.58302],[76.968945,35.582682],[76.967435,35.582356],[76.966424,35.581443],[76.966032,35.58145],[76.965589,35.581397],[76.96536,35.58104],[76.965057,35.580685],[76.964901,35.580327],[76.964671,35.57997],[76.964661,35.579549],[76.965098,35.579362],[76.965538,35.579294],[76.96598,35.579347],[76.966417,35.57916],[76.966704,35.578855],[76.967148,35.578968],[76.967449,35.579263],[76.967603,35.579502],[76.967971,35.579519],[76.969361,35.579708],[76.969377,35.579594],[76.969682,35.579557],[76.969782,35.57915],[76.969772,35.578745],[76.969544,35.578433],[76.969151,35.578169],[76.968761,35.577995],[76.96837,35.577821],[76.96798,35.577647],[76.967931,35.577633],[76.967535,35.577519],[76.967035,35.577347],[76.966644,35.577173],[76.966254,35.576999],[76.965916,35.576734],[76.965633,35.576423],[76.965405,35.576112],[76.965341,35.575752],[76.965222,35.575393],[76.965102,35.575035],[76.964983,35.574676],[76.964864,35.574317],[76.964745,35.573959],[76.964626,35.5736],[76.964562,35.573241],[76.964498,35.572881],[76.964488,35.572476],[76.964955,35.57234],[76.964981,35.572332],[76.965381,35.572285],[76.965421,35.57228],[76.965973,35.572271],[76.966469,35.572263],[76.966965,35.572255],[76.967404,35.572158],[76.96777,35.572077],[76.967842,35.572015],[76.96811,35.571695],[76.968212,35.571333],[76.968202,35.570928],[76.9682,35.57084],[76.967925,35.570538],[76.967305,35.569983],[76.96549,35.570083],[76.963061,35.56984],[76.961047,35.568883],[76.960996,35.568585],[76.960691,35.568346],[76.96058,35.568258],[76.960304,35.568256],[76.959453,35.567422],[76.961563,35.564035],[76.963889,35.560036],[76.967259,35.556304]],[[77.049917,35.575025],[77.049864,35.575386],[77.049749,35.575798],[77.049632,35.57616],[77.049579,35.57652],[77.049335,35.576832],[77.049219,35.577193],[77.049039,35.577556],[77.048796,35.577868],[77.048553,35.57818],[77.048309,35.578492],[77.048066,35.578804],[77.047822,35.579117],[77.047573,35.579372],[77.047486,35.579192],[77.047348,35.578827],[77.046897,35.578782],[77.04663,35.578419],[77.046555,35.578001],[77.046591,35.577649],[77.046579,35.577187],[77.046382,35.576831],[77.04606,35.576528],[77.045678,35.57633],[77.045233,35.576132],[77.044791,35.576037],[77.04435,35.575993],[77.043847,35.576001],[77.043404,35.575855],[77.04296,35.575708],[77.042514,35.575459],[77.042132,35.57526],[77.041628,35.575217],[77.041135,35.575226],[77.041058,35.575022],[77.040675,35.574823],[77.040232,35.574676],[77.039788,35.57453],[77.039468,35.574279],[77.039086,35.57408],[77.038641,35.573882],[77.038197,35.573736],[77.037814,35.573485],[77.037306,35.573289],[77.036803,35.573246],[77.036496,35.573559],[77.036189,35.573821],[77.035881,35.574083],[77.035702,35.574445],[77.03533,35.574657],[77.035024,35.57497],[77.034681,35.575213],[77.033474,35.573705],[77.031455,35.571476],[77.030956,35.569976],[77.031492,35.568364],[77.032262,35.566842],[77.033071,35.566923],[77.03502,35.566418],[77.040353,35.567365],[77.04408,35.568716],[77.04804,35.570158],[77.049364,35.572304],[77.050197,35.573908],[77.050086,35.574253],[77.050034,35.574664],[77.049917,35.575025]],[[76.997296,35.58268],[76.99781,35.582672],[76.998235,35.582525],[76.99866,35.582378],[76.999085,35.582231],[76.999594,35.582012],[77.000019,35.581865],[77.000443,35.581718],[77.000876,35.581609],[77.00087,35.581641],[77.000795,35.582062],[77.000805,35.582485],[77.000545,35.582575],[76.999788,35.583005],[76.999115,35.583365],[76.99861,35.583652],[76.998194,35.584077],[76.998061,35.584267],[76.997936,35.58428],[76.997679,35.584311],[76.99746,35.584208],[76.997111,35.583934],[76.99693,35.583587],[76.99692,35.583167],[76.997081,35.582744],[76.99708,35.582713],[76.997296,35.58268]],[[77.067632,35.57729],[77.06731,35.576987],[77.06699,35.576736],[77.066481,35.576488],[77.065972,35.57624],[77.06559,35.576041],[77.065083,35.575896],[77.064638,35.575698],[77.064195,35.575552],[77.063752,35.575457],[77.06331,35.575362],[77.062868,35.575266],[77.062425,35.575171],[77.062043,35.574973],[77.061538,35.574879],[77.061096,35.574783],[77.060651,35.574586],[77.06033,35.574334],[77.059948,35.574136],[77.059758,35.574036],[77.05978,35.573944],[77.059911,35.573641],[77.058723,35.57271],[77.057744,35.570558],[77.060969,35.570315],[77.064795,35.571003],[77.06481,35.571585],[77.065128,35.571644],[77.06557,35.571682],[77.066013,35.571764],[77.066511,35.571801],[77.066424,35.571817],[77.065921,35.571826],[77.065483,35.571885],[77.06498,35.571893],[77.064543,35.572004],[77.064045,35.572166],[77.063611,35.572379],[77.06324,35.572642],[77.063125,35.573055],[77.063136,35.573465],[77.063458,35.573768],[77.06384,35.573966],[77.06416,35.574218],[77.064604,35.574364],[77.065049,35.574562],[77.065494,35.574759],[77.066,35.574905],[77.066382,35.575104],[77.066703,35.575355],[77.067085,35.575554],[77.067407,35.575856],[77.067533,35.576003],[77.067632,35.576195],[77.067814,35.576612],[77.067911,35.57703],[77.068091,35.577377],[77.068357,35.577723],[77.068623,35.578068],[77.06863,35.578346],[77.068348,35.578253],[77.068028,35.578001],[77.06783,35.577645],[77.067632,35.57729]],[[77.077226,35.576508],[77.077141,35.576282],[77.077091,35.576151],[77.076767,35.575746],[77.076508,35.575443],[77.076187,35.575192],[77.076162,35.575176],[77.076085,35.574999],[77.075905,35.574652],[77.075809,35.574234],[77.075712,35.573816],[77.075532,35.573469],[77.075351,35.573122],[77.075171,35.572775],[77.07516,35.572355],[77.075149,35.571935],[77.075149,35.571914],[77.075336,35.571892],[77.075647,35.572095],[77.076104,35.572349],[77.076174,35.572364],[77.076437,35.572723],[77.076572,35.57308],[77.076644,35.573438],[77.076655,35.573849],[77.076601,35.574209],[77.076612,35.57462],[77.076684,35.574978],[77.076945,35.575333],[77.077204,35.575636],[77.077524,35.575887],[77.07755,35.575933],[77.077722,35.576243],[77.077857,35.5766],[77.077804,35.576961],[77.07775,35.577321],[77.077696,35.577681],[77.077437,35.577378],[77.07724,35.577022],[77.077197,35.577],[77.077237,35.576919],[77.077226,35.576508]],[[77.074886,35.56777],[77.074452,35.567499],[77.074015,35.567088],[77.073667,35.566816],[77.073234,35.566544],[77.073054,35.566199],[77.073301,35.565846],[77.073724,35.5657],[77.074233,35.565621],[77.074741,35.565473],[77.075336,35.565393],[77.075475,35.565345],[77.075414,35.565535],[77.075488,35.565901],[77.07569,35.566265],[77.075956,35.566628],[77.076221,35.566939],[77.076423,35.567303],[77.076751,35.56756],[77.077142,35.567763],[77.077153,35.568183],[77.076705,35.568243],[77.076256,35.568304],[77.075753,35.568358],[77.075665,35.568244],[77.075236,35.568112],[77.074886,35.56777]],[[77.068837,35.572167],[77.069269,35.572159],[77.069503,35.572312],[77.070025,35.572583],[77.070376,35.572927],[77.070642,35.573273],[77.070992,35.573547],[77.071258,35.573892],[77.071438,35.574239],[77.07179,35.574583],[77.072056,35.574929],[77.072408,35.575273],[77.072484,35.575372],[77.072496,35.57582],[77.072317,35.576182],[77.072011,35.576496],[77.071575,35.576657],[77.071072,35.576666],[77.070752,35.576415],[77.07037,35.576216],[77.070048,35.575913],[77.069911,35.575505],[77.069527,35.575204],[77.069206,35.574952],[77.068824,35.574754],[77.068503,35.574502],[77.068183,35.574251],[77.067801,35.574053],[77.06779,35.573642],[77.067779,35.573232],[77.067896,35.57287],[77.068203,35.572608],[77.068447,35.572296],[77.068549,35.572119],[77.068837,35.572167]],[[77.074356,35.554397],[77.074604,35.554078],[77.074626,35.553934],[77.074691,35.553986],[77.075039,35.554259],[77.075359,35.554509],[77.075132,35.554594],[77.074621,35.554708],[77.074356,35.554397]],[[77.086675,35.553712],[77.08644,35.553692],[77.086456,35.553617],[77.086269,35.55347],[77.086039,35.553114],[77.085953,35.552937],[77.086397,35.552929],[77.086848,35.552974],[77.087302,35.553123],[77.087504,35.553488],[77.087578,35.553854],[77.087127,35.553809],[77.086675,35.553712]],[[77.083629,35.565131],[77.083491,35.564766],[77.083353,35.5644],[77.083279,35.564034],[77.083258,35.563977],[77.083321,35.563838],[77.083564,35.563491],[77.083892,35.563212],[77.084317,35.563478],[77.084661,35.563814],[77.085085,35.564012],[77.085508,35.564277],[77.085314,35.564419],[77.084985,35.564779],[77.084753,35.565098],[77.084522,35.565496],[77.084435,35.565852],[77.084203,35.56621],[77.08402,35.566568],[77.083916,35.566281],[77.083778,35.565916],[77.083767,35.565496],[77.083629,35.565131]],[[77.102746,35.551542],[77.102607,35.551177],[77.1024,35.551295],[77.102395,35.551117],[77.102385,35.550707],[77.102374,35.550296],[77.101933,35.550253],[77.101627,35.550566],[77.10132,35.550828],[77.101077,35.55114],[77.100706,35.551352],[77.100269,35.551463],[77.100134,35.551106],[77.100062,35.550747],[77.099989,35.550389],[77.099667,35.550087],[77.099232,35.550249],[77.098925,35.550511],[77.098425,35.550622],[77.098343,35.550475],[77.098164,35.55013],[77.098067,35.549713],[77.097888,35.549368],[77.097707,35.548953],[77.097527,35.548608],[77.097348,35.548263],[77.096999,35.54799],[77.09682,35.547645],[77.096472,35.547372],[77.096207,35.547029],[77.096028,35.546683],[77.095932,35.546267],[77.095752,35.545922],[77.095656,35.545505],[77.095645,35.545087],[77.095805,35.544667],[77.096049,35.544244],[77.096294,35.543822],[77.096626,35.543468],[77.096929,35.543144],[77.097202,35.543139],[77.097215,35.543091],[77.098779,35.543346],[77.098924,35.543608],[77.099308,35.543779],[77.099448,35.543888],[77.09936,35.543963],[77.099147,35.544332],[77.098933,35.544701],[77.098605,35.54498],[77.098503,35.545347],[77.098624,35.54571],[77.098857,35.546071],[77.09909,35.546432],[77.099211,35.546795],[77.099443,35.547156],[77.099565,35.547519],[77.099907,35.547786],[77.100353,35.547779],[77.100567,35.54741],[77.100669,35.547043],[77.100771,35.546676],[77.100761,35.546311],[77.100752,35.545947],[77.100742,35.545582],[77.100738,35.545413],[77.100953,35.545508],[77.101395,35.545545],[77.101891,35.545537],[77.102121,35.545533],[77.102387,35.545528],[77.102827,35.545475],[77.103267,35.545423],[77.103648,35.545236],[77.10397,35.544915],[77.10403,35.544864],[77.105215,35.544648],[77.105356,35.546697],[77.104992,35.547723],[77.104704,35.547612],[77.104255,35.547528],[77.103808,35.547536],[77.10325,35.547546],[77.102806,35.547645],[77.102251,35.547746],[77.101923,35.548025],[77.102044,35.548388],[77.102277,35.548749],[77.102619,35.549017],[77.102961,35.549285],[77.103303,35.549553],[77.103747,35.549454],[77.104191,35.549355],[77.104533,35.549622],[77.104766,35.549983],[77.105051,35.550094],[77.104984,35.55015],[77.104651,35.550435],[77.104317,35.550719],[77.104156,35.55107],[77.104252,35.551487],[77.104348,35.551903],[77.104102,35.552256],[77.103733,35.552508],[77.103412,35.552476],[77.102957,35.552274],[77.102755,35.55191],[77.102746,35.551542]],[[77.093873,35.5636],[77.093799,35.563728],[77.094194,35.563933],[77.094717,35.56403],[77.094954,35.564122],[77.094797,35.564125],[77.094353,35.564343],[77.093973,35.564559],[77.093633,35.564754],[77.093211,35.564624],[77.092789,35.564495],[77.092461,35.564424],[77.092902,35.564156],[77.093489,35.563797],[77.093873,35.5636]],[[77.133034,35.542165],[77.132758,35.54217],[77.132633,35.542172],[77.13203,35.542042],[77.131783,35.54198],[77.131779,35.541837],[77.131768,35.541416],[77.131764,35.541286],[77.131757,35.540996],[77.131745,35.540575],[77.131662,35.540216],[77.131506,35.539859],[77.131387,35.539674],[77.131304,35.539546],[77.131486,35.539518],[77.131901,35.539374],[77.132402,35.539297],[77.132902,35.539219],[77.133488,35.539209],[77.133994,35.539337],[77.1345,35.539465],[77.134842,35.539733],[77.134261,35.539948],[77.133846,35.540092],[77.133348,35.540238],[77.132845,35.540247],[77.132518,35.540527],[77.132612,35.540936],[77.132707,35.541345],[77.132802,35.541754],[77.132978,35.542093],[77.133034,35.542165]],[[77.076942,35.563482],[77.076735,35.563418],[77.076218,35.563218],[77.075703,35.563088],[77.075322,35.562971],[77.075411,35.562938],[77.075854,35.562668],[77.076168,35.5624],[77.076352,35.562029],[77.076406,35.56166],[77.076525,35.561291],[77.076774,35.560971],[77.077086,35.560599],[77.077596,35.560432],[77.078044,35.560372],[77.078495,35.560417],[77.078823,35.560674],[77.079215,35.560929],[77.079664,35.560922],[77.080044,35.560705],[77.080359,35.560437],[77.080803,35.560219],[77.081183,35.560003],[77.081563,35.559786],[77.081877,35.559518],[77.082257,35.559302],[77.082637,35.559085],[77.082951,35.558817],[77.083266,35.558549],[77.083579,35.558229],[77.083826,35.557857],[77.084009,35.557486],[77.084193,35.557115],[77.084286,35.556898],[77.084535,35.55679],[77.084915,35.556558],[77.085179,35.556334],[77.085239,35.556282],[77.085451,35.555963],[77.085497,35.555908],[77.085511,35.555937],[77.085714,35.556301],[77.086104,35.556505],[77.086432,35.556762],[77.08676,35.557018],[77.086835,35.557437],[77.086782,35.557858],[77.086663,35.558228],[77.086546,35.55865],[77.086233,35.55897],[77.085918,35.559238],[77.085669,35.559558],[77.085872,35.559922],[77.085936,35.55995],[77.08582,35.56003],[77.085494,35.560378],[77.08542,35.56079],[77.085431,35.5612],[77.085272,35.561545],[77.08477,35.561554],[77.084346,35.561356],[77.08417,35.561017],[77.083993,35.560677],[77.083899,35.560268],[77.083889,35.559858],[77.083794,35.559449],[77.083618,35.55911],[77.083205,35.559322],[77.083046,35.559667],[77.082804,35.560013],[77.082389,35.560158],[77.081975,35.56037],[77.081817,35.560715],[77.081743,35.561127],[77.081588,35.561609],[77.081515,35.562021],[77.081102,35.562233],[77.080601,35.56231],[77.080101,35.562387],[77.079687,35.5626],[77.079276,35.562881],[77.079183,35.56298],[77.079137,35.562898],[77.078872,35.562588],[77.078427,35.562753],[77.077218,35.563246],[77.076942,35.563482]],[[77.136605,35.539907],[77.13702,35.539762],[77.13752,35.539685],[77.137933,35.539472],[77.138346,35.53926],[77.138758,35.538979],[77.139256,35.538833],[77.139669,35.53862],[77.139854,35.538462],[77.139927,35.53847],[77.14044,35.53853],[77.140951,35.538521],[77.141464,35.538582],[77.141644,35.538927],[77.14157,35.539346],[77.141496,35.539766],[77.141337,35.540186],[77.141325,35.540267],[77.140892,35.540275],[77.140294,35.540356],[77.13987,35.540503],[77.139708,35.540856],[77.139719,35.541276],[77.139742,35.541386],[77.139491,35.541361],[77.138987,35.541302],[77.138481,35.541174],[77.138059,35.541044],[77.137555,35.540985],[77.137049,35.540857],[77.136627,35.540728],[77.136205,35.540598],[77.136194,35.540188],[77.136605,35.539907]],[[77.119878,35.550665],[77.119485,35.550409],[77.119094,35.550206],[77.119073,35.549901],[77.118875,35.549545],[77.118738,35.549137],[77.118539,35.54873],[77.118467,35.548372],[77.118395,35.548014],[77.118134,35.547659],[77.117813,35.547408],[77.117371,35.547313],[77.117051,35.547062],[77.116916,35.546705],[77.116781,35.546348],[77.116708,35.54599],[77.116572,35.545582],[77.116436,35.545174],[77.116362,35.544764],[77.116952,35.544662],[77.11744,35.544573],[77.117925,35.544405],[77.118292,35.544338],[77.118363,35.544421],[77.118561,35.544777],[77.11882,35.54508],[77.119079,35.545384],[77.1194,35.545635],[77.119783,35.545885],[77.120044,35.546239],[77.120303,35.546543],[77.120375,35.546901],[77.12051,35.547258],[77.120521,35.547668],[77.120595,35.548078],[77.120977,35.548276],[77.121363,35.548348],[77.121425,35.548432],[77.121563,35.548797],[77.121893,35.549106],[77.122221,35.549363],[77.122423,35.549727],[77.122368,35.550096],[77.121927,35.550419],[77.121483,35.550636],[77.121036,35.550749],[77.12059,35.550862],[77.120143,35.550975],[77.119878,35.550665]],[[77.12511,35.546844],[77.125098,35.546425],[77.125089,35.546057],[77.125142,35.545636],[77.125261,35.545267],[77.125379,35.544897],[77.125375,35.544721],[77.125582,35.544751],[77.12601,35.544743],[77.126071,35.544742],[77.126561,35.544733],[77.127051,35.544725],[77.127541,35.544716],[77.128029,35.544627],[77.128517,35.544539],[77.129005,35.54445],[77.129231,35.544409],[77.129493,35.544361],[77.129518,35.544361],[77.129485,35.544584],[77.129433,35.544996],[77.12938,35.545356],[77.129264,35.545718],[77.129147,35.546079],[77.128712,35.546241],[77.128279,35.546505],[77.127908,35.546717],[77.127406,35.546726],[77.126969,35.546836],[77.126531,35.546895],[77.126097,35.547108],[77.12566,35.547219],[77.125226,35.547432],[77.125173,35.547477],[77.125119,35.547212],[77.12511,35.546844]],[[77.123319,35.54447],[77.123809,35.544461],[77.1239,35.544478],[77.124339,35.54456],[77.124226,35.545022],[77.124236,35.54539],[77.124181,35.545758],[77.123867,35.546026],[77.123554,35.546347],[77.123306,35.546666],[77.122861,35.546832],[77.12235,35.546946],[77.122312,35.546946],[77.122127,35.546613],[77.121867,35.54631],[77.121608,35.546007],[77.121226,35.545808],[77.120905,35.545557],[77.120523,35.545358],[77.120141,35.54516],[77.119759,35.544961],[77.1195,35.544658],[77.119365,35.544301],[77.119189,35.544095],[77.119387,35.544058],[77.119877,35.54405],[77.120367,35.544041],[77.120857,35.544033],[77.121347,35.544024],[77.121841,35.544176],[77.122333,35.544247],[77.122827,35.544399],[77.123319,35.54447]],[[77.109133,35.55894],[77.109636,35.558931],[77.110138,35.558922],[77.11064,35.558913],[77.11079,35.558911],[77.110476,35.559178],[77.110032,35.559396],[77.10958,35.559299],[77.109126,35.559149],[77.108705,35.559006],[77.109133,35.55894]],[[77.081773,35.542323],[77.081842,35.543002],[77.081923,35.543078],[77.082178,35.543377],[77.082434,35.543677],[77.08263,35.544029],[77.082732,35.544407],[77.082742,35.544787],[77.082752,35.545168],[77.082701,35.545574],[77.082366,35.545833],[77.081935,35.545968],[77.081536,35.546127],[77.081499,35.546127],[77.081194,35.54607],[77.080623,35.545987],[77.080166,35.545902],[77.079709,35.545817],[77.079253,35.545732],[77.078796,35.545647],[77.078225,35.545564],[77.077768,35.545479],[77.077311,35.545394],[77.076855,35.545309],[77.076279,35.54504],[77.075823,35.544955],[77.075366,35.54487],[77.075032,35.545155],[77.074814,35.54553],[77.074481,35.545815],[77.074263,35.54619],[77.074045,35.546565],[77.073828,35.546941],[77.073494,35.547225],[77.07316,35.547509],[77.072827,35.547794],[77.072493,35.548078],[77.072233,35.54819],[77.072106,35.547946],[77.071762,35.547609],[77.071586,35.54727],[77.071244,35.547002],[77.070901,35.546666],[77.070557,35.54633],[77.070547,35.546308],[77.0709,35.546156],[77.071308,35.545946],[77.071716,35.545702],[77.072082,35.545459],[77.072356,35.545318],[77.07238,35.545281],[77.072426,35.54492],[77.072582,35.544557],[77.072615,35.544501],[77.072593,35.544436],[77.072419,35.544101],[77.072163,35.543802],[77.071785,35.543571],[77.071529,35.543272],[77.07115,35.543008],[77.071223,35.542635],[77.071547,35.542359],[77.072,35.542283],[77.072452,35.542174],[77.072862,35.542032],[77.073073,35.541965],[77.073903,35.541358],[77.073919,35.541338],[77.07416,35.541029],[77.074441,35.54072],[77.074764,35.54041],[77.075131,35.540201],[77.07527,35.540188],[77.076217,35.539241],[77.076179,35.539135],[77.076128,35.538764],[77.076117,35.538359],[77.07619,35.537952],[77.076263,35.537579],[77.076295,35.537206],[77.076326,35.536834],[77.076441,35.53646],[77.076895,35.536419],[77.077099,35.536498],[77.077121,35.536393],[77.077993,35.536661],[77.080918,35.539368],[77.081773,35.542323]],[[77.103296,35.555767],[77.103433,35.55603],[77.103529,35.556446],[77.103709,35.556791],[77.10372,35.557209],[77.103899,35.557554],[77.104189,35.55769],[77.104043,35.557814],[77.103526,35.557929],[77.103142,35.558148],[77.102758,35.558367],[77.10216,35.558575],[77.102088,35.558437],[77.101906,35.55802],[77.101809,35.557602],[77.101796,35.557112],[77.101785,35.556692],[77.101774,35.556273],[77.101769,35.556088],[77.1019,35.556073],[77.102348,35.556012],[77.102795,35.5559],[77.103296,35.555767]],[[77.137587,35.536291],[77.137653,35.53628],[77.138247,35.5362],[77.13884,35.53605],[77.139093,35.535962],[77.139607,35.536037],[77.140122,35.536167],[77.14072,35.536226],[77.141231,35.536217],[77.141744,35.536278],[77.141585,35.536698],[77.141164,35.536915],[77.140742,35.537062],[77.14032,35.537209],[77.139812,35.537357],[77.139479,35.537642],[77.139411,35.53779],[77.138809,35.537746],[77.138137,35.537689],[77.137635,35.537698],[77.137133,35.537707],[77.136965,35.53771],[77.137211,35.5375],[77.137369,35.537155],[77.137442,35.536743],[77.137587,35.536291]],[[77.11114,35.544924],[77.111468,35.544919],[77.111958,35.54491],[77.112448,35.544901],[77.112938,35.544893],[77.113428,35.544884],[77.113742,35.544879],[77.113729,35.544964],[77.113676,35.545325],[77.11356,35.545686],[77.113444,35.546047],[77.113008,35.546209],[77.112499,35.545961],[77.112057,35.545866],[77.112004,35.546227],[77.112513,35.546474],[77.112833,35.546725],[77.112968,35.547082],[77.112532,35.547193],[77.111904,35.547204],[77.111339,35.547214],[77.111059,35.547284],[77.111032,35.547135],[77.110913,35.546776],[77.110848,35.546417],[77.110728,35.546058],[77.110499,35.545747],[77.110327,35.545394],[77.110041,35.545079],[77.110422,35.544892],[77.110918,35.544883],[77.11114,35.544924]],[[77.109877,35.557511],[77.110106,35.55769],[77.109692,35.557903],[77.109356,35.557955],[77.1097,35.557662],[77.109877,35.557511]],[[77.114538,35.547055],[77.114403,35.546698],[77.114331,35.54634],[77.114258,35.545982],[77.114375,35.54562],[77.114491,35.545259],[77.114544,35.544899],[77.114543,35.544865],[77.114898,35.544858],[77.115354,35.54485],[77.11549,35.545036],[77.115688,35.545392],[77.115824,35.5458],[77.115959,35.546157],[77.115971,35.546619],[77.115983,35.547081],[77.115804,35.547443],[77.115303,35.547503],[77.11492,35.547254],[77.114538,35.547055]],[[77.06341,35.557889],[77.063118,35.5578],[77.062768,35.557457],[77.062339,35.557325],[77.062045,35.557291],[77.062132,35.557216],[77.062455,35.556895],[77.062556,35.556533],[77.062657,35.556171],[77.062758,35.555808],[77.062827,35.555855],[77.063281,35.556005],[77.0638,35.556206],[77.064191,35.556409],[77.064439,35.556492],[77.06429,35.556704],[77.064134,35.557118],[77.063807,35.557465],[77.063481,35.557813],[77.06341,35.557889]],[[77.115249,35.550225],[77.114808,35.550182],[77.114365,35.550035],[77.114242,35.55014],[77.114178,35.55009],[77.113793,35.549789],[77.113534,35.549485],[77.113275,35.549182],[77.112951,35.548828],[77.113077,35.548826],[77.113579,35.548817],[77.114207,35.548806],[77.114651,35.548952],[77.115033,35.549151],[77.115415,35.54935],[77.115735,35.549601],[77.115995,35.549904],[77.115687,35.550166],[77.115249,35.550225]],[[77.134625,35.537888],[77.134039,35.537899],[77.133539,35.537976],[77.133124,35.53812],[77.132797,35.5384],[77.132252,35.538538],[77.132374,35.53827],[77.1327,35.537922],[77.133113,35.53771],[77.133528,35.537566],[77.134032,35.537625],[77.134454,35.537754],[77.134902,35.537807],[77.134625,35.537888]],[[77.135499,35.536093],[77.135075,35.535895],[77.134815,35.535558],[77.13472,35.535149],[77.134626,35.53474],[77.134622,35.534621],[77.13471,35.534591],[77.13513,35.534374],[77.13556,35.534506],[77.135656,35.534922],[77.135838,35.535337],[77.136019,35.535752],[77.136132,35.53597],[77.135999,35.536016],[77.135499,35.536093]],[[77.036357,35.55732],[77.035081,35.556048],[77.032625,35.55313],[77.032781,35.552791],[77.03294,35.552446],[77.033099,35.552101],[77.033257,35.551756],[77.033585,35.551477],[77.034,35.551333],[77.034414,35.55112],[77.034914,35.551044],[77.035497,35.550897],[77.035998,35.55082],[77.036497,35.550675],[77.036997,35.550598],[77.037412,35.550454],[77.037915,35.550445],[77.038419,35.550505],[77.038919,35.550428],[77.039422,35.55042],[77.039927,35.550548],[77.040517,35.550675],[77.040939,35.550805],[77.041443,35.550865],[77.04183,35.550858],[77.041713,35.550918],[77.041292,35.551134],[77.04096,35.551488],[77.040628,35.551842],[77.040381,35.552195],[77.040048,35.552479],[77.039714,35.552764],[77.039552,35.553115],[77.03922,35.553469],[77.039059,35.55382],[77.038728,35.554243],[77.038483,35.554666],[77.038236,35.555018],[77.038075,35.555369],[77.037913,35.55572],[77.037751,35.556071],[77.03759,35.556423],[77.037256,35.556707],[77.036835,35.556923],[77.036418,35.557278],[77.036357,35.55732]],[[77.166387,35.533644],[77.166378,35.533276],[77.166757,35.533059],[77.167269,35.532998],[77.167782,35.532936],[77.168231,35.532928],[77.168806,35.532813],[77.169247,35.53249],[77.169561,35.532221],[77.170006,35.532056],[77.170453,35.531943],[77.170901,35.531882],[77.171352,35.531927],[77.171578,35.531975],[77.171683,35.532288],[77.171757,35.532654],[77.171702,35.533023],[77.171455,35.533395],[77.171209,35.533767],[77.170765,35.533985],[77.17032,35.53415],[77.169872,35.534211],[77.169422,35.534219],[77.16897,35.534122],[77.168642,35.533866],[77.168192,35.533874],[77.167744,35.533934],[77.167236,35.534153],[77.166791,35.534319],[77.166526,35.534009],[77.166387,35.533644]],[[77.112611,35.55022],[77.11287,35.550524],[77.113034,35.550818],[77.112941,35.55083],[77.1125,35.550787],[77.112058,35.550692],[77.111613,35.550494],[77.111292,35.550243],[77.111065,35.550095],[77.111068,35.550062],[77.111109,35.550067],[77.1111,35.549703],[77.11113,35.549463],[77.111463,35.549573],[77.111908,35.54977],[77.11229,35.549969],[77.112611,35.55022]],[[77.137171,35.542292],[77.137755,35.542213],[77.138255,35.542136],[77.138756,35.542059],[77.139425,35.542047],[77.139926,35.54197],[77.139971,35.541963],[77.140084,35.54211],[77.140097,35.5426],[77.139851,35.543024],[77.139341,35.543173],[77.13883,35.543252],[77.138316,35.543261],[77.137802,35.54327],[77.137288,35.54328],[77.136771,35.543149],[77.136339,35.543016],[77.136025,35.54292],[77.136343,35.542649],[77.136758,35.542505],[77.137171,35.542292]],[[77.129485,35.519627],[77.129665,35.519974],[77.130179,35.519965],[77.130692,35.519956],[77.131206,35.519947],[77.131721,35.520008],[77.13232,35.519997],[77.132592,35.519993],[77.132834,35.519988],[77.133348,35.519979],[77.133614,35.520325],[77.133638,35.52043],[77.13371,35.520743],[77.133891,35.52109],[77.134324,35.521292],[77.134747,35.521075],[77.135082,35.520789],[77.135211,35.520623],[77.13526,35.520622],[77.13549,35.520645],[77.135776,35.520673],[77.136364,35.520662],[77.136772,35.520655],[77.136952,35.520652],[77.137009,35.520643],[77.137129,35.520472],[77.137376,35.520118],[77.137709,35.519762],[77.138044,35.519476],[77.138558,35.519467],[77.138708,35.519513],[77.138758,35.519478],[77.138911,35.519315],[77.139131,35.519444],[77.139577,35.519705],[77.139512,35.520074],[77.139439,35.520486],[77.139197,35.520833],[77.139098,35.521049],[77.138944,35.520969],[77.138425,35.520769],[77.137975,35.520724],[77.137525,35.520732],[77.137342,35.521103],[77.137672,35.521412],[77.138001,35.521721],[77.138329,35.521978],[77.138657,35.522235],[77.138795,35.5226],[77.138806,35.52302],[77.138752,35.523388],[77.138569,35.523759],[77.13845,35.524129],[77.138267,35.524499],[77.138213,35.524868],[77.138159,35.525236],[77.138168,35.525604],[77.13862,35.525701],[77.13907,35.525693],[77.139448,35.525424],[77.139893,35.525258],[77.140273,35.525041],[77.140356,35.525001],[77.140235,35.525263],[77.140077,35.525608],[77.139751,35.525956],[77.139424,35.526236],[77.139266,35.526581],[77.139277,35.526991],[77.139434,35.527115],[77.139119,35.527384],[77.138791,35.527664],[77.13835,35.527854],[77.137913,35.528227],[77.137474,35.528509],[77.137262,35.5286],[77.137218,35.528509],[77.137015,35.528145],[77.13675,35.527834],[77.136546,35.527418],[77.136408,35.527053],[77.13627,35.526688],[77.136132,35.526323],[77.136058,35.525956],[77.13592,35.525591],[77.135846,35.525225],[77.135772,35.524859],[77.135381,35.524656],[77.134935,35.524769],[77.134555,35.524985],[77.134177,35.525255],[77.133995,35.525678],[77.133814,35.526101],[77.133565,35.52642],[77.133186,35.526637],[77.132738,35.526698],[77.132288,35.526706],[77.131839,35.526714],[77.131385,35.526564],[77.130869,35.526468],[77.13071,35.526554],[77.130575,35.526512],[77.130144,35.526311],[77.129794,35.525969],[77.129614,35.525624],[77.129571,35.525581],[77.129861,35.525271],[77.130194,35.524986],[77.130614,35.52477],[77.131122,35.524622],[77.13154,35.524335],[77.131529,35.523918],[77.13135,35.523572],[77.13117,35.523227],[77.131074,35.522811],[77.130894,35.522466],[77.130715,35.522121],[77.130204,35.52213],[77.129694,35.522208],[77.129363,35.522562],[77.129117,35.522915],[77.128696,35.523132],[77.128278,35.523418],[77.127774,35.523705],[77.127511,35.523841],[77.127174,35.523577],[77.126663,35.523586],[77.126231,35.523384],[77.125715,35.523184],[77.125283,35.522983],[77.125158,35.522885],[77.125377,35.522791],[77.125705,35.522511],[77.125695,35.522146],[77.125242,35.52188],[77.1249,35.521613],[77.124449,35.521438],[77.124216,35.521077],[77.124095,35.520714],[77.124085,35.520349],[77.124413,35.52007],[77.124514,35.519703],[77.124505,35.519338],[77.124384,35.518975],[77.124374,35.51861],[77.124364,35.518245],[77.124355,35.51788],[77.124345,35.517515],[77.124336,35.517151],[77.124172,35.516898],[77.124185,35.516871],[77.124344,35.51645],[77.12459,35.516097],[77.125011,35.515881],[77.125257,35.515528],[77.125591,35.515244],[77.125924,35.514959],[77.126344,35.514743],[77.126765,35.514526],[77.126896,35.514437],[77.126922,35.514013],[77.126441,35.512183],[77.124164,35.511092],[77.122448,35.511617],[77.118749,35.512389],[77.116722,35.51094],[77.116489,35.508681],[77.115746,35.506714],[77.114326,35.505325],[77.113743,35.506183],[77.114659,35.508147],[77.114614,35.509704],[77.114303,35.511053],[77.113609,35.511304],[77.113617,35.511588],[77.113553,35.51195],[77.113555,35.512044],[77.112897,35.512123],[77.112393,35.51241],[77.111973,35.512626],[77.111467,35.512844],[77.110963,35.513132],[77.110543,35.513348],[77.110209,35.513633],[77.109876,35.513917],[77.109543,35.514202],[77.109209,35.514486],[77.108876,35.514771],[77.108459,35.515127],[77.108126,35.515411],[77.107964,35.515762],[77.10789,35.516182],[77.107818,35.516671],[77.107743,35.51709],[77.107497,35.517443],[77.107446,35.517486],[77.107309,35.517603],[77.106986,35.517451],[77.106556,35.51732],[77.106043,35.517259],[77.105531,35.517198],[77.105019,35.517207],[77.104508,35.517216],[77.103997,35.517225],[77.103486,35.517234],[77.102975,35.517243],[77.102553,35.517389],[77.102131,35.517536],[77.10171,35.517753],[77.101203,35.517901],[77.100693,35.517979],[77.100271,35.518126],[77.099849,35.518273],[77.09934,35.518351],[77.098917,35.518498],[77.098406,35.518507],[77.097897,35.518585],[77.097386,35.518594],[77.097052,35.518879],[77.096978,35.519298],[77.096904,35.519717],[77.097083,35.520063],[77.097263,35.520408],[77.097273,35.520826],[77.097112,35.521177],[77.096779,35.521461],[77.096447,35.521816],[77.096027,35.522032],[77.095693,35.522316],[77.095274,35.522602],[77.094941,35.522887],[77.094607,35.523171],[77.094187,35.523388],[77.093678,35.523466],[77.093168,35.523545],[77.092574,35.523625],[77.092064,35.523703],[77.091642,35.52385],[77.091223,35.524136],[77.090801,35.524282],[77.090381,35.524499],[77.08996,35.524715],[77.089541,35.525001],[77.089208,35.525285],[77.088961,35.525638],[77.0888,35.525989],[77.088725,35.526409],[77.088736,35.526826],[77.088662,35.527246],[77.088673,35.527664],[77.088684,35.528081],[77.088696,35.528569],[77.088709,35.529056],[77.088722,35.529544],[77.088732,35.529962],[77.088828,35.530378],[77.088924,35.530795],[77.089013,35.530964],[77.088194,35.530822],[77.084312,35.52938],[77.083207,35.528268],[77.082559,35.527731],[77.082551,35.527694],[77.082468,35.527334],[77.082237,35.526918],[77.08208,35.52656],[77.081998,35.526201],[77.081915,35.525842],[77.081832,35.525483],[77.081821,35.525062],[77.08181,35.524642],[77.081799,35.524221],[77.081864,35.523859],[77.082001,35.523496],[77.082139,35.523133],[77.082203,35.522772],[77.082341,35.522409],[77.082478,35.522046],[77.082467,35.521625],[77.082457,35.521205],[77.082446,35.520784],[77.082435,35.520364],[77.082424,35.519944],[77.082413,35.519523],[77.082402,35.519103],[77.082318,35.518683],[77.082235,35.518324],[77.082114,35.518047],[77.082133,35.517946],[77.080789,35.515047],[77.079233,35.512811],[77.077976,35.511207],[77.07793,35.511007],[77.077847,35.510648],[77.077765,35.510288],[77.077682,35.509929],[77.077675,35.509681],[77.080072,35.50959],[77.083324,35.510477],[77.086205,35.510427],[77.08955,35.510464],[77.092763,35.509842],[77.096417,35.508459],[77.099958,35.507171],[77.103029,35.505515],[77.106339,35.504232],[77.108622,35.503343],[77.111464,35.501785],[77.113384,35.501148],[77.118455,35.501059],[77.123769,35.501437],[77.125262,35.501222],[77.128411,35.502581],[77.13117,35.502249],[77.134963,35.501805],[77.137606,35.501475],[77.140928,35.500662],[77.142321,35.501014],[77.142351,35.502145],[77.141016,35.50396],[77.13922,35.505784],[77.138926,35.507769],[77.137039,35.510537],[77.135853,35.511381],[77.135683,35.5116],[77.135588,35.511764],[77.135472,35.511965],[77.135303,35.512256],[77.135261,35.512329],[77.134977,35.512694],[77.13475,35.512937],[77.134277,35.513032],[77.133681,35.513182],[77.133084,35.513263],[77.132573,35.513342],[77.13215,35.513559],[77.132076,35.513981],[77.132089,35.514471],[77.132102,35.514961],[77.132284,35.515377],[77.132297,35.515867],[77.13231,35.516357],[77.132312,35.516441],[77.132213,35.516589],[77.132003,35.516954],[77.131977,35.516998],[77.13148,35.517352],[77.131147,35.517708],[77.130812,35.517994],[77.130652,35.518417],[77.130317,35.518703],[77.129894,35.51892],[77.129559,35.519206],[77.129485,35.519627]],[[77.140256,35.528186],[77.140247,35.527821],[77.140234,35.527365],[77.140225,35.527],[77.140145,35.526969],[77.140443,35.526765],[77.14077,35.526486],[77.141183,35.526273],[77.141511,35.525993],[77.141584,35.525581],[77.141742,35.525236],[77.141731,35.524826],[77.141636,35.524417],[77.141634,35.524324],[77.141664,35.524229],[77.141783,35.523859],[77.141966,35.523489],[77.14228,35.523221],[77.142424,35.523097],[77.142594,35.522952],[77.142842,35.522633],[77.142839,35.522494],[77.143006,35.522408],[77.143248,35.522061],[77.143243,35.521876],[77.143327,35.521925],[77.143778,35.5221],[77.144002,35.522096],[77.143992,35.521731],[77.143871,35.521368],[77.143767,35.521057],[77.143638,35.521007],[77.143187,35.520833],[77.142845,35.520565],[77.142393,35.52039],[77.142051,35.520123],[77.141598,35.519857],[77.141144,35.519591],[77.140691,35.519325],[77.140458,35.518965],[77.140225,35.518604],[77.139992,35.518243],[77.139789,35.517928],[77.139816,35.517777],[77.140023,35.517292],[77.140309,35.516987],[77.140536,35.516903],[77.140597,35.516741],[77.140659,35.516576],[77.140655,35.516413],[77.140951,35.514522],[77.141587,35.512436],[77.142797,35.510246],[77.143446,35.508631],[77.144208,35.506921],[77.145095,35.505585],[77.145989,35.504532],[77.146641,35.503012],[77.148109,35.501854],[77.148859,35.5021],[77.150691,35.502704],[77.151249,35.504179],[77.151742,35.506433],[77.152819,35.507899],[77.155213,35.510119],[77.156719,35.511436],[77.159166,35.512382],[77.15988,35.512643],[77.161342,35.513487],[77.161682,35.514064],[77.161709,35.515063],[77.162074,35.515057],[77.162673,35.515046],[77.163107,35.515248],[77.163541,35.515451],[77.163974,35.515653],[77.164408,35.515855],[77.164923,35.515916],[77.165435,35.515837],[77.165946,35.515758],[77.166371,35.51561],[77.166618,35.515255],[77.167011,35.514987],[77.166888,35.514819],[77.166749,35.514454],[77.166611,35.514089],[77.166473,35.513724],[77.166397,35.513306],[77.166323,35.512939],[77.166313,35.512572],[77.166366,35.512151],[77.166419,35.51173],[77.166409,35.511363],[77.166464,35.510994],[77.166582,35.510624],[77.166571,35.510204],[77.166687,35.50973],[77.166805,35.50936],[77.166924,35.50899],[77.166978,35.508622],[77.166967,35.508202],[77.167007,35.508075],[77.167009,35.507163],[77.166737,35.506841],[77.166405,35.506427],[77.166394,35.506007],[77.166384,35.50564],[77.166308,35.505221],[77.166234,35.504855],[77.16616,35.504489],[77.166085,35.50407],[77.166075,35.503702],[77.166001,35.503336],[77.166055,35.502968],[77.166174,35.502598],[77.16662,35.502485],[77.167068,35.502424],[77.167517,35.502416],[77.167967,35.502408],[77.16848,35.502399],[77.168929,35.502391],[77.16938,35.502435],[77.169896,35.502531],[77.170411,35.502574],[77.171054,35.502615],[77.171633,35.502657],[77.172085,35.502754],[77.172536,35.502799],[77.172987,35.502843],[77.173436,35.502835],[77.17395,35.502826],[77.174399,35.502818],[77.174912,35.502808],[77.175362,35.5028],[77.175812,35.502845],[77.176203,35.503048],[77.176229,35.503094],[77.176405,35.503411],[77.176544,35.503777],[77.176619,35.504195],[77.176565,35.504564],[77.176446,35.504933],[77.176264,35.505304],[77.176083,35.505728],[77.175834,35.506047],[77.175653,35.50647],[77.175536,35.506893],[77.175482,35.507261],[77.175429,35.507682],[77.175376,35.508103],[77.175387,35.508496],[77.174742,35.510202],[77.174444,35.511999],[77.174308,35.51549],[77.17427,35.516249],[77.173839,35.516316],[77.173592,35.51667],[77.17343,35.517023],[77.173269,35.517376],[77.173021,35.517731],[77.172599,35.517948],[77.172177,35.518166],[77.171842,35.518452],[77.171507,35.518738],[77.171083,35.518886],[77.17075,35.519242],[77.170503,35.519596],[77.170341,35.519949],[77.170008,35.520305],[77.16996,35.520374],[77.169829,35.520121],[77.169531,35.519822],[77.169113,35.519627],[77.168656,35.519568],[77.168201,35.519542],[77.167745,35.519516],[77.167291,35.519525],[77.167255,35.519525],[77.166991,35.519676],[77.165716,35.519991],[77.165653,35.520129],[77.165622,35.520501],[77.165465,35.520842],[77.165226,35.52115],[77.164902,35.521427],[77.164536,35.521636],[77.164128,35.521846],[77.163635,35.521956],[77.163225,35.522099],[77.162773,35.522209],[77.162277,35.522217],[77.161823,35.522259],[77.16137,35.522301],[77.160916,35.522343],[77.160463,35.522419],[77.16001,35.522461],[77.1596,35.522603],[77.159233,35.522813],[77.15891,35.523089],[77.158587,35.523365],[77.158305,35.523675],[77.157982,35.523951],[77.157616,35.524194],[77.15725,35.524403],[77.156799,35.524547],[77.156389,35.524689],[77.155936,35.524765],[77.155484,35.524841],[77.155031,35.524916],[77.154578,35.524992],[77.154125,35.525068],[77.153764,35.525074],[77.153668,35.525129],[77.153151,35.525352],[77.153007,35.525414],[77.152675,35.525241],[77.15222,35.525039],[77.151765,35.524837],[77.151626,35.524472],[77.151361,35.524161],[77.15091,35.524117],[77.150461,35.524125],[77.150194,35.523762],[77.149929,35.523452],[77.149664,35.523142],[77.149399,35.522831],[77.148945,35.522682],[77.14888,35.522653],[77.148871,35.522316],[77.14886,35.521896],[77.14885,35.521528],[77.148839,35.521108],[77.148828,35.520689],[77.148563,35.520378],[77.148172,35.520175],[77.148034,35.51981],[77.148024,35.519443],[77.148078,35.519074],[77.147813,35.518764],[77.147422,35.518561],[77.146908,35.518518],[77.146458,35.518526],[77.146006,35.518429],[77.145554,35.518332],[77.1451,35.518182],[77.144654,35.518295],[77.144728,35.518661],[77.144866,35.519026],[77.145068,35.51939],[77.145206,35.519755],[77.145345,35.520121],[77.145226,35.52049],[77.144778,35.520551],[77.144331,35.520664],[77.144341,35.521031],[77.144544,35.521395],[77.144809,35.521705],[77.145138,35.522015],[77.145592,35.522164],[77.145984,35.52242],[77.146433,35.522412],[77.146881,35.522351],[77.147458,35.522288],[77.147904,35.522175],[77.147968,35.522174],[77.148296,35.522529],[77.148044,35.522593],[77.147664,35.52281],[77.147216,35.52287],[77.146707,35.523037],[77.146588,35.523406],[77.146534,35.523775],[77.146351,35.524146],[77.146168,35.524517],[77.146306,35.524882],[77.146821,35.524925],[77.147275,35.525074],[77.147724,35.525066],[77.148174,35.525058],[77.148686,35.524997],[77.149135,35.524989],[77.149586,35.525033],[77.149978,35.525289],[77.149988,35.525656],[77.149998,35.526024],[77.149879,35.526393],[77.149775,35.526605],[77.149692,35.526607],[77.14924,35.52651],[77.148973,35.526147],[77.148771,35.525783],[77.148322,35.525791],[77.147808,35.5258],[77.147356,35.525703],[77.146841,35.52566],[77.146391,35.525668],[77.145882,35.525834],[77.145571,35.52595],[77.145554,35.525901],[77.145212,35.525633],[77.14487,35.525366],[77.144419,35.525191],[77.143968,35.525017],[77.143517,35.524842],[77.143068,35.524759],[77.142617,35.524584],[77.142292,35.524955],[77.14219,35.525322],[77.142088,35.525689],[77.141986,35.526056],[77.141772,35.526425],[77.141671,35.526792],[77.141459,35.527252],[77.141467,35.527521],[77.141183,35.527861],[77.140934,35.52818],[77.140816,35.52855],[77.140567,35.528869],[77.140188,35.529086],[77.139744,35.529304],[77.139473,35.529421],[77.139393,35.529296],[77.139606,35.528927],[77.139934,35.528648],[77.140256,35.528186]],[[77.179238,35.525833],[77.179397,35.52541],[77.179559,35.525058],[77.179983,35.52491],[77.180137,35.524907],[77.180244,35.525045],[77.180425,35.525392],[77.180605,35.525739],[77.180744,35.525874],[77.180525,35.52595],[77.180451,35.526372],[77.180029,35.526589],[77.179519,35.526738],[77.179087,35.526606],[77.179076,35.526186],[77.179238,35.525833]],[[77.134253,35.533415],[77.133827,35.533422],[77.133319,35.53357],[77.133214,35.533601],[77.133172,35.533602],[77.132672,35.533679],[77.132344,35.533959],[77.132102,35.534305],[77.13186,35.534652],[77.131618,35.534998],[77.131205,35.535211],[77.130794,35.535492],[77.130466,35.535772],[77.130138,35.536051],[77.129811,35.536331],[77.129483,35.53661],[77.1294,35.536791],[77.129139,35.536535],[77.128763,35.536241],[77.128462,35.535946],[77.128222,35.535712],[77.12816,35.535651],[77.128018,35.535512],[77.127858,35.535356],[77.127482,35.535062],[77.127105,35.534708],[77.126728,35.534354],[77.126281,35.534122],[77.126208,35.534123],[77.12562,35.534133],[77.125104,35.534082],[77.124782,35.534088],[77.124781,35.534026],[77.124771,35.533661],[77.124536,35.533209],[77.124303,35.532848],[77.123852,35.532674],[77.123403,35.53259],[77.122959,35.532689],[77.122406,35.532882],[77.122129,35.532985],[77.121966,35.532935],[77.121451,35.532804],[77.121409,35.532791],[77.121506,35.532624],[77.121833,35.532344],[77.122161,35.532065],[77.122489,35.531785],[77.122702,35.531416],[77.122804,35.531049],[77.122906,35.530683],[77.122673,35.530322],[77.122264,35.530001],[77.122237,35.529745],[77.123058,35.528944],[77.122974,35.528878],[77.122832,35.528453],[77.122815,35.528434],[77.122904,35.528444],[77.123408,35.528504],[77.123995,35.528562],[77.124418,35.528691],[77.12484,35.528821],[77.125345,35.528949],[77.125767,35.529078],[77.126273,35.529206],[77.126779,35.529334],[77.127281,35.529325],[77.127785,35.529385],[77.127842,35.529402],[77.127502,35.529521],[77.127428,35.529942],[77.12718,35.530296],[77.126933,35.530651],[77.126685,35.531005],[77.126263,35.531223],[77.125753,35.531372],[77.125072,35.531524],[77.124565,35.531813],[77.125079,35.531804],[77.125678,35.531793],[77.126277,35.531783],[77.126789,35.531703],[77.127303,35.531694],[77.127727,35.531547],[77.127951,35.531481],[77.127952,35.531506],[77.128073,35.531869],[77.128529,35.532226],[77.12898,35.532401],[77.129213,35.532762],[77.129223,35.533127],[77.129232,35.533491],[77.129679,35.533484],[77.130234,35.533382],[77.130909,35.533553],[77.131353,35.533454],[77.13168,35.533174],[77.132005,35.532804],[77.132107,35.532437],[77.132209,35.53207],[77.132644,35.531606],[77.132971,35.531326],[77.133216,35.531117],[77.13334,35.531131],[77.133775,35.531472],[77.133954,35.531817],[77.133793,35.532169],[77.133632,35.53252],[77.133643,35.532938],[77.133823,35.533283],[77.134253,35.533415]],[[77.277637,35.49932],[77.27797,35.499036],[77.278392,35.498888],[77.278724,35.498603],[77.279146,35.498456],[77.279217,35.498419],[77.279056,35.498747],[77.278808,35.499067],[77.278626,35.499438],[77.27838,35.49981],[77.278199,35.500234],[77.278132,35.500445],[77.278077,35.500446],[77.277564,35.500456],[77.277053,35.500571],[77.276608,35.500736],[77.276164,35.500902],[77.275589,35.501018],[77.275143,35.501132],[77.274701,35.501403],[77.274192,35.50157],[77.273684,35.501789],[77.27324,35.501955],[77.272793,35.502069],[77.272349,35.502234],[77.272104,35.502659],[77.271856,35.502979],[77.271477,35.503196],[77.271032,35.503362],[77.270523,35.503529],[77.270077,35.503642],[77.269627,35.503651],[77.269178,35.503659],[77.268814,35.503666],[77.268893,35.503457],[77.268881,35.503039],[77.268452,35.502907],[77.268291,35.502858],[77.268367,35.502793],[77.268892,35.502253],[77.269186,35.501938],[77.269481,35.501947],[77.270068,35.501965],[77.270556,35.50198],[77.271147,35.501918],[77.271639,35.501854],[77.272136,35.501709],[77.27273,35.501567],[77.273421,35.501428],[77.273921,35.501204],[77.274418,35.501059],[77.274917,35.500834],[77.275226,35.500523],[77.275612,35.50023],[77.275873,35.50019],[77.276378,35.499971],[77.276797,35.499754],[77.277217,35.499537],[77.277637,35.49932]],[[77.208326,35.501178],[77.208821,35.501168],[77.20917,35.501233],[77.209176,35.501467],[77.209518,35.501802],[77.209781,35.502007],[77.210065,35.502317],[77.210403,35.502582],[77.210632,35.502893],[77.210971,35.503202],[77.211202,35.503559],[77.211486,35.503869],[77.21177,35.504179],[77.212054,35.504489],[77.212283,35.504801],[77.212458,35.505158],[77.212523,35.505517],[77.212643,35.505876],[77.212708,35.506235],[77.212719,35.506641],[77.212674,35.507002],[77.212653,35.50708],[77.212574,35.507364],[77.212529,35.507726],[77.21254,35.508131],[77.212543,35.508263],[77.21231,35.508344],[77.211788,35.508614],[77.211585,35.508964],[77.211491,35.509399],[77.211397,35.509834],[77.211195,35.510184],[77.210668,35.510281],[77.21003,35.510206],[77.209808,35.509863],[77.209587,35.509521],[77.209366,35.509178],[77.209144,35.508835],[77.20861,35.508672],[77.208622,35.509105],[77.208634,35.509538],[77.208754,35.510056],[77.208872,35.510487],[77.208883,35.51092],[77.209001,35.511351],[77.209119,35.511782],[77.209343,35.512211],[77.209564,35.512554],[77.209785,35.512896],[77.21011,35.51315],[77.210424,35.513272],[77.210067,35.513476],[77.209756,35.513849],[77.209508,35.514169],[77.209262,35.514541],[77.209013,35.51486],[77.208831,35.515231],[77.208648,35.515602],[77.208466,35.515973],[77.208221,35.516397],[77.207975,35.516822],[77.207857,35.517192],[77.207739,35.517561],[77.207685,35.51793],[77.207657,35.518015],[77.207447,35.518144],[77.207134,35.518465],[77.206887,35.518837],[77.206574,35.519105],[77.20606,35.519115],[77.205611,35.519123],[77.205157,35.518974],[77.204702,35.518772],[77.204186,35.518677],[77.203969,35.518757],[77.203903,35.518706],[77.203473,35.518454],[77.203148,35.5182],[77.202823,35.517946],[77.202295,35.518042],[77.202093,35.518392],[77.201785,35.518744],[77.201366,35.518925],[77.200949,35.519193],[77.20057,35.519262],[77.200413,35.51896],[77.200189,35.518531],[77.199968,35.518188],[77.199643,35.517934],[77.199318,35.51768],[77.198993,35.517426],[77.198668,35.517172],[77.19887,35.516822],[77.199098,35.516724],[77.199225,35.517014],[77.19966,35.517124],[77.200102,35.517469],[77.200538,35.517579],[77.201114,35.517569],[77.201393,35.51721],[77.201672,35.516851],[77.202094,35.51649],[77.202671,35.516479],[77.203247,35.516469],[77.203382,35.516113],[77.203369,35.515641],[77.203353,35.515052],[77.20334,35.514581],[77.203327,35.514109],[77.203462,35.513753],[77.203596,35.513397],[77.20373,35.513041],[77.203865,35.512685],[77.203936,35.512497],[77.204134,35.512412],[77.204514,35.512195],[77.204904,35.512398],[77.204979,35.512764],[77.204732,35.513136],[77.204549,35.513507],[77.20456,35.513874],[77.20457,35.514241],[77.20458,35.514609],[77.204846,35.514971],[77.205049,35.515335],[77.205314,35.515645],[77.205517,35.516009],[77.205969,35.516106],[77.206283,35.515838],[77.206401,35.515468],[77.206327,35.515102],[77.206253,35.514736],[77.206179,35.514369],[77.20604,35.514004],[77.205966,35.513638],[77.206084,35.513269],[77.206331,35.512897],[77.206642,35.512523],[77.206824,35.512152],[77.206814,35.511785],[77.206804,35.511418],[77.206794,35.51105],[77.20672,35.510684],[77.206517,35.51032],[77.206379,35.509955],[77.206176,35.509591],[77.206036,35.509174],[77.206008,35.509131],[77.206246,35.508824],[77.206215,35.508653],[77.205985,35.508296],[77.205756,35.507985],[77.205527,35.507674],[77.205406,35.50727],[77.205379,35.507106],[77.205332,35.507069],[77.20469,35.50663],[77.204781,35.505475],[77.204736,35.503849],[77.204689,35.502138],[77.204873,35.501917],[77.205197,35.50164],[77.205577,35.501453],[77.206014,35.50131],[77.206453,35.501212],[77.206892,35.501159],[77.207388,35.50115],[77.207884,35.501141],[77.208326,35.501178]],[[77.177419,35.522475],[77.177406,35.521997],[77.177311,35.521588],[77.177216,35.521179],[77.17704,35.52084],[77.176945,35.520431],[77.177017,35.520019],[77.177259,35.519672],[77.177501,35.519325],[77.177743,35.518979],[77.178156,35.518766],[77.178498,35.519034],[77.178592,35.519443],[77.178769,35.519782],[77.178946,35.520121],[77.17945,35.52018],[77.179872,35.520309],[77.180214,35.520577],[77.18039,35.520916],[77.180567,35.521255],[77.180744,35.521594],[77.18092,35.521933],[77.181094,35.522266],[77.180809,35.522213],[77.18035,35.522036],[77.179893,35.521951],[77.179439,35.521959],[77.179222,35.522335],[77.179118,35.522708],[77.179017,35.523174],[77.178914,35.523548],[77.17881,35.523921],[77.178359,35.524022],[77.177904,35.524031],[77.177445,35.523853],[77.177385,35.523835],[77.177376,35.523487],[77.177365,35.523097],[77.177513,35.522884],[77.177419,35.522475]],[[77.228055,35.499042],[77.228255,35.498606],[77.228457,35.498255],[77.228765,35.497903],[77.228753,35.49747],[77.228532,35.497127],[77.228003,35.497137],[77.227475,35.497233],[77.227057,35.497415],[77.226854,35.497765],[77.226652,35.498115],[77.226342,35.498381],[77.226222,35.498588],[77.226176,35.49854],[77.225413,35.499222],[77.223838,35.498544],[77.222412,35.497015],[77.219523,35.495724],[77.220802,35.495064],[77.223183,35.493606],[77.224089,35.493183],[77.22429,35.493261],[77.224747,35.493345],[77.225201,35.493337],[77.225658,35.493421],[77.226112,35.493413],[77.226682,35.493495],[77.227139,35.49358],[77.227593,35.493571],[77.22805,35.493656],[77.228504,35.493647],[77.228958,35.493639],[77.229412,35.49363],[77.229871,35.493808],[77.230325,35.493799],[77.230779,35.493791],[77.231236,35.493875],[77.231693,35.49396],[77.23172,35.493959],[77.232012,35.494187],[77.232452,35.494445],[77.232783,35.494704],[77.233115,35.494963],[77.233341,35.495312],[77.233458,35.495664],[77.233576,35.496015],[77.233908,35.496274],[77.234239,35.496534],[77.234677,35.496702],[77.235119,35.497048],[77.235558,35.497305],[77.235996,35.497474],[77.236327,35.497733],[77.236764,35.497902],[77.237204,35.498159],[77.237641,35.498327],[77.238078,35.498496],[77.238513,35.498576],[77.23854,35.498582],[77.23826,35.498742],[77.237813,35.498998],[77.237359,35.499006],[77.23676,35.499265],[77.236158,35.4994],[77.235711,35.499656],[77.235257,35.499665],[77.234802,35.499673],[77.234352,35.499805],[77.23375,35.49994],[77.233147,35.500075],[77.232693,35.500084],[77.232243,35.500216],[77.231788,35.500224],[77.231334,35.500233],[77.230577,35.500247],[77.229972,35.500258],[77.229753,35.500383],[77.229574,35.500314],[77.229044,35.500324],[77.228616,35.500159],[77.228291,35.499905],[77.228173,35.499474],[77.228055,35.499042]],[[77.175931,35.522813],[77.175902,35.522813],[77.175388,35.522823],[77.175377,35.522403],[77.175365,35.521983],[77.175269,35.521565],[77.174837,35.521432],[77.174405,35.5213],[77.174157,35.521271],[77.174143,35.521211],[77.173962,35.520864],[77.173951,35.520444],[77.173854,35.520026],[77.173757,35.519608],[77.173746,35.519188],[77.17382,35.518766],[77.17398,35.518343],[77.174054,35.517922],[77.174214,35.517499],[77.174252,35.517281],[77.174618,35.517274],[77.174679,35.517261],[77.174857,35.51685],[77.175162,35.515532],[77.175969,35.514762],[77.176624,35.515625],[77.177003,35.515921],[77.176992,35.515981],[77.177003,35.516391],[77.177263,35.516729],[77.17744,35.517068],[77.177451,35.517478],[77.177295,35.517892],[77.176882,35.518105],[77.176471,35.518386],[77.176056,35.51853],[77.17539,35.518679],[77.175232,35.519024],[77.175243,35.519435],[77.17542,35.519774],[77.175597,35.520113],[77.175691,35.520522],[77.175786,35.520931],[77.175714,35.521343],[77.175641,35.521755],[77.175652,35.522165],[77.175747,35.522574],[77.175931,35.522813]],[[77.256445,35.415826],[77.256496,35.415858],[77.256499,35.415785],[77.256649,35.415363],[77.256669,35.414936],[77.257144,35.41476],[77.257227,35.41489],[77.257351,35.415259],[77.257475,35.415628],[77.257485,35.416],[77.257496,35.416371],[77.257506,35.416743],[77.257516,35.417114],[77.257527,35.417485],[77.257651,35.417855],[77.257661,35.418226],[77.257671,35.418597],[77.257568,35.418971],[77.257117,35.419072],[77.256955,35.419075],[77.256949,35.418855],[77.256827,35.418492],[77.256594,35.418131],[77.256361,35.417771],[77.256017,35.417412],[77.255966,35.417372],[77.256079,35.41725],[77.256216,35.416887],[77.256279,35.416525],[77.256343,35.416163],[77.256411,35.415982],[77.256445,35.415826]],[[77.181957,35.417568],[77.182009,35.417939],[77.182051,35.41827],[77.181715,35.418346],[77.181584,35.418375],[77.181071,35.418384],[77.180559,35.418393],[77.180046,35.418403],[77.179533,35.418412],[77.179198,35.418698],[77.179085,35.41886],[77.178771,35.418842],[77.178362,35.418985],[77.177953,35.419161],[77.177544,35.419304],[77.177135,35.419447],[77.176684,35.419556],[77.176232,35.419632],[77.17578,35.419741],[77.175329,35.419851],[77.175339,35.420223],[77.175717,35.420452],[77.176135,35.420648],[77.176634,35.420774],[77.177051,35.420935],[77.177468,35.421063],[77.177884,35.421191],[77.1783,35.421319],[77.178799,35.421445],[77.179257,35.421572],[77.179674,35.421699],[77.179743,35.421735],[77.179796,35.421838],[77.179976,35.422185],[77.180075,35.422673],[77.180343,35.423088],[77.180856,35.423079],[77.181363,35.42286],[77.181646,35.422714],[77.182019,35.422908],[77.182063,35.422939],[77.182182,35.422837],[77.182433,35.42267],[77.182455,35.422687],[77.182231,35.422836],[77.182112,35.422938],[77.182132,35.422952],[77.182074,35.423143],[77.181882,35.423688],[77.181726,35.424029],[77.18153,35.424404],[77.181332,35.424745],[77.181178,35.425154],[77.181147,35.425526],[77.181158,35.425932],[77.181292,35.426301],[77.181398,35.426408],[77.181765,35.426401],[77.182212,35.426393],[77.18241,35.426353],[77.182783,35.426278],[77.18323,35.42627],[77.183677,35.426262],[77.184125,35.426306],[77.184574,35.426403],[77.185086,35.426445],[77.185597,35.426436],[77.186109,35.426479],[77.186191,35.4265],[77.186687,35.426626],[77.186986,35.42686],[77.18682,35.427098],[77.186671,35.427494],[77.186358,35.427761],[77.185967,35.428096],[77.185574,35.428365],[77.185343,35.428696],[77.185194,35.429092],[77.185124,35.429486],[77.185055,35.42988],[77.185068,35.430338],[77.185078,35.430731],[77.185089,35.431124],[77.185099,35.431505],[77.185032,35.431515],[77.184523,35.431594],[77.183937,35.431953],[77.183604,35.432238],[77.183443,35.432589],[77.183448,35.43278],[77.183374,35.432792],[77.182894,35.432801],[77.182645,35.432478],[77.182318,35.432222],[77.181913,35.432033],[77.181433,35.432041],[77.180873,35.432051],[77.180395,35.432125],[77.180003,35.432394],[77.179853,35.43279],[77.179857,35.432927],[77.17947,35.432934],[77.179022,35.432994],[77.178577,35.43316],[77.178198,35.433377],[77.178016,35.433748],[77.178026,35.434115],[77.178036,35.434482],[77.178174,35.434847],[77.178376,35.435211],[77.178768,35.435467],[77.179282,35.43551],[77.179733,35.435554],[77.180186,35.435704],[77.180881,35.435324],[77.18088,35.435271],[77.180934,35.434903],[77.180988,35.434534],[77.180977,35.434114],[77.180958,35.434008],[77.181006,35.434013],[77.181491,35.434201],[77.182057,35.434387],[77.182283,35.434445],[77.182225,35.434771],[77.182065,35.435122],[77.182163,35.435608],[77.182259,35.436024],[77.182688,35.436156],[77.183284,35.436145],[77.183793,35.436066],[77.184301,35.435987],[77.184719,35.435701],[77.185096,35.435378],[77.185135,35.435345],[77.185468,35.435061],[77.185979,35.435051],[77.186489,35.435042],[77.187168,35.43496],[77.187677,35.434881],[77.188189,35.434942],[77.188537,35.435214],[77.188633,35.435398],[77.189163,35.435389],[77.189687,35.435486],[77.189457,35.435784],[77.189093,35.43585],[77.188485,35.435861],[77.188029,35.435869],[77.187573,35.435877],[77.186965,35.435888],[77.186509,35.435897],[77.186248,35.435973],[77.186072,35.436001],[77.185564,35.43622],[77.18514,35.436368],[77.184719,35.436585],[77.184384,35.436871],[77.184396,35.437291],[77.184407,35.437711],[77.184418,35.438131],[77.183905,35.43814],[77.183392,35.438149],[77.182879,35.438159],[77.182366,35.438168],[77.181769,35.438249],[77.181608,35.438602],[77.181619,35.439022],[77.181631,35.439441],[77.181642,35.439861],[77.181739,35.44028],[77.181749,35.440322],[77.181403,35.440423],[77.181009,35.440627],[77.180778,35.440959],[77.180868,35.44135],[77.181275,35.441604],[77.181757,35.441661],[77.182162,35.44185],[77.182567,35.442039],[77.182894,35.442296],[77.183381,35.442549],[77.183788,35.442803],[77.183959,35.443193],[77.184207,35.443516],[77.184534,35.443772],[77.18494,35.443961],[77.18542,35.443952],[77.185979,35.443942],[77.186458,35.443868],[77.186937,35.443859],[77.187497,35.443849],[77.187824,35.444105],[77.187755,35.444499],[77.187687,35.444959],[77.187539,35.445351],[77.187101,35.445449],[77.186768,35.445734],[77.186319,35.445928],[77.18587,35.446122],[77.185537,35.446406],[77.185093,35.446786],[77.184785,35.447138],[77.184467,35.447144],[77.184018,35.447152],[77.183566,35.447055],[77.183117,35.447063],[77.18275,35.447156],[77.182671,35.447176],[77.182225,35.447289],[77.181776,35.447298],[77.181511,35.446987],[77.181437,35.446621],[77.181427,35.446254],[77.181417,35.445886],[77.181279,35.445521],[77.181141,35.445156],[77.181131,35.444789],[77.181127,35.444641],[77.181121,35.444421],[77.181111,35.444054],[77.181101,35.443687],[77.180651,35.443642],[77.180272,35.443859],[77.179958,35.444127],[77.179579,35.444344],[77.1792,35.444561],[77.179005,35.444673],[77.178821,35.444778],[77.178531,35.444886],[77.178376,35.444944],[77.177931,35.445109],[77.177487,35.445275],[77.177042,35.44544],[77.176923,35.44581],[77.17661,35.446078],[77.176162,35.446139],[77.175648,35.446095],[77.175196,35.445999],[77.174744,35.445902],[77.17429,35.4457],[77.173899,35.445497],[77.173846,35.445492],[77.173895,35.445463],[77.174262,35.445254],[77.174585,35.444977],[77.174824,35.444669],[77.174743,35.444738],[77.174501,35.444945],[77.174574,35.444572],[77.174564,35.4442],[77.174145,35.444005],[77.173728,35.443844],[77.17327,35.443717],[77.172815,35.443691],[77.172361,35.443699],[77.171907,35.443707],[77.171454,35.443783],[77.171133,35.444127],[77.171019,35.444501],[77.171015,35.444556],[77.170579,35.444564],[77.170133,35.444677],[77.169687,35.44479],[77.169242,35.444956],[77.168793,35.444964],[77.16834,35.444814],[77.168012,35.444558],[77.16781,35.444194],[77.167544,35.443831],[77.167153,35.443628],[77.166636,35.44348],[77.16612,35.443384],[77.165607,35.443393],[77.165118,35.443352],[77.164003,35.442944],[77.163808,35.442684],[77.163537,35.442472],[77.16316,35.442276],[77.162743,35.442114],[77.162324,35.441919],[77.161947,35.441723],[77.161529,35.441527],[77.161151,35.441298],[77.160772,35.441034],[77.160725,35.441005],[77.160437,35.440871],[77.15998,35.440744],[77.159563,35.440616],[77.159318,35.440521],[77.159146,35.440455],[77.158729,35.440327],[77.158272,35.4402],[77.157895,35.440004],[77.157518,35.439808],[77.157139,35.439544],[77.156842,35.439245],[77.156464,35.439015],[77.156126,35.438751],[77.155749,35.438555],[77.155372,35.438359],[77.154994,35.438129],[77.154617,35.437899],[77.15424,35.437703],[77.153781,35.437542],[77.153636,35.437462],[77.152422,35.43593],[77.150671,35.434489],[77.148485,35.432846],[77.146211,35.431063],[77.14419,35.429136],[77.141225,35.427156],[77.139375,35.425226],[77.137502,35.423284],[77.137439,35.423283],[77.137362,35.423139],[77.136117,35.421848],[77.135813,35.420651],[77.13583,35.420452],[77.13582,35.42008],[77.135852,35.419708],[77.135842,35.419336],[77.13584,35.419274],[77.135959,35.419089],[77.136192,35.417443],[77.136156,35.417167],[77.136146,35.416762],[77.136135,35.416356],[77.136125,35.415985],[77.136157,35.415612],[77.136262,35.415268],[77.136271,35.415238],[77.136594,35.414962],[77.136622,35.414944],[77.136959,35.414719],[77.136994,35.414707],[77.137368,35.414577],[77.137717,35.414455],[77.137777,35.414434],[77.13827,35.414324],[77.138762,35.414214],[77.139216,35.414206],[77.13967,35.414198],[77.140124,35.41419],[77.140249,35.414188],[77.140578,35.414182],[77.141033,35.414208],[77.141488,35.414233],[77.141945,35.414327],[77.142402,35.41442],[77.142857,35.414479],[77.143312,35.414505],[77.143765,35.414463],[77.144131,35.414254],[77.144541,35.414112],[77.144907,35.413902],[77.145272,35.413659],[77.14568,35.413483],[77.14613,35.413306],[77.146584,35.413298],[77.147037,35.413256],[77.147488,35.413146],[77.147534,35.413131],[77.147686,35.412839],[77.148094,35.412629],[77.148546,35.412553],[77.148998,35.412477],[77.149136,35.412465],[77.149451,35.412435],[77.149483,35.412063],[77.149473,35.411691],[77.149463,35.41132],[77.149453,35.410948],[77.149448,35.410754],[77.151047,35.406427],[77.152589,35.40376],[77.154475,35.401086],[77.155223,35.398904],[77.157235,35.396605],[77.164113,35.391126],[77.169081,35.387454],[77.173667,35.382469],[77.178284,35.378614],[77.179329,35.377404],[77.179667,35.377398],[77.180162,35.377389],[77.180712,35.377379],[77.181208,35.377415],[77.181651,35.377498],[77.182151,35.377669],[77.182651,35.37784],[77.18304,35.378013],[77.183484,35.37814],[77.183929,35.378313],[77.184428,35.378439],[77.184983,35.378609],[77.185426,35.378736],[77.18587,35.378864],[77.186369,35.37899],[77.186806,35.378892],[77.191088,35.380527],[77.192597,35.380792],[77.192863,35.381035],[77.193307,35.381163],[77.19375,35.38129],[77.194192,35.381327],[77.194634,35.381409],[77.195132,35.38149],[77.195687,35.38166],[77.196184,35.381741],[77.196627,35.381823],[77.19707,35.38195],[77.197512,35.381988],[77.197954,35.38207],[77.198452,35.382151],[77.198897,35.382323],[77.19934,35.38245],[77.199785,35.382622],[77.200229,35.382749],[77.200673,35.382876],[77.201064,35.383095],[77.201508,35.383222],[77.201898,35.383395],[77.20197,35.383443],[77.202011,35.383528],[77.202241,35.383885],[77.202471,35.384241],[77.202862,35.384459],[77.203528,35.384672],[77.203637,35.384692],[77.204968,35.385776],[77.206888,35.387332],[77.207393,35.389233],[77.208047,35.391819],[77.208226,35.393619],[77.207626,35.395381],[77.206227,35.396458],[77.206111,35.396659],[77.2059,35.396978],[77.205689,35.397298],[77.205477,35.397617],[77.205211,35.397938],[77.204888,35.398214],[77.204455,35.398492],[77.204022,35.398771],[77.203928,35.398802],[77.203616,35.398765],[77.203018,35.398776],[77.202505,35.398785],[77.201991,35.398725],[77.201641,35.398451],[77.201459,35.398034],[77.201193,35.397689],[77.201096,35.397271],[77.20083,35.396925],[77.200564,35.39658],[77.200133,35.396448],[77.19962,35.396457],[77.199109,35.396537],[77.198513,35.396618],[77.198,35.396627],[77.19749,35.396706],[77.196977,35.396716],[77.196464,35.396725],[77.195953,35.396804],[77.195531,35.397022],[77.195021,35.397101],[77.194512,35.39725],[77.194092,35.397538],[77.19367,35.397756],[77.193247,35.397904],[77.192827,35.398191],[77.19258,35.398546],[77.192846,35.398891],[77.193112,35.399236],[77.193545,35.399438],[77.193976,35.399571],[77.194398,35.399353],[77.194821,35.399205],[77.195241,35.398917],[77.195664,35.39877],[77.196096,35.398902],[77.196445,35.399176],[77.196612,35.399498],[77.196369,35.399527],[77.195775,35.399678],[77.195269,35.399967],[77.19485,35.400255],[77.194517,35.400611],[77.194185,35.400967],[77.194023,35.40132],[77.193689,35.401606],[77.193528,35.401959],[77.193539,35.402379],[77.19355,35.402799],[77.193562,35.403219],[77.193659,35.403637],[77.19367,35.404057],[77.193936,35.404402],[77.194202,35.404747],[77.194553,35.405091],[77.194986,35.405293],[77.195499,35.405284],[77.196012,35.405274],[77.196525,35.405265],[77.196948,35.405117],[77.19729,35.404941],[77.197695,35.40497],[77.198137,35.405008],[77.198409,35.40503],[77.198578,35.405045],[77.199019,35.405082],[77.19944,35.40516],[77.199431,35.405212],[77.199269,35.405565],[77.199108,35.405918],[77.198861,35.406273],[77.198614,35.406627],[77.198363,35.406842],[77.198031,35.407198],[77.197699,35.407554],[77.197452,35.407909],[77.197117,35.408195],[77.196783,35.408481],[77.196536,35.408835],[77.196202,35.409122],[77.195778,35.409269],[77.195709,35.40942],[77.195008,35.409323],[77.195091,35.409142],[77.195252,35.408789],[77.195499,35.408434],[77.195833,35.408148],[77.196255,35.40793],[77.196585,35.407504],[77.196832,35.40715],[77.197079,35.406795],[77.197068,35.406375],[77.196887,35.406029],[77.196802,35.40603],[77.19578,35.406189],[77.195359,35.406406],[77.194941,35.406764],[77.194521,35.407052],[77.194187,35.407338],[77.194025,35.407691],[77.193864,35.408044],[77.193617,35.408398],[77.193282,35.408685],[77.193035,35.409039],[77.192701,35.409325],[77.192281,35.409613],[77.1922,35.4097],[77.19185,35.409481],[77.191836,35.409449],[77.191668,35.409064],[77.191742,35.408642],[77.191989,35.408288],[77.192236,35.407933],[77.192483,35.407579],[77.19273,35.407224],[77.193064,35.406938],[77.193226,35.406585],[77.193129,35.406167],[77.192948,35.40582],[77.192768,35.405473],[77.192586,35.405057],[77.192584,35.404987],[77.191731,35.405072],[77.191397,35.405358],[77.190975,35.405576],[77.190555,35.405864],[77.190308,35.406218],[77.189886,35.406436],[77.189463,35.406584],[77.189039,35.406731],[77.188528,35.40681],[77.188369,35.407233],[77.188461,35.407633],[77.188507,35.407693],[77.188817,35.407995],[77.188823,35.408206],[77.188828,35.408415],[77.18884,35.408835],[77.188772,35.408882],[77.188578,35.40863],[77.188312,35.408285],[77.187962,35.408011],[77.187611,35.407667],[77.187261,35.407394],[77.186747,35.407333],[77.185796,35.406838],[77.185833,35.406647],[77.185822,35.406241],[77.185771,35.405871],[77.185514,35.405537],[77.185257,35.405204],[77.185001,35.404904],[77.184704,35.404605],[77.18453,35.40427],[77.184355,35.403902],[77.184221,35.403532],[77.184045,35.40313],[77.183953,35.40276],[77.183819,35.40239],[77.183725,35.401986],[77.183631,35.401549],[77.183455,35.401146],[77.183238,35.400744],[77.182981,35.400411],[77.182807,35.400076],[77.182591,35.399742],[77.182376,35.399408],[77.18216,35.39904],[77.181984,35.398671],[77.181727,35.398304],[77.181553,35.397969],[77.181378,35.397601],[77.181203,35.397266],[77.18107,35.396896],[77.180896,35.396561],[77.18068,35.396227],[77.180506,35.395892],[77.180372,35.395523],[77.180075,35.395224],[77.179698,35.395028],[77.179242,35.394935],[77.178786,35.394875],[77.178337,35.395053],[77.17847,35.395422],[77.178808,35.395686],[77.179064,35.39602],[77.17928,35.396354],[77.179455,35.396723],[77.179589,35.397092],[77.179763,35.397427],[77.179855,35.397797],[77.179948,35.398167],[77.179958,35.398539],[77.180134,35.398941],[77.180268,35.399311],[77.180402,35.399714],[77.180537,35.400117],[77.180671,35.400487],[77.180805,35.400856],[77.18098,35.401225],[77.181154,35.40156],[77.18141,35.401859],[77.181749,35.402191],[77.182005,35.402491],[77.18218,35.402859],[77.182354,35.403194],[77.182447,35.403564],[77.182621,35.403899],[77.182918,35.404198],[77.183306,35.4048],[77.183264,35.4048],[77.182855,35.404943],[77.18249,35.405152],[77.182334,35.405493],[77.182302,35.405866],[77.182436,35.406235],[77.182774,35.406499],[77.183192,35.406695],[77.183648,35.406788],[77.183969,35.406862],[77.18375,35.407177],[77.183326,35.407325],[77.182728,35.407336],[77.182296,35.407203],[77.181786,35.407283],[77.181436,35.407009],[77.18151,35.406587],[77.181499,35.406168],[77.181488,35.405748],[77.181391,35.405329],[77.181294,35.404911],[77.181114,35.404564],[77.180603,35.404644],[77.180529,35.405065],[77.180282,35.405419],[77.180122,35.405842],[77.180048,35.406264],[77.180059,35.406684],[77.18007,35.407104],[77.180255,35.40759],[77.180435,35.407937],[77.180784,35.408211],[77.180854,35.408513],[77.180881,35.408629],[77.180892,35.409049],[77.180471,35.409267],[77.179958,35.409276],[77.179443,35.409215],[77.17893,35.409224],[77.178499,35.409092],[77.178068,35.40896],[77.177637,35.408828],[77.177206,35.408695],[77.176691,35.408635],[77.176267,35.408782],[77.176448,35.409129],[77.176797,35.409403],[77.177063,35.409748],[77.177074,35.410168],[77.177,35.410589],[77.177013,35.411068],[77.176434,35.411059],[77.176269,35.411056],[77.174129,35.410485],[77.174006,35.410579],[77.173725,35.410888],[77.17353,35.411297],[77.17329,35.411606],[77.173052,35.411948],[77.172813,35.41229],[77.172782,35.412663],[77.172833,35.413034],[77.172858,35.413107],[77.173297,35.413509],[77.173826,35.41406],[77.173377,35.414561],[77.173288,35.414581],[77.172837,35.414724],[77.172345,35.414834],[77.17185,35.414877],[77.171398,35.414953],[77.170945,35.414995],[77.170493,35.41507],[77.170041,35.415146],[77.16959,35.415256],[77.169139,35.415399],[77.16873,35.415541],[77.168279,35.415651],[77.167827,35.41576],[77.167375,35.415836],[77.166921,35.415844],[77.166468,35.415886],[77.165973,35.415895],[77.165519,35.415903],[77.164996,35.415913],[77.164692,35.415851],[77.164238,35.415859],[77.163781,35.415765],[77.163327,35.415774],[77.162872,35.415748],[77.162418,35.415756],[77.161922,35.415731],[77.161426,35.415706],[77.160971,35.415681],[77.160475,35.415689],[77.16002,35.41563],[77.159562,35.415503],[77.159104,35.415376],[77.158648,35.415283],[77.15819,35.415156],[77.157774,35.415028],[77.157317,35.414935],[77.156863,35.414943],[77.156369,35.415019],[77.156338,35.415392],[77.156675,35.415656],[77.157092,35.415784],[77.157469,35.41598],[77.157885,35.416108],[77.158343,35.416235],[77.158759,35.416362],[77.159176,35.416524],[77.159632,35.416583],[77.160129,35.416642],[77.160585,35.416702],[77.161041,35.416761],[77.161497,35.41682],[77.161954,35.416947],[77.16241,35.417007],[77.162866,35.417066],[77.163323,35.417193],[77.16378,35.417287],[77.164237,35.41738],[77.164774,35.417404],[77.16523,35.417463],[77.165498,35.417479],[77.165853,35.417587],[77.166308,35.417613],[77.166764,35.417673],[77.167218,35.417664],[77.167713,35.417656],[77.168167,35.417647],[77.168621,35.417639],[77.169074,35.417597],[77.169527,35.417555],[77.169981,35.417547],[77.170516,35.41747],[77.17101,35.417393],[77.171503,35.417317],[77.171954,35.417207],[77.172407,35.417165],[77.172941,35.417054],[77.173434,35.416944],[77.173886,35.416868],[77.174337,35.416759],[77.174746,35.416616],[77.175238,35.416472],[77.175688,35.416329],[77.17614,35.416219],[77.176592,35.416144],[77.177209,35.416065],[77.177662,35.416023],[77.178116,35.416015],[77.178508,35.416008],[77.178611,35.415972],[77.179102,35.415828],[77.179555,35.415786],[77.180051,35.415777],[77.180507,35.41587],[77.180924,35.415998],[77.181341,35.416159],[77.181638,35.416458],[77.181812,35.416793],[77.181905,35.417163],[77.181957,35.417568]],[[77.236402,35.519017],[77.236222,35.519021],[77.235848,35.519091],[77.235781,35.519029],[77.235719,35.518971],[77.235389,35.518662],[77.235124,35.518352],[77.234796,35.518096],[77.234466,35.517787],[77.234201,35.517476],[77.233998,35.517113],[77.233795,35.516749],[77.233651,35.516489],[77.233709,35.516464],[77.233591,35.516354],[77.233573,35.516333],[77.233454,35.51602],[77.233188,35.51571],[77.233003,35.515692],[77.232726,35.515267],[77.232588,35.514902],[77.232514,35.514536],[77.232439,35.51417],[77.232429,35.513802],[77.232419,35.513435],[77.232409,35.513068],[77.232398,35.5127],[77.232388,35.512333],[77.232377,35.511913],[77.232495,35.511543],[77.232743,35.511224],[77.233122,35.511007],[77.233153,35.51099],[77.233265,35.511164],[77.233383,35.511595],[77.233605,35.511938],[77.233932,35.512278],[77.234259,35.512619],[77.234587,35.512959],[77.234914,35.5133],[77.235136,35.513642],[77.234825,35.513908],[77.234731,35.514343],[77.234953,35.514685],[77.235383,35.514937],[77.235915,35.515014],[77.236448,35.515091],[77.236866,35.51491],[77.236748,35.514479],[77.236527,35.514136],[77.236306,35.513794],[77.235978,35.513453],[77.235653,35.513199],[77.235328,35.512945],[77.235107,35.512603],[77.234885,35.51226],[77.23456,35.512007],[77.234442,35.511575],[77.234428,35.511056],[77.23463,35.510705],[77.234409,35.510363],[77.234084,35.510109],[77.233966,35.509678],[77.233744,35.509335],[77.233521,35.508906],[77.233494,35.508809],[77.233639,35.508792],[77.23372,35.508752],[77.234031,35.507549],[77.235454,35.505825],[77.234381,35.504572],[77.232539,35.503616],[77.232512,35.503431],[77.232398,35.503407],[77.231946,35.50331],[77.231555,35.503107],[77.231352,35.502743],[77.231535,35.502372],[77.231643,35.502243],[77.231845,35.501999],[77.231899,35.501832],[77.231984,35.501831],[77.232438,35.501822],[77.232893,35.501814],[77.233498,35.501803],[77.234255,35.501789],[77.234861,35.501777],[77.235315,35.501769],[77.235769,35.501761],[77.236223,35.501752],[77.236677,35.501744],[77.237132,35.501735],[77.237586,35.501727],[77.23804,35.501718],[77.238497,35.501834],[77.238958,35.502073],[77.238789,35.502332],[77.238607,35.502703],[77.238681,35.50307],[77.238947,35.50338],[77.239275,35.503636],[77.239733,35.503943],[77.240226,35.505029],[77.240622,35.506861],[77.240387,35.510825],[77.24043,35.51238],[77.239874,35.514158],[77.238693,35.515241],[77.237872,35.516812],[77.237314,35.518519],[77.237234,35.519002],[77.237092,35.519867],[77.236402,35.519017]],[[77.266105,35.508542],[77.266114,35.508863],[77.266124,35.50923],[77.266245,35.509575],[77.266004,35.509781],[77.265497,35.50993],[77.265067,35.509799],[77.264552,35.509669],[77.264122,35.509538],[77.263942,35.509193],[77.264449,35.509044],[77.264871,35.508897],[77.265293,35.508749],[77.265715,35.508602],[77.266105,35.508542]],[[77.232798,35.509614],[77.232762,35.509596],[77.232371,35.509393],[77.231915,35.509139],[77.231524,35.508936],[77.231321,35.508572],[77.231766,35.508406],[77.232281,35.508449],[77.232734,35.508598],[77.232771,35.508622],[77.232772,35.50866],[77.232784,35.509093],[77.232796,35.509526],[77.232798,35.509614]],[[77.282452,35.494835],[77.282955,35.494825],[77.283385,35.494729],[77.28356,35.494616],[77.283564,35.494781],[77.283579,35.4953],[77.28359,35.495671],[77.283341,35.495884],[77.283093,35.496203],[77.28304,35.496285],[77.282782,35.496332],[77.281901,35.496429],[77.281982,35.496312],[77.282228,35.495959],[77.282388,35.495608],[77.282462,35.495188],[77.282452,35.494835]],[[77.238378,35.495639],[77.237995,35.495491],[77.237558,35.495323],[77.237121,35.495154],[77.236681,35.494897],[77.236244,35.494728],[77.235809,35.494648],[77.235372,35.494479],[77.234935,35.49431],[77.234498,35.494141],[77.234166,35.493882],[77.234045,35.493836],[77.234074,35.493823],[77.234407,35.493538],[77.234854,35.493251],[77.235305,35.49315],[77.23541,35.49303],[77.235768,35.493204],[77.236225,35.493459],[77.236615,35.493661],[77.237072,35.493915],[77.237464,35.494171],[77.237856,35.494426],[77.238765,35.494611],[77.238752,35.494645],[77.238611,35.495019],[77.23847,35.495394],[77.238378,35.495639]],[[77.28384,35.491714],[77.283799,35.491564],[77.284264,35.491355],[77.284768,35.49105],[77.285268,35.490825],[77.285768,35.4906],[77.286256,35.490616],[77.286742,35.490711],[77.286876,35.490805],[77.286798,35.490988],[77.286616,35.491359],[77.286304,35.491679],[77.286122,35.49205],[77.285877,35.492475],[77.285567,35.492849],[77.285258,35.493274],[77.28501,35.493594],[77.284958,35.493661],[77.284589,35.493548],[77.284313,35.493508],[77.284323,35.493473],[77.28431,35.493031],[77.284298,35.492589],[77.284069,35.492152],[77.28384,35.491714]],[[77.239852,35.492778],[77.239669,35.49266],[77.239278,35.492457],[77.238823,35.492255],[77.238371,35.492159],[77.237918,35.492009],[77.237463,35.491808],[77.237009,35.491659],[77.236618,35.491456],[77.236166,35.491359],[77.235713,35.49121],[77.235261,35.491114],[77.234743,35.490966],[77.234227,35.49087],[77.233645,35.490723],[77.233193,35.490627],[77.232744,35.490635],[77.232294,35.490643],[77.23172,35.490759],[77.231275,35.490925],[77.230963,35.491246],[77.231036,35.491464],[77.230602,35.491472],[77.230029,35.491297],[77.229572,35.491212],[77.229113,35.491035],[77.228765,35.490763],[77.228303,35.490493],[77.228189,35.490495],[77.227735,35.490503],[77.227276,35.490326],[77.226928,35.490053],[77.226804,35.489684],[77.22668,35.489315],[77.22667,35.488943],[77.227116,35.488657],[77.227568,35.488555],[77.22802,35.488454],[77.228468,35.48826],[77.229031,35.488064],[77.22948,35.48787],[77.229704,35.487773],[77.229929,35.487676],[77.23038,35.487574],[77.230832,35.487473],[77.231397,35.48737],[77.232076,35.487264],[77.232527,35.487163],[77.232981,35.487155],[77.23342,35.486965],[77.233671,35.487048],[77.234119,35.486987],[77.234433,35.486718],[77.234746,35.48645],[77.235191,35.486284],[77.235637,35.486171],[77.236087,35.486163],[77.23654,35.486312],[77.23687,35.486621],[77.2369,35.486657],[77.23678,35.48676],[77.236573,35.487117],[77.236146,35.487302],[77.235829,35.487573],[77.235512,35.487844],[77.235196,35.488116],[77.234881,35.488475],[77.234675,35.488833],[77.234577,35.489188],[77.234478,35.489544],[77.234491,35.489986],[77.234608,35.490337],[77.235149,35.490327],[77.235691,35.490405],[77.236232,35.490395],[77.236666,35.490476],[77.237101,35.490556],[77.237536,35.490636],[77.237971,35.490717],[77.238405,35.490797],[77.238842,35.490966],[77.239491,35.490954],[77.239928,35.491123],[77.240149,35.49119],[77.240158,35.491501],[77.240488,35.49181],[77.240691,35.491889],[77.2405,35.492136],[77.240056,35.492515],[77.239852,35.492778]],[[77.264732,35.486626],[77.264402,35.486317],[77.264136,35.486007],[77.263871,35.485697],[77.263541,35.485388],[77.263483,35.485343],[77.263716,35.485242],[77.264135,35.485061],[77.264443,35.484708],[77.265076,35.48461],[77.265603,35.484513],[77.266135,35.48459],[77.266664,35.48458],[77.267193,35.48457],[77.267723,35.48456],[77.26772,35.484448],[77.267852,35.4845],[77.26829,35.484668],[77.268083,35.485026],[77.267767,35.485297],[77.267561,35.485655],[77.267354,35.486012],[77.267148,35.48637],[77.26705,35.486725],[77.266733,35.486996],[77.266306,35.487181],[77.265876,35.487278],[77.265499,35.487441],[77.265136,35.487301],[77.26487,35.486991],[77.264732,35.486626]],[[77.185122,35.410513],[77.185226,35.410285],[77.185215,35.410281],[77.185284,35.41016],[77.185445,35.409807],[77.185519,35.409385],[77.185423,35.408967],[77.185326,35.408549],[77.185145,35.408202],[77.184961,35.407715],[77.184949,35.407258],[77.184983,35.407271],[77.185299,35.407569],[77.185565,35.407914],[77.185662,35.408333],[77.185842,35.408679],[77.186108,35.409025],[77.186289,35.409371],[77.186386,35.40979],[77.186552,35.41017],[77.186317,35.410421],[77.186223,35.410626],[77.186156,35.410774],[77.186167,35.411194],[77.186167,35.411215],[77.185141,35.411199],[77.185134,35.410933],[77.185122,35.410513]],[[77.184225,35.468648],[77.184237,35.469084],[77.18446,35.469429],[77.184683,35.469774],[77.184588,35.470213],[77.184493,35.470651],[77.184597,35.471031],[77.184371,35.471322],[77.184254,35.471744],[77.184264,35.472111],[77.184466,35.472475],[77.184857,35.472678],[77.185185,35.472935],[77.185195,35.473302],[77.185269,35.473668],[77.185471,35.474032],[77.185799,35.474289],[77.186001,35.474653],[77.186095,35.474821],[77.186067,35.475077],[77.186077,35.475432],[77.186101,35.475705],[77.185973,35.475966],[77.18579,35.476337],[77.185736,35.476705],[77.185746,35.477073],[77.185756,35.47744],[77.185767,35.47786],[77.185777,35.478227],[77.185787,35.478595],[77.185739,35.478921],[77.185615,35.479062],[77.185156,35.478858],[77.185116,35.478686],[77.184886,35.478506],[77.184747,35.478088],[77.184737,35.477721],[77.184662,35.477355],[77.184653,35.476987],[77.184707,35.476619],[77.184761,35.47625],[77.184781,35.476205],[77.184758,35.476145],[77.184748,35.475778],[77.184802,35.475409],[77.184792,35.475042],[77.184783,35.474675],[77.184772,35.474623],[77.184647,35.474413],[77.184532,35.474152],[77.184197,35.473942],[77.18375,35.47371],[77.183375,35.473416],[77.183073,35.473121],[77.182826,35.47288],[77.183054,35.472685],[77.183149,35.472247],[77.183462,35.471979],[77.183557,35.471541],[77.183545,35.471104],[77.183533,35.470668],[77.18331,35.470323],[77.183085,35.46989],[77.182862,35.469545],[77.182535,35.469289],[77.182104,35.469122],[77.181672,35.468956],[77.181132,35.468703],[77.180805,35.468447],[77.180475,35.468104],[77.180146,35.467761],[77.179819,35.467505],[77.179387,35.467338],[77.178854,35.467348],[77.178321,35.467357],[77.177785,35.46728],[77.177252,35.467289],[77.176718,35.467299],[77.17619,35.467483],[77.175879,35.467838],[77.175677,35.468278],[77.175476,35.468718],[77.175383,35.469244],[77.175281,35.469513],[77.175141,35.469441],[77.174876,35.46913],[77.174738,35.468765],[77.174348,35.468562],[77.173893,35.468361],[77.173441,35.468264],[77.17299,35.468219],[77.172541,35.468227],[77.172028,35.468237],[77.171579,35.468245],[77.171127,35.468148],[77.170925,35.467784],[77.171173,35.467464],[77.171485,35.467144],[77.171799,35.466875],[77.172113,35.466607],[77.172358,35.466183],[77.172605,35.465811],[77.172851,35.465439],[77.173231,35.465222],[77.173745,35.465265],[77.174196,35.46531],[77.174648,35.465406],[77.175097,35.465398],[77.175476,35.465182],[77.175594,35.464812],[77.175649,35.464443],[77.175831,35.464072],[77.175884,35.463651],[77.175938,35.463283],[77.175993,35.462914],[77.175983,35.462547],[77.175655,35.46229],[77.175202,35.462141],[77.174811,35.461938],[77.174483,35.461681],[77.174218,35.461371],[77.174016,35.461007],[77.173876,35.46059],[77.173802,35.460223],[77.173654,35.459957],[77.174114,35.459885],[77.174449,35.459599],[77.17461,35.459246],[77.174772,35.458893],[77.175196,35.458746],[77.175791,35.458595],[77.1763,35.458446],[77.176635,35.45816],[77.177055,35.457872],[77.177566,35.457793],[77.17799,35.457645],[77.178503,35.457636],[77.179014,35.457557],[77.179524,35.457407],[77.18012,35.457327],[77.180542,35.457109],[77.180877,35.456823],[77.181211,35.456537],[77.181633,35.456319],[77.182232,35.456308],[77.182914,35.456226],[77.183426,35.456147],[77.18308,35.456298],[77.182747,35.456583],[77.182187,35.456871],[77.181857,35.457249],[77.181413,35.457629],[77.181196,35.458004],[77.180866,35.458382],[77.180412,35.45839],[77.179733,35.458495],[77.179057,35.458693],[77.178384,35.458984],[77.177821,35.45918],[77.177373,35.459374],[77.177383,35.459745],[77.17762,35.460112],[77.177968,35.460385],[77.178429,35.460655],[77.178888,35.460833],[77.179236,35.461105],[77.179697,35.461375],[77.180045,35.461648],[77.180393,35.46192],[77.180852,35.462098],[77.1812,35.46237],[77.181657,35.462455],[77.182118,35.462725],[77.182466,35.462997],[77.182527,35.463091],[77.182534,35.463342],[77.182545,35.463752],[77.182721,35.464091],[77.182981,35.464429],[77.183158,35.464768],[77.183169,35.465178],[77.183096,35.46559],[77.183107,35.466001],[77.183529,35.46613],[77.183855,35.465782],[77.184011,35.465368],[77.184252,35.465022],[77.184494,35.464675],[77.184908,35.464531],[77.185235,35.464251],[77.185563,35.463971],[77.185721,35.463626],[77.185542,35.463219],[77.185447,35.46281],[77.185269,35.462402],[77.185212,35.462157],[77.185007,35.461996],[77.18508,35.461584],[77.185236,35.461171],[77.185563,35.460891],[77.186063,35.460814],[77.186564,35.460805],[77.186741,35.461144],[77.186752,35.461545],[77.186763,35.461965],[77.186858,35.462374],[77.187195,35.462638],[77.187142,35.462999],[77.187068,35.463418],[77.186908,35.46377],[77.186747,35.464121],[77.186586,35.464472],[77.186597,35.46489],[77.186694,35.465306],[77.186873,35.465651],[77.187386,35.465712],[77.187144,35.466063],[77.186722,35.466245],[77.1863,35.466427],[77.185987,35.466695],[77.185988,35.466748],[77.185787,35.466728],[77.185338,35.466736],[77.184959,35.466953],[77.18491,35.467281],[77.184512,35.46742],[77.184202,35.467775],[77.184214,35.468211],[77.184225,35.468648]],[[77.198498,35.464642],[77.198769,35.464669],[77.19928,35.46466],[77.199787,35.464511],[77.200209,35.464364],[77.200629,35.464147],[77.200962,35.463863],[77.20147,35.463784],[77.201979,35.463705],[77.202575,35.463694],[77.203169,35.463613],[77.203589,35.463397],[77.204262,35.463106],[77.205278,35.462878],[77.205494,35.462918],[77.206081,35.462907],[77.206595,35.462898],[77.207042,35.46313],[77.207199,35.463488],[77.2072,35.463521],[77.207121,35.463571],[77.20667,35.463672],[77.206108,35.463868],[77.205656,35.463969],[77.205247,35.464061],[77.204974,35.464029],[77.204472,35.464038],[77.20397,35.464047],[77.203469,35.464056],[77.203054,35.464201],[77.202554,35.464278],[77.202142,35.464491],[77.201644,35.464637],[77.20123,35.464782],[77.200817,35.464994],[77.200406,35.465276],[77.199994,35.465489],[77.19997,35.465506],[77.199681,35.465478],[77.19917,35.465592],[77.198657,35.465601],[77.198208,35.46561],[77.19797,35.465614],[77.198193,35.465376],[77.198353,35.465025],[77.198498,35.464642]],[[77.171629,35.45657],[77.171119,35.456719],[77.170608,35.456798],[77.170173,35.456526],[77.169742,35.456393],[77.169228,35.456403],[77.169011,35.456407],[77.168803,35.456164],[77.168506,35.455865],[77.168049,35.455771],[77.167632,35.455644],[77.167178,35.455652],[77.166721,35.455559],[77.16669,35.455547],[77.166805,35.455497],[77.166897,35.454976],[77.167099,35.454626],[77.167626,35.454529],[77.168155,35.45452],[77.168685,35.45451],[77.169103,35.45433],[77.16963,35.454233],[77.169765,35.454118],[77.169852,35.454144],[77.170281,35.454276],[77.17071,35.454408],[77.171223,35.454468],[77.171652,35.4546],[77.17217,35.454869],[77.172683,35.454929],[77.173192,35.454851],[77.173438,35.454498],[77.173599,35.454147],[77.173759,35.453795],[77.17386,35.453577],[77.173965,35.453575],[77.174479,35.453565],[77.174993,35.453556],[77.175507,35.453547],[77.176022,35.453598],[77.176536,35.453588],[77.177125,35.453638],[77.177177,35.453637],[77.177179,35.453725],[77.17719,35.454131],[77.177193,35.454221],[77.176977,35.454405],[77.176654,35.454681],[77.176496,35.454872],[77.17646,35.454872],[77.175945,35.454812],[77.17543,35.454751],[77.174917,35.45476],[77.174406,35.454839],[77.173898,35.455058],[77.173475,35.455206],[77.17314,35.455492],[77.172633,35.455711],[77.1723,35.456067],[77.172053,35.456422],[77.171629,35.45657]],[[77.292318,35.452916],[77.29186,35.452831],[77.291292,35.452936],[77.290839,35.453038],[77.290383,35.453046],[77.289927,35.453055],[77.28947,35.453063],[77.28912,35.45279],[77.288882,35.452421],[77.288532,35.452148],[77.288071,35.45197],[77.287614,35.451979],[77.287158,35.451987],[77.286702,35.451996],[77.286246,35.452004],[77.28579,35.452013],[77.285258,35.452023],[77.28522,35.452024],[77.284764,35.452033],[77.284308,35.452041],[77.283852,35.45205],[77.283727,35.451679],[77.283831,35.451303],[77.28382,35.45093],[77.28381,35.450557],[77.284027,35.45018],[77.284242,35.449709],[77.284799,35.449232],[77.285011,35.449095],[77.285013,35.449056],[77.285032,35.44863],[77.285052,35.448203],[77.285202,35.447781],[77.285477,35.447469],[77.285627,35.447047],[77.285754,35.446857],[77.286284,35.446867],[77.28672,35.44694],[77.287233,35.446956],[77.287891,35.446976],[77.287942,35.447194],[77.288123,35.44754],[77.288134,35.44796],[77.288484,35.448233],[77.289087,35.448362],[77.289403,35.448459],[77.289347,35.448497],[77.289186,35.44885],[77.289198,35.44927],[77.288864,35.449556],[77.288357,35.449776],[77.287939,35.450134],[77.287695,35.450559],[77.287707,35.450979],[77.288389,35.450896],[77.2889,35.450816],[77.289411,35.450736],[77.289761,35.45101],[77.290027,35.451355],[77.290459,35.451486],[77.29089,35.451618],[77.291322,35.45175],[77.291835,35.45174],[77.292189,35.451538],[77.292281,35.45161],[77.292406,35.451981],[77.292761,35.452441],[77.293002,35.452903],[77.293058,35.453029],[77.292891,35.452999],[77.292318,35.452916]],[[77.211436,35.409506],[77.210987,35.409409],[77.210539,35.409365],[77.210091,35.409321],[77.209514,35.409227],[77.209067,35.409235],[77.208555,35.409193],[77.208109,35.409201],[77.207597,35.409158],[77.207151,35.409166],[77.206704,35.409174],[77.206256,35.40913],[77.205809,35.409138],[77.205363,35.409146],[77.204852,35.409156],[77.204277,35.409114],[77.20383,35.409122],[77.20332,35.409131],[77.202873,35.40914],[77.202427,35.409148],[77.201983,35.40926],[77.201412,35.409375],[77.200968,35.409488],[77.200527,35.409705],[77.200494,35.409717],[77.200493,35.409673],[77.200396,35.409255],[77.200046,35.408982],[77.19996,35.408941],[77.201019,35.407984],[77.201473,35.407975],[77.201985,35.407966],[77.202489,35.407607],[77.202908,35.407319],[77.203243,35.407033],[77.203577,35.406747],[77.203995,35.406389],[77.204242,35.406035],[77.20423,35.405615],[77.204217,35.405125],[77.204036,35.404778],[77.203856,35.404431],[77.203537,35.404119],[77.203669,35.404005],[77.203881,35.403686],[77.204259,35.403409],[77.204329,35.403374],[77.204639,35.403221],[77.204666,35.403207],[77.204762,35.403155],[77.204849,35.403223],[77.205201,35.403567],[77.205467,35.403912],[77.205816,35.404186],[77.206166,35.404459],[77.206517,35.404803],[77.206866,35.405076],[77.207132,35.405422],[77.2074,35.405837],[77.207581,35.406184],[77.20793,35.406457],[77.208282,35.406801],[77.208631,35.407074],[77.209064,35.407277],[77.209496,35.407409],[77.210008,35.407399],[77.210523,35.40746],[77.210947,35.407312],[77.211368,35.407094],[77.211702,35.406808],[77.212037,35.406522],[77.212079,35.406281],[77.212116,35.406311],[77.212382,35.406656],[77.212732,35.406929],[77.212998,35.407275],[77.213097,35.407763],[77.213108,35.408183],[77.212861,35.408537],[77.212873,35.408957],[77.213224,35.409301],[77.213739,35.409361],[77.214252,35.409352],[77.21485,35.409341],[77.215363,35.409332],[77.215787,35.409184],[77.216033,35.408829],[77.216195,35.408476],[77.216356,35.408123],[77.21669,35.407837],[77.217199,35.407688],[77.217708,35.407538],[77.218221,35.407529],[77.218614,35.407392],[77.218567,35.407662],[77.218406,35.408015],[77.218244,35.408368],[77.218083,35.408721],[77.218094,35.409141],[77.218213,35.409369],[77.218074,35.409488],[77.217762,35.409755],[77.217385,35.409971],[77.216944,35.410188],[77.216499,35.410249],[77.215989,35.410258],[77.215542,35.410266],[77.215094,35.410222],[77.214647,35.410231],[77.214198,35.410134],[77.213685,35.410039],[77.213235,35.409943],[77.212784,35.409794],[77.212334,35.409646],[77.211884,35.40955],[77.211436,35.409506]],[[77.275356,35.40835],[77.274964,35.408094],[77.274636,35.407838],[77.274562,35.407472],[77.274552,35.407105],[77.274865,35.406836],[77.275378,35.406827],[77.275832,35.407028],[77.276223,35.407231],[77.276613,35.407433],[77.277068,35.407635],[77.277396,35.407891],[77.277561,35.408047],[77.277124,35.408199],[77.276673,35.408301],[77.276222,35.408402],[77.275774,35.408596],[77.275621,35.40866],[77.275356,35.40835]],[[77.263517,35.408593],[77.263402,35.408407],[77.263093,35.408165],[77.262719,35.407931],[77.262562,35.407574],[77.262551,35.407153],[77.262548,35.407064],[77.263206,35.407318],[77.26327,35.407317],[77.263598,35.407573],[77.263926,35.407829],[77.264253,35.408086],[77.264006,35.408406],[77.263562,35.408571],[77.263517,35.408593]],[[77.219522,35.518658],[77.219192,35.518349],[77.218863,35.51804],[77.218531,35.517678],[77.218141,35.517475],[77.217688,35.517379],[77.217242,35.517492],[77.216863,35.517709],[77.216486,35.518031],[77.216041,35.518197],[77.21559,35.518152],[77.215139,35.518108],[77.215001,35.517743],[77.214798,35.517379],[77.214352,35.517493],[77.213975,35.517815],[77.213584,35.517612],[77.213128,35.517358],[77.212679,35.517366],[77.212413,35.517056],[77.212403,35.516688],[77.212457,35.51632],[77.212511,35.515951],[77.21263,35.515581],[77.21262,35.515214],[77.212609,35.514847],[77.212344,35.514537],[77.211896,35.514597],[77.211758,35.514232],[77.211876,35.513863],[77.211802,35.513496],[77.211472,35.513187],[77.210959,35.513197],[77.210632,35.513236],[77.210849,35.51305],[77.210838,35.512617],[77.21072,35.512186],[77.21103,35.51192],[77.211558,35.511824],[77.211977,35.511643],[77.212506,35.511633],[77.212834,35.511974],[77.213055,35.512317],[77.213067,35.51275],[77.213185,35.513181],[77.213712,35.513084],[77.213914,35.512734],[77.214114,35.512297],[77.214646,35.512374],[77.214974,35.512715],[77.214985,35.513148],[77.214997,35.513581],[77.215009,35.514014],[77.215129,35.514531],[77.215351,35.514874],[77.215676,35.515128],[77.216208,35.515205],[77.216735,35.515108],[77.217046,35.514843],[77.216928,35.514412],[77.216706,35.514069],[77.216485,35.513727],[77.216259,35.513211],[77.216033,35.512695],[77.216021,35.512262],[77.216115,35.511827],[77.216103,35.511394],[77.216091,35.510961],[77.216079,35.510528],[77.216067,35.510095],[77.21596,35.509703],[77.215999,35.509645],[77.216154,35.509282],[77.21631,35.508918],[77.216465,35.508555],[77.216677,35.508236],[77.216832,35.507872],[77.216917,35.507744],[77.217044,35.507553],[77.217255,35.507233],[77.217467,35.506914],[77.21779,35.506638],[77.21817,35.506405],[77.218607,35.506262],[77.218736,35.506233],[77.218836,35.50613],[77.219947,35.504601],[77.221814,35.505415],[77.223726,35.507831],[77.223999,35.5095],[77.22412,35.509641],[77.22439,35.509956],[77.22466,35.510272],[77.224802,35.510697],[77.224873,35.510906],[77.224945,35.511121],[77.22509,35.511291],[77.225215,35.511437],[77.225315,35.511736],[77.22525,35.511971],[77.225069,35.512395],[77.224822,35.512767],[77.22464,35.513138],[77.224395,35.513562],[77.224084,35.513936],[77.223772,35.514256],[77.223394,35.514526],[77.223286,35.514637],[77.220893,35.515985],[77.221557,35.517013],[77.221783,35.517528],[77.222751,35.518031],[77.221499,35.518747],[77.222984,35.518806],[77.224277,35.519562],[77.224889,35.518684],[77.224586,35.514945],[77.224943,35.514812],[77.225321,35.514543],[77.225832,35.514428],[77.226281,35.51442],[77.226729,35.514359],[77.226777,35.514398],[77.226858,35.514378],[77.227309,35.514422],[77.227701,35.514677],[77.227775,35.515044],[77.227914,35.515409],[77.228052,35.515774],[77.228381,35.51603],[77.228391,35.516397],[77.228392,35.51646],[77.228401,35.516765],[77.228347,35.517133],[77.228614,35.517496],[77.229066,35.517593],[77.229515,35.517584],[77.229829,35.517316],[77.230077,35.516996],[77.230177,35.516794],[77.230589,35.516786],[77.230843,35.516833],[77.230851,35.517118],[77.231305,35.517268],[77.231758,35.517417],[77.232275,35.517512],[77.232729,35.517661],[77.233185,35.517915],[77.233578,35.518171],[77.233716,35.518536],[77.233982,35.518846],[77.234139,35.519059],[77.234249,35.519208],[77.234577,35.519465],[77.234669,35.519565],[77.233126,35.520103],[77.232669,35.520226],[77.232679,35.520593],[77.232624,35.520794],[77.23249,35.520781],[77.231975,35.520738],[77.231461,35.520748],[77.231016,35.520913],[77.230768,35.521233],[77.23052,35.521553],[77.230071,35.521561],[77.22962,35.521517],[77.22917,35.521525],[77.228721,35.521533],[77.22827,35.521489],[77.227757,35.521499],[77.227243,35.521508],[77.226794,35.521516],[77.226345,35.521525],[77.225895,35.521533],[77.225382,35.521543],[77.224931,35.521498],[77.224481,35.521507],[77.223968,35.521516],[77.223519,35.521524],[77.223069,35.521533],[77.222557,35.521595],[77.222362,35.521644],[77.222163,35.521287],[77.221898,35.520977],[77.221632,35.520667],[77.221367,35.520356],[77.221039,35.5201],[77.220711,35.519843],[77.220318,35.519588],[77.220053,35.519278],[77.219787,35.518968],[77.219522,35.518658]],[[77.264521,35.410366],[77.264767,35.410386],[77.265211,35.410221],[77.26566,35.410212],[77.265925,35.410522],[77.266377,35.410619],[77.266828,35.410715],[77.267219,35.410918],[77.267547,35.411174],[77.267939,35.41143],[77.268331,35.411685],[77.268374,35.411707],[77.268269,35.412082],[77.268166,35.412455],[77.268063,35.412829],[77.268071,35.413092],[77.267427,35.413104],[77.266949,35.413178],[77.266469,35.413187],[77.26599,35.413196],[77.26551,35.413205],[77.265027,35.413083],[77.264621,35.412895],[77.264548,35.412896],[77.26454,35.412616],[77.264529,35.412245],[77.264632,35.411871],[77.264849,35.411496],[77.264952,35.411122],[77.264941,35.410751],[77.264593,35.410479],[77.264521,35.410366]],[[77.243376,35.485197],[77.243273,35.48557],[77.243283,35.485942],[77.243293,35.486313],[77.24319,35.486687],[77.24286,35.487064],[77.242619,35.48727],[77.241984,35.487282],[77.241441,35.487204],[77.241006,35.487124],[77.240569,35.486955],[77.240248,35.486831],[77.240278,35.48682],[77.240785,35.486601],[77.241164,35.486383],[77.241412,35.486064],[77.241272,35.485646],[77.240817,35.485445],[77.240426,35.485242],[77.239974,35.485145],[77.239584,35.484943],[77.239129,35.484741],[77.238678,35.484697],[77.238105,35.484865],[77.23766,35.485031],[77.237215,35.485197],[77.236766,35.485205],[77.236316,35.485161],[77.235925,35.484958],[77.235473,35.484861],[77.235024,35.48487],[77.234573,35.484826],[77.234065,35.485045],[77.233768,35.4853],[77.233724,35.485283],[77.233265,35.485106],[77.232806,35.484928],[77.232347,35.484751],[77.23189,35.484667],[77.231687,35.484508],[77.231542,35.484395],[77.231418,35.484025],[77.231408,35.483654],[77.231398,35.483282],[77.23173,35.482998],[77.232063,35.482713],[77.232626,35.482517],[77.232943,35.482312],[77.233024,35.48202],[77.233049,35.481988],[77.23292,35.481226],[77.233287,35.481338],[77.233819,35.481415],[77.234454,35.481403],[77.234976,35.481133],[77.235393,35.480866],[77.235811,35.480685],[77.236343,35.480761],[77.236772,35.480927],[77.236993,35.481269],[77.237421,35.481435],[77.237746,35.481689],[77.238276,35.481679],[77.238803,35.481582],[77.239113,35.481317],[77.238892,35.480974],[77.23836,35.480897],[77.238035,35.480643],[77.23771,35.48039],[77.237282,35.480224],[77.236851,35.479972],[77.23663,35.47963],[77.236408,35.479287],[77.236187,35.478945],[77.236112,35.478801],[77.236229,35.478667],[77.236597,35.47843],[77.236997,35.478092],[77.237382,35.477844],[77.237522,35.477748],[77.237515,35.477473],[77.237504,35.477105],[77.237558,35.476737],[77.237677,35.476367],[77.237859,35.475996],[77.238305,35.475883],[77.238633,35.476139],[77.238963,35.476448],[77.239165,35.476812],[77.239368,35.477176],[77.239696,35.477432],[77.240087,35.477635],[77.240478,35.477838],[77.240616,35.478203],[77.24069,35.478569],[77.240649,35.478978],[77.240706,35.479023],[77.240946,35.479483],[77.241183,35.47985],[77.24142,35.480217],[77.241528,35.480536],[77.241148,35.480595],[77.240734,35.48074],[77.240492,35.481087],[77.24042,35.481499],[77.240592,35.481722],[77.240136,35.481729],[77.239692,35.481895],[77.239509,35.482266],[77.239521,35.482686],[77.239788,35.483049],[77.23999,35.483412],[77.240383,35.483668],[77.240775,35.483923],[77.241166,35.484126],[77.241619,35.484275],[77.24207,35.484319],[77.242588,35.484467],[77.243104,35.484562],[77.243556,35.484659],[77.243671,35.484685],[77.243593,35.484821],[77.243376,35.485197]],[[77.261971,35.482057],[77.262486,35.4821],[77.262877,35.482303],[77.26313,35.482467],[77.263269,35.482558],[77.263662,35.482813],[77.264104,35.482958],[77.26387,35.483159],[77.263562,35.483512],[77.263143,35.483693],[77.262724,35.483874],[77.262595,35.483957],[77.262099,35.483544],[77.262145,35.483475],[77.261811,35.483215],[77.261483,35.482959],[77.261344,35.482594],[77.261527,35.482223],[77.261971,35.482057]],[[77.265752,35.481829],[77.265299,35.48168],[77.264844,35.481478],[77.264389,35.481277],[77.264041,35.481096],[77.263998,35.481074],[77.263607,35.480871],[77.263215,35.480616],[77.263205,35.480249],[77.263649,35.480083],[77.264095,35.479969],[77.264547,35.480066],[77.264741,35.480292],[77.264813,35.480376],[77.265141,35.480632],[77.26559,35.480624],[77.266101,35.480509],[77.266154,35.480141],[77.26608,35.479775],[77.265941,35.47941],[77.265803,35.479045],[77.265792,35.478677],[77.265762,35.47853],[77.265718,35.478311],[77.265579,35.477946],[77.265503,35.477528],[77.265301,35.477164],[77.265226,35.476798],[77.265087,35.476433],[77.265013,35.476067],[77.264873,35.475649],[77.264798,35.475283],[77.265112,35.475015],[77.265562,35.475059],[77.266011,35.47505],[77.266014,35.475155],[77.266153,35.47552],[77.266356,35.475884],[77.266494,35.476249],[77.266697,35.476613],[77.266966,35.477028],[77.267104,35.477393],[77.26737,35.477703],[77.267573,35.478066],[77.267904,35.478428],[77.268297,35.478735],[77.268688,35.478938],[77.26914,35.479035],[77.269585,35.478869],[77.269833,35.478549],[77.26983,35.478444],[77.270063,35.478534],[77.270498,35.478614],[77.270935,35.478782],[77.271372,35.478951],[77.271704,35.47921],[77.272251,35.479465],[77.272688,35.479634],[77.272844,35.479681],[77.272799,35.47972],[77.272264,35.479907],[77.271949,35.480267],[77.271635,35.480626],[77.271321,35.480986],[77.271004,35.481257],[77.270798,35.481615],[77.270487,35.482063],[77.270172,35.482422],[77.269856,35.482693],[77.269428,35.482878],[77.268999,35.482975],[77.268574,35.483248],[77.268144,35.483345],[77.267715,35.483441],[77.267582,35.483465],[77.267781,35.483208],[77.267771,35.482841],[77.267443,35.482584],[77.267115,35.482328],[77.266724,35.482125],[77.26627,35.481976],[77.265752,35.481829]],[[77.297405,35.479648],[77.297466,35.479653],[77.297915,35.479645],[77.29843,35.479688],[77.298884,35.479836],[77.2994,35.479932],[77.299854,35.480081],[77.300299,35.480227],[77.300315,35.480252],[77.30064,35.480505],[77.300965,35.480759],[77.301293,35.4811],[77.30151,35.481435],[77.301241,35.481472],[77.300789,35.481375],[77.300336,35.481226],[77.29988,35.481025],[77.299427,35.480876],[77.299036,35.480674],[77.298645,35.480471],[77.29819,35.48027],[77.297862,35.480013],[77.297532,35.479705],[77.297405,35.479648]],[[77.303694,35.477434],[77.303726,35.47721],[77.304016,35.477481],[77.304344,35.477737],[77.304483,35.478102],[77.304558,35.478468],[77.304568,35.478835],[77.304511,35.479015],[77.304092,35.478966],[77.303563,35.478977],[77.303492,35.478978],[77.303598,35.478591],[77.303652,35.478223],[77.30364,35.477803],[77.303694,35.477434]],[[77.27017,35.474552],[77.269965,35.474136],[77.269636,35.473827],[77.269308,35.473571],[77.268917,35.473368],[77.268589,35.473112],[77.268336,35.472981],[77.268454,35.472777],[77.268706,35.472452],[77.268824,35.472022],[77.268883,35.47192],[77.269137,35.472051],[77.269529,35.472306],[77.269794,35.472616],[77.270122,35.472873],[77.270518,35.473233],[77.270846,35.473489],[77.271238,35.473744],[77.271566,35.474001],[77.271945,35.473784],[77.272127,35.473413],[77.272181,35.473044],[77.272298,35.472622],[77.272287,35.472254],[77.272213,35.471888],[77.272203,35.471521],[77.272128,35.471155],[77.271737,35.470952],[77.271282,35.470751],[77.270766,35.470655],[77.270251,35.470613],[77.269869,35.470581],[77.269737,35.47057],[77.269283,35.470421],[77.26908,35.470057],[77.269327,35.469685],[77.269708,35.469497],[77.269691,35.469322],[77.269961,35.46941],[77.270209,35.469091],[77.270198,35.468723],[77.270107,35.468559],[77.269996,35.46836],[77.270049,35.467991],[77.270492,35.467773],[77.270942,35.467764],[77.271189,35.467445],[77.271051,35.46708],[77.271498,35.467019],[77.271889,35.467221],[77.272281,35.467476],[77.27236,35.467484],[77.272732,35.46752],[77.273176,35.467355],[77.273188,35.467261],[77.273229,35.466934],[77.273218,35.466566],[77.273272,35.466198],[77.273651,35.46598],[77.274102,35.466024],[77.274369,35.466387],[77.274571,35.466751],[77.274638,35.46687],[77.274774,35.467114],[77.274785,35.467482],[77.274859,35.467848],[77.275124,35.468158],[77.275152,35.468163],[77.274871,35.468268],[77.274492,35.468485],[77.274114,35.468755],[77.273737,35.469024],[77.273358,35.469241],[77.273368,35.469609],[77.273698,35.469918],[77.274147,35.469909],[77.274412,35.470219],[77.27436,35.47064],[77.274306,35.471009],[77.273865,35.47128],[77.273417,35.471341],[77.273039,35.47161],[77.273114,35.471976],[77.273188,35.472342],[77.2732,35.472762],[77.273275,35.473128],[77.273287,35.473548],[77.273297,35.473916],[77.273243,35.474284],[77.273061,35.474655],[77.272943,35.475025],[77.272889,35.475393],[77.272964,35.47576],[77.273229,35.47607],[77.273361,35.476173],[77.27324,35.476175],[77.272805,35.476095],[77.27237,35.476014],[77.271936,35.475934],[77.271498,35.475765],[77.271061,35.475597],[77.27073,35.475338],[77.270396,35.47499],[77.270182,35.474994],[77.27018,35.474919],[77.27017,35.474552]],[[77.281509,35.473761],[77.281498,35.473393],[77.281486,35.472973],[77.281476,35.472606],[77.281466,35.472239],[77.281845,35.472022],[77.2822,35.471931],[77.282205,35.472115],[77.282217,35.472557],[77.28223,35.472999],[77.282242,35.473441],[77.282257,35.473971],[77.282159,35.474326],[77.282061,35.474682],[77.282074,35.475124],[77.281976,35.475479],[77.281784,35.475811],[77.281754,35.475646],[77.281616,35.475281],[77.281605,35.474914],[77.281529,35.474495],[77.281519,35.474128],[77.281509,35.473761]],[[77.275677,35.474081],[77.275226,35.474037],[77.275344,35.473667],[77.275462,35.473297],[77.275708,35.472925],[77.276022,35.472657],[77.276269,35.472337],[77.276648,35.47212],[77.277091,35.471901],[77.277156,35.4719],[77.276484,35.47312],[77.276238,35.473493],[77.27599,35.473812],[77.275677,35.474081]],[[77.259131,35.447946],[77.258618,35.447956],[77.258268,35.447683],[77.258256,35.447263],[77.258415,35.44684],[77.25875,35.446553],[77.259173,35.446405],[77.259595,35.446188],[77.259929,35.445901],[77.260434,35.445612],[77.260858,35.445464],[77.261278,35.445176],[77.261612,35.44489],[77.261946,35.444603],[77.262459,35.444594],[77.262934,35.444585],[77.263058,35.444582],[77.263571,35.444573],[77.263905,35.444287],[77.264239,35.444],[77.2644,35.443647],[77.264432,35.443466],[77.264554,35.443364],[77.265076,35.443354],[77.2655,35.443206],[77.266009,35.443057],[77.266431,35.442839],[77.266765,35.442553],[77.267099,35.442266],[77.267173,35.441845],[77.26699,35.441428],[77.266974,35.441361],[77.267196,35.441206],[77.267149,35.441005],[77.267138,35.440585],[77.267651,35.440576],[77.268022,35.440689],[77.268082,35.440708],[77.268597,35.440768],[77.26911,35.440758],[77.269532,35.44054],[77.270045,35.440531],[77.270466,35.440313],[77.27054,35.439891],[77.27053,35.439544],[77.270551,35.439536],[77.270999,35.439369],[77.271447,35.439203],[77.271751,35.439097],[77.271755,35.439234],[77.271766,35.439606],[77.271549,35.439981],[77.271446,35.440355],[77.271114,35.44064],[77.27067,35.44102],[77.270222,35.441214],[77.269955,35.441443],[77.269899,35.441444],[77.269388,35.441523],[77.268875,35.441533],[77.268451,35.441681],[77.26803,35.441899],[77.267698,35.442255],[77.267451,35.44261],[77.26729,35.442963],[77.267216,35.443384],[77.267205,35.443418],[77.267108,35.443502],[77.266775,35.443787],[77.266442,35.444072],[77.26611,35.444357],[77.265777,35.444642],[77.265329,35.444836],[77.264883,35.445123],[77.264726,35.445258],[77.264443,35.445187],[77.26393,35.445196],[77.263511,35.445484],[77.263087,35.445632],[77.262663,35.44578],[77.262244,35.446068],[77.261909,35.446354],[77.26149,35.446642],[77.261156,35.446928],[77.260821,35.447215],[77.2604,35.447433],[77.260134,35.44757],[77.259978,35.447651],[77.259554,35.447799],[77.259131,35.447946]],[[77.272534,35.404562],[77.272377,35.404204],[77.272147,35.403848],[77.27199,35.403491],[77.272433,35.403602],[77.272807,35.403836],[77.273181,35.404069],[77.273627,35.404301],[77.274071,35.404531],[77.274163,35.404697],[77.27385,35.404965],[77.273342,35.405132],[77.272944,35.40514],[77.272839,35.404977],[77.272534,35.404562]],[[77.230404,35.395387],[77.229911,35.395396],[77.229469,35.395344],[77.229027,35.395292],[77.228586,35.39524],[77.228144,35.395188],[77.227702,35.395136],[77.227188,35.395145],[77.226745,35.395033],[77.226232,35.395043],[77.22579,35.394991],[77.225346,35.394879],[77.225218,35.394847],[77.22361,35.394843],[77.222484,35.393962],[77.221939,35.392965],[77.221127,35.391707],[77.220869,35.391536],[77.220338,35.391546],[77.219824,35.391555],[77.219545,35.391599],[77.218805,35.392068],[77.217593,35.392726],[77.215523,35.392817],[77.214422,35.392838],[77.213504,35.39243],[77.212504,35.391388],[77.211956,35.391035],[77.211899,35.390919],[77.21178,35.390561],[77.21166,35.390203],[77.211485,35.389845],[77.21142,35.389486],[77.211299,35.389082],[77.211123,35.38868],[77.211058,35.388321],[77.210993,35.387961],[77.210928,35.387602],[77.210808,35.387244],[77.210743,35.386884],[77.210691,35.386776],[77.210956,35.386914],[77.211398,35.387043],[77.211752,35.387036],[77.212247,35.387027],[77.212702,35.387053],[77.213158,35.387112],[77.213655,35.38717],[77.214115,35.387224],[77.214152,35.387229],[77.214606,35.38722],[77.214812,35.387217],[77.215059,35.387212],[77.215514,35.387238],[77.215969,35.387263],[77.216506,35.387287],[77.217084,35.387276],[77.217579,35.387267],[77.218033,35.387259],[77.218487,35.387251],[77.218982,35.387242],[77.219436,35.387267],[77.219785,35.387261],[77.21989,35.387259],[77.220344,35.38725],[77.220798,35.387242],[77.221127,35.387236],[77.221252,35.387234],[77.221706,35.387225],[77.222201,35.387216],[77.222696,35.387207],[77.22315,35.387199],[77.223603,35.38719],[77.22414,35.38718],[77.224593,35.387138],[77.224883,35.387133],[77.225047,35.38713],[77.225499,35.387088],[77.225952,35.387046],[77.226447,35.387037],[77.226901,35.387028],[77.227354,35.386986],[77.227808,35.386978],[77.228262,35.386969],[77.228716,35.386961],[77.229251,35.386917],[77.229705,35.386909],[77.2302,35.3869],[77.23026,35.386894],[77.230465,35.38716],[77.230634,35.387546],[77.230724,35.387935],[77.230735,35.388324],[77.230745,35.388714],[77.230915,35.389101],[77.231005,35.389489],[77.231174,35.389876],[77.231177,35.389963],[77.230889,35.389693],[77.230572,35.38942],[77.22951,35.389084],[77.229509,35.389059],[77.229222,35.38876],[77.228786,35.388667],[77.228322,35.388675],[77.227859,35.388734],[77.227558,35.389044],[77.227661,35.389423],[77.227887,35.389748],[77.228143,35.390048],[77.22846,35.390321],[77.228837,35.390516],[77.229154,35.390789],[77.229503,35.391087],[77.229729,35.391438],[77.229956,35.391789],[77.230089,35.392141],[77.229661,35.392327],[77.229135,35.392362],[77.228673,35.392446],[77.228241,35.392525],[77.228069,35.392505],[77.227638,35.392373],[77.22704,35.392384],[77.226438,35.392255],[77.225923,35.392195],[77.225403,35.391924],[77.224972,35.391792],[77.224459,35.391802],[77.223946,35.391811],[77.223523,35.391959],[77.223534,35.392379],[77.223631,35.392797],[77.223981,35.393071],[77.22433,35.393344],[77.224682,35.393688],[77.225115,35.39389],[77.22563,35.39395],[77.226315,35.394008],[77.226917,35.394137],[77.22743,35.394127],[77.227943,35.394118],[77.228185,35.394146],[77.228447,35.394352],[77.228824,35.394548],[77.229232,35.394743],[77.229641,35.394989],[77.230048,35.395159],[77.230485,35.395278],[77.230892,35.395448],[77.231024,35.395483],[77.230946,35.39555],[77.230404,35.395387]],[[77.217831,35.405906],[77.216032,35.405816],[77.215602,35.405547],[77.215085,35.405416],[77.214654,35.405284],[77.214388,35.404939],[77.214207,35.404592],[77.213941,35.404247],[77.213675,35.403902],[77.213409,35.403556],[77.212976,35.403354],[77.212543,35.403152],[77.212112,35.40302],[77.211681,35.402888],[77.21125,35.402756],[77.211069,35.402409],[77.211491,35.402191],[77.211565,35.40177],[77.211384,35.401423],[77.211035,35.40115],[77.2106,35.400878],[77.21025,35.400604],[77.209901,35.40033],[77.20947,35.400198],[77.20912,35.399924],[77.208946,35.399816],[77.20894,35.399578],[77.208928,35.399158],[77.208917,35.398738],[77.209076,35.398315],[77.20941,35.398029],[77.209572,35.397676],[77.209906,35.39739],[77.21024,35.397104],[77.21066,35.396816],[77.211083,35.396668],[77.211254,35.396609],[77.211283,35.396565],[77.211452,35.396233],[77.211492,35.396155],[77.211702,35.395791],[77.211755,35.395711],[77.211771,35.395379],[77.212,35.394261],[77.213169,35.394399],[77.214352,35.395013],[77.215779,35.395093],[77.217859,35.395373],[77.218652,35.395942],[77.219002,35.39633],[77.219076,35.396377],[77.219296,35.396432],[77.219381,35.396796],[77.219478,35.397214],[77.219658,35.397561],[77.219841,35.397978],[77.220192,35.398321],[77.220458,35.398666],[77.220807,35.39894],[77.220988,35.399287],[77.221169,35.399633],[77.22118,35.400053],[77.221192,35.400473],[77.221203,35.400893],[77.221215,35.401313],[77.221226,35.401733],[77.221739,35.401723],[77.222252,35.401714],[77.222764,35.401704],[77.223279,35.401765],[77.223876,35.401684],[77.224474,35.401673],[77.224808,35.401387],[77.224969,35.401034],[77.225129,35.400611],[77.225375,35.400256],[77.225479,35.400167],[77.225718,35.400401],[77.226092,35.400634],[77.226465,35.400868],[77.226839,35.401101],[77.227018,35.401214],[77.227209,35.40123],[77.227599,35.401403],[77.227989,35.401576],[77.228484,35.401567],[77.22898,35.401558],[77.229475,35.401548],[77.22997,35.401539],[77.230352,35.401453],[77.230394,35.401757],[77.230559,35.401907],[77.230109,35.402417],[77.22966,35.402674],[77.229208,35.402807],[77.228759,35.403064],[77.228307,35.403197],[77.227851,35.403205],[77.227246,35.403341],[77.226794,35.403474],[77.226342,35.403607],[77.225893,35.403864],[77.225599,35.404243],[77.225107,35.404135],[77.224622,35.403947],[77.224142,35.403956],[77.223661,35.403899],[77.223659,35.403834],[77.223509,35.403902],[77.223498,35.403511],[77.223485,35.403021],[77.223481,35.402881],[77.222624,35.402827],[77.222112,35.402837],[77.221511,35.402778],[77.220999,35.402787],[77.220482,35.402657],[77.219967,35.402596],[77.219371,35.402677],[77.21886,35.402756],[77.218786,35.403178],[77.218797,35.40358],[77.218533,35.403322],[77.218267,35.402977],[77.218087,35.402631],[77.218075,35.402211],[77.217895,35.401864],[77.217883,35.401444],[77.217872,35.401024],[77.217946,35.400603],[77.217934,35.400183],[77.217921,35.399693],[77.217824,35.399275],[77.217389,35.399003],[77.216958,35.398871],[77.216443,35.39881],[77.21593,35.39882],[77.215942,35.399239],[77.215608,35.399526],[77.215095,35.399535],[77.214584,35.399614],[77.214073,35.399694],[77.213477,35.399775],[77.213055,35.399992],[77.212808,35.400347],[77.212989,35.400694],[77.213255,35.401039],[77.213688,35.401241],[77.214208,35.401512],[77.214389,35.401858],[77.214569,35.402205],[77.214581,35.402625],[77.21493,35.402898],[77.215282,35.403242],[77.215293,35.403662],[77.215559,35.404007],[77.215909,35.404281],[77.216344,35.404553],[77.216775,35.404685],[77.217206,35.404817],[77.217472,35.405162],[77.217738,35.405507],[77.217831,35.405906]],[[77.246748,35.441132],[77.246549,35.44166],[77.246454,35.442098],[77.246466,35.442535],[77.246585,35.442969],[77.246808,35.443314],[77.247349,35.443566],[77.247887,35.44373],[77.247988,35.44377],[77.248049,35.443951],[77.248173,35.444321],[77.24841,35.444688],[77.248534,35.445057],[77.248544,35.445429],[77.248441,35.445802],[77.248225,35.446178],[77.248122,35.446551],[77.247792,35.446929],[77.247575,35.447305],[77.247585,35.447676],[77.247485,35.448142],[77.247498,35.448606],[77.247503,35.448806],[77.247362,35.448779],[77.246972,35.448577],[77.246515,35.448323],[77.246247,35.447908],[77.245982,35.447597],[77.245652,35.447289],[77.245387,35.446978],[77.245059,35.446722],[77.244609,35.446678],[77.244161,35.446739],[77.243718,35.446957],[77.243406,35.447278],[77.243158,35.447597],[77.242714,35.447763],[77.242401,35.448032],[77.242457,35.448312],[77.242308,35.448315],[77.241941,35.448322],[77.242284,35.448454],[77.242737,35.448603],[77.243128,35.448806],[77.243583,35.449007],[77.243785,35.449371],[77.243795,35.449738],[77.243416,35.449956],[77.242906,35.45007],[77.242457,35.450078],[77.242008,35.450087],[77.24168,35.44983],[77.24129,35.449627],[77.240899,35.449425],[77.240444,35.449223],[77.240054,35.44902],[77.239851,35.448657],[77.239777,35.44829],[77.239776,35.448251],[77.239767,35.447923],[77.239614,35.447426],[77.239636,35.447323],[77.239919,35.446917],[77.240005,35.446515],[77.24019,35.446111],[77.240277,35.445708],[77.240536,35.445411],[77.240562,35.445383],[77.240648,35.44498],[77.240833,35.444576],[77.240938,35.444347],[77.241018,35.444172],[77.241104,35.44377],[77.241289,35.443366],[77.241376,35.442964],[77.241462,35.442561],[77.241549,35.442159],[77.241636,35.441757],[77.241633,35.441665],[77.241772,35.441585],[77.24202,35.441265],[77.242268,35.440946],[77.24245,35.440575],[77.242185,35.440265],[77.241857,35.440008],[77.241683,35.439931],[77.241402,35.439807],[77.241074,35.43955],[77.240935,35.439133],[77.240924,35.438765],[77.241042,35.438396],[77.241356,35.438127],[77.241629,35.437971],[77.241735,35.43791],[77.242047,35.437589],[77.242294,35.43727],[77.242606,35.436949],[77.242854,35.436629],[77.242916,35.43655],[77.243043,35.436609],[77.24345,35.436863],[77.243857,35.437118],[77.244106,35.43744],[77.244433,35.437696],[77.244838,35.437885],[77.245244,35.438074],[77.245723,35.438065],[77.246203,35.438056],[77.246681,35.437982],[77.24675,35.437588],[77.246423,35.437332],[77.24594,35.43721],[77.245454,35.437022],[77.245049,35.436833],[77.244644,35.436645],[77.24416,35.436523],[77.24407,35.436131],[77.244544,35.435926],[77.245104,35.435916],[77.245173,35.435522],[77.244846,35.435266],[77.244597,35.434943],[77.244827,35.434611],[77.245222,35.434407],[77.245534,35.43414],[77.246009,35.433934],[77.246403,35.433731],[77.246392,35.433338],[77.246143,35.433015],[77.245992,35.432819],[77.246015,35.432632],[77.246132,35.43221],[77.24625,35.43184],[77.246497,35.431521],[77.246598,35.431158],[77.246943,35.431407],[77.246955,35.431827],[77.247158,35.432191],[77.247322,35.432277],[77.247548,35.432394],[77.247876,35.43265],[77.248388,35.432588],[77.248766,35.432371],[77.248756,35.432004],[77.248753,35.431898],[77.248745,35.431584],[77.249122,35.431314],[77.249568,35.431201],[77.250015,35.43114],[77.250349,35.431016],[77.2504,35.430983],[77.250532,35.430694],[77.25066,35.430413],[77.250644,35.430332],[77.250487,35.429974],[77.25033,35.429616],[77.250173,35.429259],[77.250017,35.428901],[77.249715,35.428606],[77.249413,35.428311],[77.249187,35.427962],[77.248387,35.42764],[77.247229,35.42721],[77.247033,35.427214],[77.246591,35.427162],[77.246149,35.42711],[77.245707,35.427058],[77.245263,35.426947],[77.244821,35.426895],[77.244379,35.426843],[77.244006,35.426609],[77.243704,35.426314],[77.243547,35.425957],[77.243464,35.425598],[77.243381,35.425239],[77.243297,35.42488],[77.243784,35.424756],[77.243807,35.42475],[77.244109,35.425045],[77.244411,35.42534],[77.244785,35.425573],[77.245158,35.425807],[77.245532,35.42604],[77.245821,35.426221],[77.246091,35.42612],[77.246601,35.426006],[77.247178,35.425995],[77.247568,35.426198],[77.248017,35.426189],[77.248466,35.426181],[77.248915,35.426172],[77.249365,35.426217],[77.249537,35.426525],[77.249568,35.42658],[77.249896,35.426837],[77.250286,35.42704],[77.250678,35.427295],[77.251131,35.427444],[77.251522,35.427647],[77.251968,35.427533],[77.251958,35.427166],[77.251947,35.426799],[77.251809,35.426434],[77.251606,35.42607],[77.25153,35.425651],[77.2515,35.425615],[77.251265,35.425341],[77.251191,35.424975],[77.251504,35.424707],[77.251956,35.424803],[77.25215,35.425151],[77.252424,35.425477],[77.252875,35.425574],[77.253323,35.425513],[77.253377,35.425144],[77.253366,35.424777],[77.253292,35.424411],[77.253282,35.424043],[77.253272,35.423676],[77.253519,35.423356],[77.253831,35.423035],[77.253885,35.422667],[77.253746,35.422302],[77.253544,35.421938],[77.253216,35.421682],[77.252888,35.421425],[77.252498,35.421223],[77.252106,35.420967],[77.251654,35.420871],[77.251137,35.420723],[77.250745,35.420468],[77.250294,35.420423],[77.249846,35.420432],[77.249337,35.420599],[77.24889,35.42066],[77.248782,35.4207],[77.246368,35.420253],[77.246487,35.419141],[77.246589,35.419139],[77.24693,35.419407],[77.247381,35.419581],[77.247594,35.419212],[77.24804,35.419204],[77.248485,35.419195],[77.24904,35.419094],[77.249483,35.418994],[77.249924,35.418803],[77.249914,35.418439],[77.249572,35.418171],[77.249227,35.417813],[77.248992,35.417361],[77.248759,35.417],[77.248637,35.416637],[77.248527,35.416466],[77.248758,35.416107],[77.249755,35.416757],[77.249757,35.416799],[77.249655,35.417166],[77.249777,35.417529],[77.250121,35.417887],[77.250354,35.418248],[77.250587,35.418609],[77.25082,35.418969],[77.251103,35.419078],[77.251106,35.419184],[77.251456,35.419549],[77.251915,35.419727],[77.252371,35.419811],[77.252825,35.419803],[77.253281,35.419887],[77.253738,35.419971],[77.254305,35.419961],[77.254761,35.420045],[77.255217,35.42013],[77.255295,35.420159],[77.255069,35.420276],[77.254595,35.420482],[77.25412,35.420687],[77.254211,35.421078],[77.254538,35.421334],[77.254944,35.421523],[77.255114,35.421913],[77.255442,35.422168],[77.255921,35.422159],[77.256485,35.42228],[77.256812,35.422536],[77.256823,35.422928],[77.256754,35.423323],[77.256523,35.423654],[77.256212,35.423987],[77.256063,35.424383],[77.255916,35.424844],[77.255927,35.425237],[77.25602,35.425694],[77.256122,35.425926],[77.255723,35.426065],[77.255391,35.42635],[77.254945,35.426637],[77.254764,35.426792],[77.254515,35.426856],[77.25407,35.427021],[77.253501,35.427295],[77.253058,35.427513],[77.252551,35.427732],[77.252237,35.428001],[77.25199,35.42832],[77.251742,35.42864],[77.251494,35.42896],[77.251376,35.42933],[77.251258,35.429699],[77.25127,35.430119],[77.251346,35.430538],[77.251387,35.430739],[77.25132,35.430978],[77.251331,35.431349],[77.251681,35.431554],[77.251576,35.43166],[77.251638,35.431755],[77.251795,35.432113],[77.251848,35.432146],[77.252105,35.432307],[77.251911,35.432417],[77.251598,35.432686],[77.251285,35.432954],[77.250842,35.433173],[77.25066,35.433543],[77.250412,35.433863],[77.250099,35.434131],[77.249787,35.434452],[77.249409,35.434722],[77.248963,35.434835],[77.248519,35.435001],[77.248529,35.435368],[77.24892,35.435571],[77.24937,35.435615],[77.249819,35.435607],[77.250268,35.435599],[77.250779,35.435536],[77.251289,35.435422],[77.251668,35.435205],[77.251786,35.434835],[77.252032,35.434463],[77.252277,35.434038],[77.252523,35.433666],[77.252835,35.433345],[77.253298,35.433167],[77.253488,35.433163],[77.253536,35.433178],[77.253544,35.433437],[77.253618,35.433803],[77.253628,35.434171],[77.253958,35.43448],[77.254408,35.434524],[77.254849,35.434253],[77.25524,35.434456],[77.255058,35.434827],[77.254679,35.435044],[77.254235,35.435209],[77.253856,35.435427],[77.253866,35.435794],[77.253867,35.435848],[77.253748,35.435851],[77.253111,35.43595],[77.252365,35.435964],[77.251831,35.435974],[77.251298,35.435984],[77.250765,35.435994],[77.250128,35.436093],[77.2496,35.436277],[77.249069,35.436374],[77.248541,35.436559],[77.248228,35.436827],[77.248134,35.437265],[77.248039,35.437703],[77.247836,35.438056],[77.247848,35.438493],[77.247753,35.438931],[77.247552,35.439371],[77.247351,35.439811],[77.24715,35.440252],[77.246949,35.440692],[77.246748,35.441132]],[[77.211075,35.40577],[77.210561,35.405709],[77.210211,35.405435],[77.210031,35.405089],[77.209765,35.404743],[77.209415,35.40447],[77.209235,35.404123],[77.209054,35.403776],[77.209043,35.403356],[77.209031,35.402937],[77.209112,35.40276],[77.209204,35.403003],[77.20947,35.403349],[77.209736,35.403694],[77.210086,35.403967],[77.210266,35.404314],[77.210532,35.404659],[77.210798,35.405005],[77.211149,35.405348],[77.21139,35.40566],[77.211075,35.40577]],[[77.235761,35.392403],[77.235922,35.392566],[77.23627,35.392838],[77.236557,35.393137],[77.236904,35.393384],[77.236977,35.3934],[77.236653,35.393747],[77.23661,35.393784],[77.236347,35.39373],[77.235915,35.39366],[77.235539,35.393641],[77.235453,35.393414],[77.235781,35.393133],[77.23577,35.392713],[77.235761,35.392403]],[[77.241155,35.392683],[77.240557,35.392694],[77.239868,35.392497],[77.239355,35.392507],[77.238757,35.392518],[77.238075,35.3926],[77.237654,35.392818],[77.237579,35.392882],[77.237598,35.392738],[77.237588,35.392357],[77.237515,35.391953],[77.23735,35.391601],[77.237124,35.391276],[77.235925,35.390461],[77.235894,35.390437],[77.235517,35.390241],[77.23514,35.390045],[77.234733,35.389875],[77.234356,35.389679],[77.233949,35.389509],[77.233615,35.389769],[77.233902,35.390068],[77.234134,35.390339],[77.233737,35.3903],[77.233609,35.39032],[77.233323,35.390096],[77.233154,35.38971],[77.232984,35.389323],[77.23266,35.389069],[77.232334,35.38875],[77.232087,35.388429],[77.231917,35.388043],[77.231748,35.387656],[77.231737,35.387266],[77.231885,35.386873],[77.231892,35.386835],[77.232003,35.386833],[77.232509,35.386823],[77.233005,35.386814],[77.233458,35.386806],[77.233912,35.386797],[77.234366,35.386789],[77.234821,35.386814],[77.23522,35.386837],[77.235276,35.38684],[77.235774,35.386966],[77.23623,35.387025],[77.236687,35.387118],[77.237104,35.387279],[77.23752,35.387407],[77.237827,35.387469],[77.237977,35.387499],[77.238475,35.387592],[77.238695,35.387636],[77.238931,35.387685],[77.239387,35.387744],[77.239843,35.387803],[77.240298,35.387828],[77.240753,35.387887],[77.241208,35.387913],[77.241662,35.387904],[77.242199,35.387928],[77.242654,35.387954],[77.242684,35.387953],[77.243108,35.387945],[77.243562,35.387937],[77.243619,35.387931],[77.244014,35.387894],[77.244117,35.387841],[77.244193,35.387641],[77.244671,35.387393],[77.245191,35.386866],[77.245266,35.386895],[77.245263,35.38676],[77.245251,35.386339],[77.245314,35.385977],[77.245306,35.385694],[77.245044,35.385304],[77.245001,35.385262],[77.244628,35.385029],[77.244181,35.384797],[77.243736,35.384625],[77.243362,35.384391],[77.242921,35.384339],[77.242638,35.384268],[77.242784,35.384205],[77.243211,35.384079],[77.243732,35.383874],[77.244109,35.383671],[77.244533,35.383428],[77.244958,35.383224],[77.245285,35.382943],[77.245515,35.382586],[77.245841,35.382267],[77.246168,35.381986],[77.246398,35.381669],[77.246676,35.381311],[77.246955,35.381031],[77.247388,35.381102],[77.247636,35.38145],[77.247839,35.381838],[77.247945,35.382228],[77.248051,35.382578],[77.248156,35.382929],[77.248358,35.383317],[77.248622,35.383592],[77.248442,35.383823],[77.248453,35.384229],[77.248506,35.384633],[77.248516,35.385005],[77.248526,35.385377],[77.248537,35.385748],[77.248423,35.386122],[77.248351,35.386495],[77.248238,35.386869],[77.248083,35.387244],[77.247969,35.387618],[77.247814,35.387959],[77.247576,35.388301],[77.247379,35.388643],[77.247182,35.388985],[77.246943,35.389294],[77.246621,35.389604],[77.246255,35.389813],[77.24589,35.390023],[77.245484,35.390267],[77.245119,35.390511],[77.244881,35.390853],[77.244831,35.390986],[77.244503,35.390992],[77.244071,35.390922],[77.243589,35.390813],[77.243201,35.390624],[77.242765,35.390436],[77.242377,35.390248],[77.241989,35.390059],[77.241554,35.38991],[77.241119,35.389762],[77.240684,35.389613],[77.240296,35.389424],[77.239955,35.389195],[77.239475,35.389165],[77.239048,35.389291],[77.23872,35.389532],[77.238779,35.389923],[77.238932,35.390272],[77.239133,35.390621],[77.23943,35.390969],[77.239772,35.391237],[77.240161,35.391465],[77.240597,35.391652],[77.241173,35.39172],[77.241654,35.39179],[77.242042,35.391978],[77.242384,35.392246],[77.242632,35.392555],[77.242772,35.392649],[77.241871,35.392823],[77.241757,35.392812],[77.241155,35.392683]],[[77.020106,35.309022],[77.020353,35.309331],[77.020646,35.309601],[77.021033,35.30979],[77.021421,35.30998],[77.02181,35.310248],[77.022103,35.310517],[77.022397,35.310787],[77.022691,35.311056],[77.023078,35.311245],[77.023371,35.311515],[77.02368,35.311535],[77.023975,35.311859],[77.024308,35.312276],[77.024061,35.312195],[77.023603,35.312043],[77.023078,35.311839],[77.022554,35.311634],[77.022029,35.31143],[77.021635,35.311224],[77.02124,35.311018],[77.020844,35.310758],[77.020449,35.310552],[77.020053,35.310293],[77.019657,35.310033],[77.019263,35.309827],[77.018932,35.309566],[77.018794,35.309458],[77.018819,35.3092],[77.018954,35.308845],[77.019378,35.308603],[77.019766,35.308793],[77.020106,35.309022]],[[77.032364,35.310288],[77.032454,35.310298],[77.032978,35.310448],[77.033433,35.310494],[77.03389,35.310593],[77.034347,35.310691],[77.034742,35.310898],[77.035112,35.311021],[77.035185,35.311133],[77.035412,35.311488],[77.035711,35.311782],[77.036012,35.312135],[77.036239,35.31249],[77.036394,35.312846],[77.036405,35.313264],[77.036121,35.313568],[77.036051,35.313657],[77.036,35.313654],[77.035472,35.313546],[77.034993,35.313515],[77.034561,35.313443],[77.034128,35.313372],[77.033602,35.313342],[77.033074,35.313273],[77.032595,35.313241],[77.032116,35.31321],[77.031636,35.31314],[77.031517,35.313134],[77.03151,35.312869],[77.031355,35.312513],[77.031126,35.312098],[77.030899,35.311743],[77.030671,35.311389],[77.030299,35.311096],[77.029927,35.310804],[77.029787,35.310715],[77.029949,35.310699],[77.030426,35.310652],[77.030951,35.310604],[77.031476,35.310556],[77.031904,35.31047],[77.03233,35.310306],[77.032364,35.310288]],[[77.237247,35.382745],[77.237101,35.383202],[77.23705,35.383276],[77.236993,35.383259],[77.236536,35.383166],[77.236359,35.383111],[77.23612,35.383038],[77.235665,35.382923],[77.235659,35.382709],[77.235648,35.382319],[77.235558,35.381931],[77.235547,35.381541],[77.235537,35.381152],[77.235605,35.380761],[77.235834,35.380431],[77.236223,35.380164],[77.236703,35.380285],[77.237105,35.380473],[77.237581,35.380464],[77.237858,35.380426],[77.237819,35.38046],[77.23759,35.380789],[77.237601,35.381179],[77.237611,35.381568],[77.237543,35.381959],[77.237395,35.382352],[77.237247,35.382745]],[[77.231502,35.381616],[77.2311,35.381429],[77.230621,35.381308],[77.23014,35.381122],[77.229738,35.380934],[77.229413,35.38068],[77.229154,35.380477],[77.229361,35.380315],[77.229695,35.380055],[77.230123,35.379895],[77.230252,35.379531],[77.230642,35.379492],[77.231121,35.379483],[77.231547,35.379318],[77.231777,35.379],[77.231832,35.37896],[77.232302,35.378952],[77.232729,35.378787],[77.233157,35.378701],[77.233584,35.378575],[77.233843,35.378436],[77.23401,35.378433],[77.233961,35.378711],[77.233814,35.379104],[77.233666,35.379497],[77.233437,35.379826],[77.233127,35.380091],[77.232898,35.380421],[77.232591,35.380816],[77.232283,35.381147],[77.231893,35.381414],[77.231502,35.381616]],[[77.167705,35.332047],[77.166582,35.331997],[77.16556,35.33251],[77.164076,35.3319],[77.162762,35.331146],[77.160665,35.330193],[77.158307,35.329104],[77.155603,35.328021],[77.154712,35.326976],[77.15372,35.325367],[77.154137,35.324263],[77.154105,35.324156],[77.154094,35.323757],[77.154062,35.323558],[77.152402,35.321218],[77.150441,35.319839],[77.150189,35.319716],[77.149745,35.319524],[77.14935,35.319331],[77.148955,35.319099],[77.148511,35.318907],[77.148199,35.318755],[77.148117,35.318715],[77.148008,35.318677],[77.147829,35.318616],[77.14757,35.318674],[77.147189,35.318612],[77.146702,35.31862],[77.146215,35.318629],[77.14598,35.318952],[77.145941,35.319312],[77.146097,35.319669],[77.146252,35.320025],[77.146408,35.320382],[77.146452,35.320652],[77.145736,35.320361],[77.143898,35.319403],[77.141885,35.318308],[77.141763,35.318241],[77.141863,35.318206],[77.142146,35.317883],[77.1423,35.317707],[77.142987,35.317695],[77.144631,35.317467],[77.144708,35.31671],[77.14527,35.315944],[77.146689,35.316396],[77.147421,35.316542],[77.148287,35.316248],[77.14847,35.315847],[77.147234,35.314954],[77.146952,35.3149],[77.146741,35.314918],[77.146264,35.314965],[77.145741,35.315053],[77.145263,35.315061],[77.144784,35.315031],[77.14449,35.314762],[77.144576,35.314407],[77.144626,35.314259],[77.144594,35.314246],[77.144299,35.313962],[77.143946,35.314066],[77.143517,35.314152],[77.143093,35.314355],[77.142618,35.314481],[77.142191,35.314606],[77.141765,35.314771],[77.141396,35.314807],[77.141265,35.314981],[77.1411,35.316098],[77.141232,35.31696],[77.140964,35.317266],[77.140681,35.31759],[77.140682,35.317646],[77.139077,35.316519],[77.137412,35.315558],[77.133836,35.314066],[77.133724,35.313078],[77.135435,35.312552],[77.135571,35.311136],[77.134691,35.310515],[77.134311,35.309178],[77.134151,35.308408],[77.134292,35.308425],[77.134685,35.308733],[77.135151,35.308914],[77.13554,35.309097],[77.136007,35.309278],[77.136827,35.309536],[77.1368,35.309646],[77.137094,35.309915],[77.137436,35.310183],[77.137777,35.310413],[77.13821,35.310522],[77.138689,35.310553],[77.139121,35.310624],[77.1396,35.310655],[77.139825,35.310752],[77.139343,35.311082],[77.139062,35.311485],[77.138878,35.311887],[77.138889,35.312285],[77.138996,35.312681],[77.139104,35.313077],[77.139499,35.313309],[77.139894,35.313541],[77.140382,35.313612],[77.140867,35.313604],[77.141343,35.313517],[77.141666,35.313546],[77.141843,35.313478],[77.142227,35.313271],[77.142661,35.313104],[77.143045,35.312898],[77.143379,35.312652],[77.143814,35.312525],[77.14425,35.312437],[77.144736,35.312389],[77.145222,35.31238],[77.145661,35.312412],[77.145953,35.312407],[77.146392,35.312439],[77.146833,35.312511],[77.147272,35.312543],[77.147807,35.312534],[77.148247,35.312606],[77.148686,35.312638],[77.148865,35.312683],[77.149155,35.312613],[77.150885,35.313328],[77.152494,35.313598],[77.152802,35.31362],[77.152965,35.313396],[77.153098,35.313002],[77.153524,35.312837],[77.153957,35.312947],[77.154344,35.313136],[77.154546,35.313525],[77.154662,35.313791],[77.154699,35.313875],[77.154993,35.314144],[77.155426,35.314253],[77.155814,35.314443],[77.156247,35.314552],[77.15668,35.314662],[77.156889,35.314658],[77.157517,35.31497],[77.159146,35.316015],[77.159983,35.317373],[77.161502,35.319762],[77.163203,35.322118],[77.164735,35.323582],[77.165748,35.324728],[77.167824,35.326123],[77.168275,35.326427],[77.168439,35.326574],[77.16874,35.326888],[77.168841,35.327015],[77.168704,35.327833],[77.169654,35.32889],[77.169845,35.329171],[77.169932,35.329239],[77.170275,35.329547],[77.170619,35.329893],[77.17082,35.330242],[77.170925,35.330593],[77.171077,35.330943],[77.171182,35.331294],[77.171193,35.331686],[77.171156,35.332078],[77.171022,35.332433],[77.170746,35.332709],[77.170747,35.332759],[77.170512,35.333083],[77.170026,35.333091],[77.16949,35.333101],[77.169163,35.33308],[77.169002,35.33307],[77.168563,35.333038],[77.168259,35.332933],[77.168121,35.332886],[77.168115,35.332685],[77.167705,35.332047]],[[77.23879,35.382552],[77.238932,35.382625],[77.239379,35.382565],[77.239828,35.382556],[77.240281,35.382705],[77.240651,35.382898],[77.240548,35.382953],[77.240123,35.383157],[77.239699,35.3834],[77.239662,35.383793],[77.239719,35.383892],[77.239635,35.383887],[77.239608,35.383873],[77.239552,35.383874],[77.239159,35.383881],[77.238708,35.383785],[77.238301,35.383651],[77.238451,35.383242],[77.238678,35.382848],[77.23879,35.382552]],[[77.045004,35.293745],[77.045343,35.293563],[77.04544,35.293553],[77.045451,35.29396],[77.045508,35.294319],[77.045663,35.294675],[77.045818,35.295032],[77.046118,35.295346],[77.046514,35.295579],[77.046666,35.295668],[77.046473,35.296162],[77.046485,35.29664],[77.046784,35.296954],[77.046988,35.297349],[77.047193,35.297744],[77.0473,35.29814],[77.047213,35.29854],[77.046725,35.298469],[77.046241,35.298557],[77.045859,35.298802],[77.045772,35.299202],[77.045684,35.299602],[77.045694,35.3],[77.045704,35.300398],[77.045812,35.300795],[77.046299,35.300866],[77.046682,35.300621],[77.046866,35.300219],[77.047148,35.299816],[77.047637,35.299967],[77.048032,35.3002],[77.048427,35.300432],[77.048821,35.300664],[77.049404,35.300654],[77.049688,35.300331],[77.049775,35.299931],[77.050058,35.299607],[77.050243,35.299206],[77.050526,35.298882],[77.05071,35.298481],[77.050797,35.298081],[77.050982,35.297679],[77.051024,35.297586],[77.051286,35.297534],[77.051773,35.297565],[77.052168,35.297758],[77.052467,35.298033],[77.052766,35.298307],[77.053017,35.298622],[77.053457,35.298694],[77.053894,35.298647],[77.054328,35.29848],[77.054662,35.298195],[77.054865,35.297992],[77.054947,35.297911],[77.055035,35.29755],[77.055075,35.29719],[77.055064,35.296791],[77.055053,35.296352],[77.055043,35.295953],[77.054985,35.295595],[77.054947,35.295355],[77.054928,35.295237],[77.054724,35.294881],[77.054473,35.294566],[77.054343,35.294268],[77.054728,35.294508],[77.055098,35.294741],[77.05554,35.294912],[77.05591,35.295145],[77.05628,35.295378],[77.056579,35.295671],[77.057022,35.295903],[77.057465,35.296134],[77.057908,35.296366],[77.058104,35.296671],[77.058018,35.296896],[77.057969,35.297285],[77.05792,35.297673],[77.057931,35.298109],[77.057941,35.298497],[77.057892,35.298885],[77.057842,35.299273],[77.057852,35.299661],[77.057862,35.300048],[77.057872,35.300436],[77.058059,35.30082],[77.058305,35.301203],[77.05855,35.301538],[77.058967,35.301677],[77.059441,35.301717],[77.059913,35.301709],[77.059967,35.301708],[77.060163,35.302013],[77.060512,35.302326],[77.060607,35.30239],[77.060631,35.302397],[77.06064,35.302753],[77.060341,35.303073],[77.060119,35.303455],[77.059975,35.303836],[77.059831,35.304217],[77.059687,35.304598],[77.059309,35.304856],[77.058929,35.305052],[77.058551,35.305311],[77.058171,35.305506],[77.057792,35.305702],[77.057332,35.305773],[77.056872,35.305844],[77.056411,35.305851],[77.056301,35.305969],[77.056239,35.305983],[77.055721,35.305992],[77.0552,35.305895],[77.054806,35.305689],[77.054412,35.305483],[77.054018,35.305277],[77.053497,35.30518],[77.053103,35.304974],[77.052833,35.304554],[77.052566,35.304239],[77.052426,35.303817],[77.052159,35.303503],[77.051892,35.303188],[77.051625,35.302874],[77.051357,35.30256],[77.050963,35.302354],[77.050569,35.302149],[77.050051,35.302157],[77.049536,35.302272],[77.049417,35.302699],[77.049166,35.303022],[77.049433,35.303336],[77.049827,35.303542],[77.049444,35.303761],[77.048926,35.30377],[77.048405,35.303673],[77.048011,35.303467],[77.047614,35.303155],[77.04722,35.302949],[77.046953,35.302635],[77.046559,35.302429],[77.046165,35.302223],[77.045771,35.302017],[77.045377,35.301812],[77.044981,35.3015],[77.04446,35.301402],[77.043944,35.301517],[77.043693,35.30184],[77.043442,35.302163],[77.043453,35.302588],[77.043463,35.303013],[77.04308,35.303231],[77.042432,35.303242],[77.04192,35.303464],[77.041536,35.303683],[77.041395,35.303764],[77.041348,35.30372],[77.041045,35.303434],[77.0408,35.303099],[77.040673,35.302714],[77.040662,35.302278],[77.04083,35.301936],[77.040997,35.301497],[77.041046,35.301108],[77.041215,35.300766],[77.041383,35.300425],[77.04173,35.300128],[77.042019,35.299832],[77.042427,35.299632],[77.042835,35.299383],[77.043243,35.299182],[77.043651,35.298933],[77.043998,35.298636],[77.044405,35.298387],[77.044752,35.298091],[77.045039,35.297747],[77.045205,35.297308],[77.045314,35.296918],[77.045363,35.29653],[77.045353,35.296142],[77.045344,35.295755],[77.045216,35.29537],[77.045146,35.294935],[77.045018,35.294549],[77.04489,35.294164],[77.044761,35.29373],[77.044729,35.293551],[77.045004,35.293745]],[[77.123606,35.378419],[77.123285,35.378694],[77.122844,35.378701],[77.12281,35.378702],[77.122586,35.37866],[77.122369,35.37862],[77.122339,35.378611],[77.122223,35.378632],[77.121736,35.378641],[77.1212,35.37865],[77.120713,35.378659],[77.120177,35.378668],[77.119892,35.378953],[77.119557,35.379198],[77.119074,35.379366],[77.118691,35.379612],[77.118306,35.379819],[77.118071,35.380142],[77.118083,35.380581],[77.118093,35.38098],[77.118249,35.381336],[77.118355,35.381694],[77.118448,35.382004],[77.118917,35.382681],[77.118927,35.383041],[77.118887,35.383401],[77.118875,35.383536],[77.118517,35.383936],[77.117384,35.385183],[77.117228,35.385186],[77.116793,35.385313],[77.116307,35.385362],[77.11587,35.385409],[77.115334,35.385419],[77.114896,35.385466],[77.114409,35.385475],[77.113922,35.385483],[77.113435,35.385492],[77.112995,35.38546],[77.112506,35.385389],[77.112064,35.385276],[77.111821,35.385241],[77.111575,35.385205],[77.111085,35.385094],[77.110596,35.385023],[77.110156,35.384991],[77.109716,35.384918],[77.109276,35.384886],[77.108835,35.384774],[77.108345,35.384703],[77.107758,35.384593],[77.107316,35.384481],[77.10699,35.384399],[77.106919,35.38446],[77.104355,35.384505],[77.103159,35.383738],[77.101966,35.383058],[77.100888,35.382727],[77.098629,35.382153],[77.09797,35.381465],[77.098786,35.379962],[77.099811,35.378281],[77.100741,35.37704],[77.101352,35.375891],[77.102586,35.374031],[77.104152,35.372604],[77.104919,35.372176],[77.105379,35.371823],[77.105664,35.371538],[77.105849,35.371176],[77.105986,35.370814],[77.106123,35.370453],[77.106156,35.370414],[77.106242,35.370415],[77.106724,35.370538],[77.107286,35.370593],[77.107767,35.370651],[77.108244,35.370577],[77.108637,35.370308],[77.108707,35.369914],[77.108457,35.369525],[77.108777,35.36952],[77.109259,35.369642],[77.109664,35.369832],[77.109912,35.370217],[77.10986,35.370218],[77.109425,35.37036],[77.109047,35.370569],[77.108697,35.370844],[77.108432,35.371163],[77.108138,35.371483],[77.1079,35.371801],[77.10769,35.372164],[77.107508,35.372526],[77.107407,35.372887],[77.10728,35.373271],[77.107263,35.373653],[77.107273,35.374035],[77.107392,35.374392],[77.107402,35.374773],[77.107412,35.374835],[77.107075,35.375087],[77.107038,35.375479],[77.10719,35.375829],[77.107439,35.376178],[77.107734,35.376486],[77.107981,35.376795],[77.108228,35.377104],[77.108616,35.377294],[77.10905,35.377404],[77.109529,35.377434],[77.109786,35.37743],[77.110092,35.377524],[77.110179,35.377539],[77.110493,35.377692],[77.110926,35.377802],[77.111409,35.37795],[77.111796,35.378139],[77.112184,35.378329],[77.112617,35.378399],[77.112994,35.378197],[77.112841,35.377847],[77.112547,35.377578],[77.112253,35.377308],[77.111818,35.37712],[77.111495,35.377047],[77.111184,35.37684],[77.110794,35.376622],[77.110431,35.376382],[77.110041,35.376142],[77.109733,35.375878],[77.109451,35.375568],[77.109278,35.375235],[77.109186,35.374877],[77.109176,35.374495],[77.109276,35.374134],[77.109459,35.373794],[77.109698,35.373476],[77.109881,35.373136],[77.110119,35.372818],[77.110358,35.372499],[77.110458,35.372138],[77.110558,35.371755],[77.11063,35.371394],[77.110703,35.371034],[77.110726,35.370663],[77.110956,35.370333],[77.111266,35.369935],[77.111335,35.36954],[77.111325,35.369148],[77.111315,35.368755],[77.111326,35.368681],[77.111389,35.368605],[77.111473,35.368687],[77.111881,35.369007],[77.111971,35.369398],[77.112446,35.369194],[77.112595,35.368798],[77.112825,35.368401],[77.112894,35.368007],[77.112964,35.367613],[77.112954,35.36722],[77.112391,35.367099],[77.111769,35.36711],[77.11152,35.366682],[77.111094,35.365914],[77.11073,35.365772],[77.110746,35.3664],[77.110079,35.366744],[77.109678,35.367212],[77.109196,35.36722],[77.108717,35.367229],[77.108794,35.367096],[77.108943,35.366701],[77.108695,35.366378],[77.108289,35.366123],[77.107726,35.366002],[77.107677,35.365996],[77.107537,35.365842],[77.107149,35.36564],[77.106697,35.365439],[77.10625,35.365447],[77.105807,35.365559],[77.105302,35.365777],[77.104926,35.366045],[77.104614,35.366311],[77.104294,35.36654],[77.10398,35.36646],[77.103497,35.366338],[77.103016,35.36628],[77.102454,35.366159],[77.102127,35.365903],[77.101879,35.36558],[77.101869,35.365187],[77.101779,35.364796],[77.10153,35.364473],[77.101126,35.364283],[77.100648,35.364357],[77.10017,35.364431],[77.099693,35.364505],[77.099218,35.364709],[77.098741,35.364783],[77.098346,35.364986],[77.097872,35.365191],[77.097882,35.365584],[77.098287,35.365773],[77.098613,35.36603],[77.098939,35.366286],[77.099109,35.366676],[77.099279,35.367066],[77.099289,35.367458],[77.0993,35.367851],[77.09931,35.368244],[77.0994,35.368635],[77.099647,35.368956],[77.099589,35.369325],[77.099471,35.369693],[77.099481,35.370111],[77.099491,35.370476],[77.099437,35.370843],[77.099319,35.371211],[77.099201,35.371579],[77.099185,35.371684],[77.099012,35.371687],[77.098972,35.371691],[77.098839,35.371657],[77.098434,35.371468],[77.098108,35.371212],[77.098097,35.370819],[77.098087,35.370426],[77.098077,35.370033],[77.097907,35.369643],[77.097737,35.369253],[77.097647,35.368862],[77.097399,35.368539],[77.097229,35.368149],[77.097059,35.367759],[77.096889,35.367369],[77.096879,35.366976],[77.096948,35.366582],[77.096938,35.36619],[77.096928,35.365797],[77.096602,35.365541],[77.096275,35.365284],[77.095796,35.365293],[77.095315,35.365236],[77.095004,35.365568],[77.094774,35.365965],[77.094544,35.366362],[77.094395,35.366758],[77.094245,35.367153],[77.094014,35.367485],[77.094498,35.367673],[77.094983,35.367861],[77.095387,35.36805],[77.095714,35.368306],[77.095964,35.368695],[77.095976,35.369153],[77.095986,35.369546],[77.095998,35.370004],[77.095768,35.370401],[77.095698,35.370795],[77.096103,35.370984],[77.096508,35.371174],[77.096757,35.371562],[77.097007,35.371951],[77.097278,35.372164],[77.097177,35.372293],[77.097123,35.37266],[77.096681,35.372825],[77.096369,35.373091],[77.096506,35.373455],[77.096388,35.373822],[77.096526,35.374238],[77.096535,35.374604],[77.096223,35.37487],[77.095834,35.374616],[77.095321,35.37452],[77.094876,35.37458],[77.094564,35.374847],[77.094701,35.37521],[77.094838,35.375574],[77.095101,35.375883],[77.095121,35.375935],[77.094938,35.376029],[77.094627,35.376295],[77.094589,35.376327],[77.094538,35.376311],[77.094087,35.376162],[77.093637,35.376013],[77.093188,35.375916],[77.09274,35.375871],[77.092294,35.375879],[77.091843,35.37573],[77.091572,35.37564],[77.091826,35.375368],[77.092217,35.375167],[77.092528,35.374901],[77.092359,35.374514],[77.09227,35.374126],[77.092499,35.373797],[77.09281,35.373532],[77.093201,35.37333],[77.093112,35.372942],[77.09271,35.372753],[77.092152,35.372633],[77.091676,35.372641],[77.091124,35.372781],[77.090738,35.372948],[77.090714,35.372846],[77.090623,35.372389],[77.090619,35.372242],[77.090797,35.372238],[77.091107,35.371867],[77.091225,35.3715],[77.091166,35.371453],[77.091327,35.371413],[77.091637,35.371147],[77.091705,35.370691],[77.091616,35.370303],[77.091447,35.369916],[77.091358,35.369527],[77.091267,35.369074],[77.091256,35.368684],[77.091246,35.368294],[77.091236,35.367905],[77.09099,35.367584],[77.090514,35.367592],[77.090204,35.367857],[77.089814,35.368124],[77.089422,35.368326],[77.08896,35.368334],[77.088711,35.368042],[77.088509,35.367627],[77.088371,35.367212],[77.088361,35.366846],[77.088224,35.366483],[77.088173,35.366165],[77.089073,35.364467],[77.090526,35.363063],[77.091128,35.361302],[77.092518,35.359952],[77.093516,35.358503],[77.093677,35.357227],[77.093624,35.355159],[77.09346,35.353836],[77.093889,35.352874],[77.097572,35.352598],[77.100223,35.352499],[77.104359,35.352215],[77.108696,35.352192],[77.111802,35.352138],[77.114658,35.352406],[77.117398,35.353207],[77.119255,35.354925],[77.120521,35.356281],[77.12173,35.357957],[77.125394,35.360403],[77.129005,35.362037],[77.134668,35.36288],[77.136352,35.362968],[77.137088,35.363149],[77.137464,35.363356],[77.137871,35.363559],[77.138277,35.363701],[77.138315,35.363714],[77.138217,35.36383],[77.139559,35.364545],[77.141855,35.364996],[77.143435,35.365658],[77.14267,35.366262],[77.141734,35.367264],[77.140781,35.367576],[77.140124,35.367735],[77.138821,35.368497],[77.138176,35.369099],[77.136887,35.370353],[77.135934,35.370714],[77.135219,35.370924],[77.134581,35.371821],[77.133819,35.372574],[77.132726,35.372747],[77.132557,35.372693],[77.132078,35.372552],[77.131643,35.372679],[77.131441,35.372926],[77.130824,35.372971],[77.130615,35.374156],[77.129673,35.374025],[77.12963,35.373972],[77.129293,35.373678],[77.128921,35.373416],[77.128585,35.373152],[77.128178,35.37298],[77.127843,35.372716],[77.127507,35.372453],[77.127101,35.37231],[77.126942,35.372283],[77.126624,35.372229],[77.126184,35.372177],[77.125824,35.372392],[77.125687,35.372754],[77.125661,35.373144],[77.125597,35.373504],[77.125571,35.373894],[77.125581,35.374283],[77.125591,35.374672],[77.125675,35.375059],[77.125685,35.375448],[77.125363,35.375723],[77.124888,35.375732],[77.124413,35.37574],[77.124193,35.375758],[77.123939,35.375778],[77.123504,35.375906],[77.123293,35.376239],[77.123376,35.376597],[77.123538,35.376829],[77.123604,35.376922],[77.123759,35.377278],[77.123769,35.377667],[77.123743,35.378057],[77.123606,35.378419]],[[77.031931,35.303442],[77.031654,35.303306],[77.03119,35.303188],[77.030725,35.30307],[77.030259,35.302888],[77.029719,35.302834],[77.029104,35.302845],[77.028643,35.302852],[77.028182,35.30286],[77.02773,35.302868],[77.027458,35.302611],[77.027127,35.302351],[77.02673,35.302038],[77.026335,35.301832],[77.026004,35.301571],[77.025608,35.301312],[77.025277,35.301051],[77.024817,35.300846],[77.024423,35.30064],[77.023963,35.300435],[77.023632,35.300174],[77.023301,35.299914],[77.02297,35.299653],[77.022821,35.299478],[77.022984,35.299367],[77.023362,35.299108],[77.023738,35.298787],[77.024197,35.298653],[77.024655,35.298519],[77.025113,35.298385],[77.025573,35.298315],[77.026086,35.2982],[77.026202,35.298306],[77.026446,35.298641],[77.026749,35.298927],[77.027168,35.299162],[77.027471,35.299447],[77.027832,35.299684],[77.028251,35.299919],[77.028613,35.300203],[77.02903,35.300342],[77.029448,35.300529],[77.029865,35.300667],[77.03034,35.300756],[77.030815,35.300845],[77.031062,35.300891],[77.031122,35.301],[77.031328,35.301474],[77.031532,35.301869],[77.031641,35.302345],[77.031847,35.30282],[77.031857,35.303218],[77.03197,35.303436],[77.031931,35.303442]],[[77.035393,35.30661],[77.035211,35.306966],[77.035054,35.307181],[77.034825,35.307037],[77.034509,35.306727],[77.034196,35.306418],[77.034155,35.306242],[77.034146,35.305864],[77.034368,35.305545],[77.03483,35.305537],[77.035091,35.305533],[77.035135,35.30583],[77.035336,35.306219],[77.035393,35.30661]],[[77.060943,35.305585],[77.061087,35.305204],[77.061077,35.304826],[77.061145,35.304447],[77.061289,35.304066],[77.06151,35.303684],[77.061652,35.30324],[77.06172,35.30286],[77.061716,35.302719],[77.062767,35.303029],[77.063705,35.30305],[77.063832,35.30334],[77.064131,35.303634],[77.064641,35.303625],[77.06515,35.303616],[77.065733,35.303606],[77.066315,35.303537],[77.066749,35.30341],[77.067181,35.303223],[77.067373,35.303167],[77.067398,35.303167],[77.067597,35.303145],[77.067841,35.303289],[77.068236,35.303521],[77.068631,35.303753],[77.06893,35.304067],[77.06923,35.30438],[77.069529,35.304694],[77.069734,35.305089],[77.069938,35.305484],[77.070143,35.305879],[77.07025,35.306275],[77.07035,35.30638],[77.070088,35.306385],[77.069659,35.306534],[77.06923,35.306683],[77.068711,35.306692],[77.068193,35.306772],[77.067762,35.30685],[77.067332,35.306929],[77.066901,35.307007],[77.066382,35.307016],[77.065944,35.30681],[77.065504,35.306534],[77.06515,35.306256],[77.064797,35.305978],[77.064359,35.305773],[77.063925,35.30571],[77.063405,35.305718],[77.06298,35.306009],[77.062641,35.306299],[77.062302,35.306589],[77.061875,35.306809],[77.061538,35.307169],[77.061111,35.30739],[77.060825,35.307634],[77.060755,35.307473],[77.0606,35.307117],[77.060589,35.306699],[77.060585,35.30653],[77.060654,35.306347],[77.060799,35.305966],[77.060943,35.305585]],[[77.079244,35.285626],[77.079393,35.283748],[77.079098,35.282321],[77.079114,35.282102],[77.079211,35.282145],[77.079628,35.282283],[77.080047,35.282518],[77.080467,35.282753],[77.080827,35.282989],[77.081246,35.283176],[77.081664,35.283362],[77.081937,35.283413],[77.082007,35.283625],[77.082033,35.283701],[77.082208,35.285501],[77.083154,35.287076],[77.083413,35.287389],[77.0835,35.287403],[77.083894,35.287596],[77.084193,35.28787],[77.084397,35.288226],[77.083926,35.288242],[77.083548,35.288501],[77.083248,35.288822],[77.082794,35.289082],[77.08226,35.28928],[77.081881,35.289476],[77.081583,35.289859],[77.081478,35.290073],[77.08128,35.290076],[77.080794,35.290084],[77.080354,35.290012],[77.079914,35.28994],[77.079472,35.289788],[77.079076,35.289555],[77.079168,35.28891],[77.079244,35.285626]],[[77.07926,35.280251],[77.079576,35.280561],[77.079815,35.280872],[77.080054,35.281184],[77.080369,35.281493],[77.080532,35.281513],[77.080259,35.281546],[77.07973,35.281652],[77.079258,35.281708],[77.079138,35.281773],[77.079194,35.280994],[77.079295,35.280476],[77.079279,35.280371],[77.07926,35.280251]],[[77.051825,35.317345],[77.051672,35.316956],[77.051425,35.316647],[77.051131,35.316377],[77.050697,35.316228],[77.050208,35.316236],[77.050218,35.316197],[77.050352,35.315842],[77.050341,35.315411],[77.050379,35.315018],[77.050708,35.314778],[77.051141,35.314888],[77.051528,35.315077],[77.052009,35.315187],[77.052442,35.315258],[77.053014,35.315209],[77.053538,35.315121],[77.053915,35.314919],[77.054098,35.314563],[77.053944,35.314174],[77.053603,35.313905],[77.053262,35.313676],[77.052922,35.313447],[77.052488,35.313297],[77.052006,35.313149],[77.051524,35.313],[77.051089,35.312811],[77.050558,35.312624],[77.050125,35.312514],[77.049944,35.312426],[77.049942,35.312318],[77.050151,35.311956],[77.05051,35.311711],[77.050868,35.311466],[77.051302,35.311339],[77.051812,35.31133],[77.052254,35.311502],[77.052624,35.311735],[77.052995,35.311968],[77.053437,35.312139],[77.053878,35.312311],[77.054319,35.312423],[77.054762,35.312655],[77.055201,35.312707],[77.05564,35.312759],[77.056151,35.31281],[77.05659,35.312863],[77.0571,35.312854],[77.057237,35.312493],[77.057301,35.312134],[77.057364,35.311774],[77.057799,35.311647],[77.058242,35.311878],[77.058612,35.312111],[77.059053,35.312223],[77.059493,35.312335],[77.059933,35.312447],[77.060315,35.312596],[77.060438,35.312787],[77.060687,35.313238],[77.060697,35.313627],[77.060707,35.314017],[77.060637,35.314408],[77.060489,35.314801],[77.060259,35.31513],[77.060247,35.315163],[77.059772,35.315094],[77.059247,35.315103],[77.058769,35.315111],[77.058243,35.31512],[77.057767,35.315206],[77.057289,35.315214],[77.056861,35.3153],[77.056435,35.315464],[77.056057,35.315666],[77.055875,35.316022],[77.05574,35.316377],[77.055607,35.316771],[77.055584,35.317046],[77.055423,35.317049],[77.054851,35.317137],[77.054428,35.317419],[77.054246,35.317774],[77.05416,35.318168],[77.054027,35.318562],[77.054037,35.318993],[77.05419,35.319343],[77.054335,35.319623],[77.054196,35.319889],[77.053986,35.320251],[77.053817,35.320574],[77.053733,35.320864],[77.053711,35.320945],[77.053631,35.321135],[77.053297,35.321421],[77.052861,35.321508],[77.052374,35.321516],[77.051888,35.321524],[77.051973,35.321301],[77.052155,35.320945],[77.052242,35.320591],[77.052231,35.32016],[77.052221,35.319768],[77.052162,35.319338],[77.05201,35.318988],[77.051902,35.31852],[77.051892,35.318128],[77.05193,35.317735],[77.051825,35.317345]],[[77.087574,35.320314],[77.088319,35.319756],[77.088314,35.319583],[77.088313,35.319542],[77.088478,35.319422],[77.088707,35.319026],[77.088841,35.318671],[77.088896,35.318525],[77.089307,35.318759],[77.089702,35.318992],[77.090001,35.319305],[77.090109,35.319702],[77.090409,35.320015],[77.090613,35.32041],[77.090913,35.320724],[77.09131,35.321035],[77.091802,35.321266],[77.092197,35.321498],[77.092687,35.321649],[77.093272,35.321719],[77.095829,35.323323],[77.096912,35.325143],[77.097578,35.327536],[77.09763,35.329586],[77.097667,35.331001],[77.097402,35.331064],[77.096973,35.33115],[77.096265,35.331476],[77.095986,35.331794],[77.095948,35.332187],[77.096337,35.332415],[77.096772,35.332603],[77.097205,35.332713],[77.097638,35.332824],[77.09812,35.332933],[77.098696,35.33304],[77.099129,35.333111],[77.09936,35.333164],[77.100087,35.334493],[77.100583,35.33696],[77.100629,35.338727],[77.100615,35.339737],[77.100588,35.339735],[77.100606,35.340426],[77.100599,35.340885],[77.100478,35.342154],[77.100151,35.342867],[77.100025,35.342906],[77.100012,35.342923],[77.099727,35.343207],[77.099392,35.343453],[77.098957,35.34358],[77.098772,35.3436],[77.09852,35.343628],[77.098033,35.343636],[77.097596,35.343684],[77.097162,35.343851],[77.096726,35.343938],[77.096239,35.343947],[77.095802,35.343994],[77.095374,35.344033],[77.094567,35.343883],[77.091884,35.343576],[77.088235,35.342649],[77.086141,35.341766],[77.083953,35.340601],[77.080991,35.339521],[77.078541,35.338219],[77.077366,35.336118],[77.077831,35.33496],[77.079126,35.334108],[77.081008,35.333439],[77.08299,35.333405],[77.083305,35.333513],[77.083796,35.333664],[77.08424,35.333856],[77.084629,35.33385],[77.085069,35.333922],[77.085655,35.333952],[77.086094,35.333984],[77.086428,35.333978],[77.086558,35.334034],[77.086992,35.334184],[77.087426,35.334294],[77.08786,35.334443],[77.088292,35.334514],[77.088772,35.334584],[77.089251,35.334615],[77.08973,35.334646],[77.090208,35.334638],[77.090687,35.334668],[77.091159,35.334425],[77.091387,35.334132],[77.091748,35.334126],[77.092234,35.334117],[77.092505,35.334113],[77.092721,35.334109],[77.093155,35.333942],[77.093341,35.333579],[77.09338,35.333219],[77.093274,35.332862],[77.09307,35.332506],[77.092823,35.332386],[77.092675,35.332314],[77.092469,35.332261],[77.092382,35.332279],[77.092228,35.332294],[77.092172,35.332215],[77.092512,35.331983],[77.092892,35.331787],[77.093115,35.331468],[77.093259,35.331087],[77.093403,35.330706],[77.093547,35.330325],[77.093612,35.329959],[77.093767,35.329612],[77.092834,35.32687],[77.09226,35.32607],[77.092093,35.3261],[77.09162,35.326304],[77.091141,35.326273],[77.090846,35.325965],[77.090552,35.325696],[77.090165,35.325507],[77.08987,35.325198],[77.090296,35.325034],[77.090822,35.325025],[77.091299,35.324977],[77.091465,35.324962],[77.090557,35.323697],[77.090214,35.323703],[77.089736,35.323711],[77.089258,35.323719],[77.08878,35.323728],[77.088348,35.323657],[77.087914,35.323547],[77.087482,35.323476],[77.087054,35.323562],[77.086629,35.323765],[77.086202,35.32389],[77.085824,35.324092],[77.085396,35.324178],[77.08492,35.324265],[77.084492,35.32435],[77.084016,35.324437],[77.083541,35.324563],[77.083113,35.324648],[77.082636,35.324696],[77.082159,35.324743],[77.081586,35.324792],[77.08106,35.324801],[77.080534,35.32481],[77.080452,35.324812],[77.080455,35.324941],[77.080416,35.325301],[77.080328,35.325662],[77.080311,35.325731],[77.08019,35.325574],[77.079951,35.325263],[77.079713,35.324952],[77.079248,35.324834],[77.078786,35.324842],[77.078325,35.32485],[77.077947,35.325108],[77.077567,35.325304],[77.077187,35.3255],[77.076731,35.325697],[77.076351,35.325892],[77.075893,35.326026],[77.075431,35.326034],[77.075313,35.326095],[77.075247,35.326018],[77.075123,35.326044],[77.073044,35.325726],[77.07242,35.325762],[77.072344,35.325799],[77.07191,35.325966],[77.071785,35.32609],[77.071481,35.326068],[77.070946,35.326077],[77.07047,35.326085],[77.070058,35.326239],[77.069768,35.326536],[77.069417,35.326786],[77.069129,35.327132],[77.068959,35.327476],[77.06879,35.32782],[77.068681,35.328212],[77.068512,35.328605],[77.068455,35.32869],[77.067569,35.327588],[77.067509,35.325255],[77.06825,35.323828],[77.071166,35.323142],[77.073838,35.323025],[77.077978,35.322954],[77.080782,35.322722],[77.08071,35.32305],[77.08101,35.323364],[77.0815,35.323515],[77.081988,35.323586],[77.082469,35.323418],[77.082951,35.323251],[77.083627,35.32308],[77.084109,35.322912],[77.084489,35.322587],[77.084576,35.322187],[77.084628,35.321891],[77.085023,35.321772],[77.087574,35.320314]],[[77.055078,35.329436],[77.056215,35.330902],[77.057941,35.33257],[77.05867,35.333247],[77.058315,35.333306],[77.05868,35.333546],[77.059068,35.333748],[77.059014,35.334115],[77.058562,35.333914],[77.058112,35.333764],[77.057661,35.333563],[77.057147,35.333415],[77.057102,35.33338],[77.056926,35.333383],[77.056211,35.333289],[77.05549,35.33293],[77.054894,35.33241],[77.054816,35.331881],[77.055046,35.33071],[77.053543,35.330152],[77.053236,35.330033],[77.053107,35.330035],[77.052597,35.330044],[77.052149,35.329947],[77.051699,35.329798],[77.051311,35.329595],[77.050923,35.329393],[77.050534,35.329138],[77.050146,35.328935],[77.049821,35.32868],[77.049557,35.328318],[77.04938,35.328076],[77.048825,35.327845],[77.048242,35.327855],[77.047478,35.328346],[77.04662,35.327671],[77.046718,35.326449],[77.04722,35.325804],[77.046875,35.324961],[77.044665,35.324574],[77.043857,35.323315],[77.042402,35.322067],[77.043302,35.321839],[77.044554,35.32272],[77.046332,35.323963],[77.048622,35.324932],[77.050074,35.326074],[77.050083,35.326428],[77.050411,35.326788],[77.050799,35.326991],[77.051249,35.32714],[77.051636,35.327343],[77.052087,35.327492],[77.052538,35.327693],[77.052942,35.327827],[77.053032,35.32788],[77.055078,35.329436]],[[77.13434,35.351737],[77.13386,35.351668],[77.133579,35.35165],[77.133575,35.351631],[77.133565,35.351241],[77.1335,35.350962],[77.133711,35.350818],[77.133558,35.350438],[77.133405,35.350088],[77.133322,35.349678],[77.133312,35.349296],[77.133373,35.348884],[77.133398,35.348472],[77.133424,35.348089],[77.133449,35.347677],[77.133547,35.347293],[77.133537,35.346912],[77.133526,35.34653],[77.133554,35.344808],[77.133702,35.344415],[77.133692,35.344025],[77.133682,35.343635],[77.133751,35.343244],[77.134061,35.342979],[77.134535,35.342905],[77.134842,35.34251],[77.135071,35.342181],[77.135301,35.341852],[77.135528,35.341458],[77.135518,35.341068],[77.135194,35.340814],[77.13487,35.34056],[77.135018,35.340167],[77.135329,35.339902],[77.135558,35.339573],[77.135787,35.339244],[77.135777,35.338854],[77.1353,35.338797],[77.134912,35.339129],[77.134601,35.339395],[77.134372,35.339724],[77.134062,35.339989],[77.133671,35.340191],[77.13336,35.340456],[77.133131,35.340785],[77.133062,35.341177],[77.133231,35.341564],[77.13332,35.341952],[77.133331,35.342342],[77.133182,35.342734],[77.133113,35.343125],[77.132965,35.343518],[77.132818,35.343976],[77.132749,35.344367],[77.13275,35.344405],[77.132619,35.344753],[77.132557,35.345136],[77.132495,35.345519],[77.132398,35.345903],[77.1323,35.346257],[77.132274,35.34664],[77.132175,35.346994],[77.132077,35.347349],[77.132015,35.347732],[77.13199,35.348144],[77.131929,35.348527],[77.13183,35.348882],[77.131732,35.349236],[77.131814,35.349617],[77.131857,35.349658],[77.131862,35.349842],[77.131952,35.35023],[77.132198,35.350551],[77.132444,35.350871],[77.132534,35.35126],[77.132677,35.351588],[77.132469,35.351535],[77.131941,35.351466],[77.131508,35.351356],[77.131029,35.351326],[77.130595,35.351216],[77.130116,35.351185],[77.129587,35.351077],[77.129154,35.350967],[77.128777,35.350871],[77.127198,35.350189],[77.124971,35.348625],[77.122163,35.346883],[77.119143,35.345804],[77.120254,35.344276],[77.12319,35.34215],[77.1233,35.342039],[77.123321,35.341997],[77.123557,35.341673],[77.123792,35.34135],[77.124027,35.341027],[77.12431,35.340702],[77.124546,35.340379],[77.124781,35.340055],[77.125115,35.33981],[77.12555,35.339683],[77.126036,35.339634],[77.126476,35.339626],[77.127101,35.339193],[77.12719,35.339055],[77.127424,35.338692],[77.127609,35.338329],[77.127844,35.338006],[77.12808,35.337682],[77.128315,35.337359],[77.1285,35.336996],[77.12859,35.336906],[77.12868,35.33649],[77.128676,35.336339],[77.129018,35.336191],[77.129393,35.335923],[77.129705,35.335657],[77.129951,35.335287],[77.130197,35.334969],[77.130252,35.334602],[77.129864,35.3344],[77.12935,35.334252],[77.128902,35.334208],[77.128513,35.334124],[77.128361,35.333102],[77.128437,35.333058],[77.128491,35.333118],[77.128879,35.33332],[77.129267,35.333522],[77.12971,35.33341],[77.129892,35.333041],[77.129834,35.332753],[77.130334,35.332778],[77.130334,35.332631],[77.130327,35.332374],[77.130027,35.3321],[77.129633,35.331907],[77.129477,35.331896],[77.129216,35.331589],[77.129142,35.331456],[77.129194,35.331355],[77.129424,35.330998],[77.129703,35.330719],[77.130131,35.330633],[77.13056,35.330547],[77.130937,35.330344],[77.131119,35.329988],[77.131156,35.329596],[77.13105,35.329205],[77.13104,35.328814],[77.130935,35.328463],[77.130594,35.328234],[77.130116,35.328242],[77.129691,35.328446],[77.129413,35.328764],[77.129182,35.329082],[77.128951,35.329399],[77.128575,35.329641],[77.128148,35.329766],[77.127724,35.330009],[77.127348,35.330251],[77.127168,35.330424],[77.127017,35.330426],[77.126573,35.330486],[77.126131,35.330651],[77.125688,35.330815],[77.125181,35.330929],[77.124735,35.330937],[77.124229,35.331102],[77.123852,35.331318],[77.123477,35.331586],[77.1231,35.331801],[77.123237,35.332165],[77.1235,35.332474],[77.123763,35.332783],[77.123965,35.333197],[77.12403,35.333368],[77.123974,35.333444],[77.123789,35.333806],[77.123715,35.333921],[77.123664,35.333882],[77.123399,35.333468],[77.123135,35.333159],[77.12281,35.332904],[77.12236,35.332755],[77.122113,35.333073],[77.122122,35.333439],[77.122132,35.333804],[77.122334,35.334219],[77.1226,35.334632],[77.122738,35.335048],[77.122875,35.335411],[77.123049,35.335724],[77.122963,35.335981],[77.122828,35.336039],[77.122387,35.336256],[77.12201,35.336471],[77.121699,35.336738],[77.121324,35.337058],[77.121077,35.337376],[77.120832,35.337746],[77.12065,35.338115],[77.120405,35.338485],[77.120223,35.338854],[77.120042,35.339223],[77.11986,35.339592],[77.11968,35.340013],[77.119562,35.340381],[77.119316,35.340751],[77.1192,35.340872],[77.118916,35.341196],[77.118583,35.341481],[77.118249,35.341767],[77.117915,35.342012],[77.117531,35.342258],[77.117147,35.342464],[77.116763,35.342671],[77.116378,35.342877],[77.116045,35.343162],[77.11571,35.343408],[77.115273,35.343455],[77.114738,35.343465],[77.114541,35.34345],[77.114144,35.343632],[77.111493,35.343732],[77.11049,35.343556],[77.110226,35.343591],[77.10978,35.343599],[77.109333,35.343607],[77.10889,35.343719],[77.108444,35.343727],[77.107996,35.343682],[77.107547,35.343586],[77.107097,35.343437],[77.106646,35.343288],[77.106513,35.343218],[77.106451,35.343186],[77.106259,35.343086],[77.105869,35.342831],[77.105606,35.342522],[77.105469,35.342159],[77.10546,35.341793],[77.10545,35.341427],[77.105441,35.341062],[77.105431,35.340696],[77.105483,35.340225],[77.105537,35.339858],[77.105591,35.339492],[77.105582,35.339126],[77.105635,35.338707],[77.105625,35.338341],[77.105614,35.337923],[77.105603,35.337506],[77.105594,35.33714],[77.105584,35.336774],[77.105575,35.336409],[77.105566,35.336043],[77.105684,35.335675],[77.105865,35.335306],[77.106112,35.334988],[77.106145,35.334965],[77.106193,35.334956],[77.106575,35.33471],[77.107055,35.334463],[77.107539,35.334375],[77.108021,35.334207],[77.108304,35.333884],[77.108293,35.333486],[77.108186,35.333089],[77.107989,35.33271],[77.108217,35.332482],[77.108402,35.33212],[77.108392,35.331721],[77.108385,35.331463],[77.108615,35.331421],[77.109149,35.331363],[77.109683,35.331305],[77.110157,35.331248],[77.110631,35.331142],[77.111106,35.331134],[77.111582,35.331126],[77.112056,35.331069],[77.112532,35.33106],[77.113126,35.33105],[77.113601,35.330993],[77.114021,35.331132],[77.114326,35.331419],[77.114747,35.331607],[77.11511,35.331844],[77.115357,35.332181],[77.115544,35.332519],[77.115732,35.332906],[77.115979,35.333242],[77.116177,35.333424],[77.116182,35.333461],[77.116193,35.33388],[77.115757,35.334007],[77.115322,35.334105],[77.114924,35.334261],[77.114527,35.334448],[77.114053,35.334486],[77.113542,35.334495],[77.113071,35.334653],[77.112823,35.334957],[77.112724,35.335347],[77.112624,35.335708],[77.11264,35.335746],[77.11245,35.335936],[77.112073,35.336139],[77.111646,35.336303],[77.11122,35.336467],[77.111183,35.33686],[77.11166,35.336812],[77.112185,35.336764],[77.112612,35.336639],[77.113137,35.33659],[77.113614,35.336543],[77.114091,35.336495],[77.11437,35.336216],[77.114359,35.335785],[77.114179,35.335472],[77.114407,35.335468],[77.114847,35.33552],[77.115288,35.335632],[77.115729,35.335714],[77.116163,35.335557],[77.116523,35.335341],[77.116883,35.335125],[77.11713,35.334821],[77.11749,35.334605],[77.117964,35.334567],[77.118286,35.334292],[77.11857,35.333988],[77.118854,35.333683],[77.118692,35.333088],[77.118656,35.333088],[77.118177,35.332947],[77.117738,35.332895],[77.117226,35.332874],[77.117027,35.332865],[77.116794,35.332546],[77.116372,35.332358],[77.116126,35.332021],[77.115997,35.331634],[77.116408,35.331431],[77.116882,35.331374],[77.117358,35.331366],[77.117831,35.33126],[77.118121,35.330963],[77.11841,35.330665],[77.118462,35.330634],[77.118883,35.3306],[77.119243,35.330384],[77.119471,35.330709],[77.119223,35.331013],[77.118975,35.331316],[77.118691,35.331621],[77.118591,35.331982],[77.119031,35.332064],[77.119539,35.331935],[77.119787,35.331631],[77.120108,35.331326],[77.120392,35.331022],[77.120675,35.330688],[77.120959,35.330354],[77.121207,35.33005],[77.120799,35.329818],[77.120392,35.329615],[77.120201,35.329289],[77.119968,35.328829],[77.119958,35.328444],[77.119948,35.328055],[77.119938,35.327665],[77.119928,35.327275],[77.119917,35.326885],[77.119967,35.326495],[77.119957,35.326105],[77.119946,35.325715],[77.119817,35.325327],[77.11963,35.324989],[77.119267,35.324752],[77.118904,35.324515],[77.118427,35.324474],[77.118078,35.324773],[77.117788,35.32507],[77.117438,35.32532],[77.117026,35.325474],[77.116554,35.325628],[77.116143,35.32583],[77.115732,35.326033],[77.115742,35.326422],[77.115752,35.326812],[77.115823,35.32725],[77.115774,35.32764],[77.115665,35.328032],[77.115436,35.328378],[77.115146,35.328675],[77.114857,35.328973],[77.114628,35.329318],[77.114338,35.329615],[77.113988,35.329865],[77.113577,35.330067],[77.113102,35.330124],[77.11257,35.330231],[77.112094,35.330239],[77.111563,35.330395],[77.111091,35.330549],[77.110618,35.330655],[77.110084,35.330713],[77.109611,35.330819],[77.109076,35.330828],[77.108603,35.330934],[77.108128,35.330991],[77.108103,35.330997],[77.107845,35.330794],[77.108235,35.329231],[77.108391,35.328868],[77.108375,35.328768],[77.108528,35.328558],[77.108758,35.328201],[77.108988,35.327884],[77.109218,35.327527],[77.109449,35.327209],[77.109439,35.326818],[77.109239,35.326468],[77.108989,35.326081],[77.108789,35.325732],[77.108684,35.325381],[77.108531,35.324992],[77.108377,35.324602],[77.108213,35.324286],[77.108276,35.324031],[77.110048,35.322623],[77.110424,35.320495],[77.11105,35.318009],[77.110851,35.316348],[77.110816,35.316312],[77.110624,35.316136],[77.109443,35.315916],[77.109432,35.315863],[77.109247,35.3159],[77.10876,35.315909],[77.108702,35.315551],[77.10879,35.31519],[77.108927,35.314828],[77.109162,35.314505],[77.109397,35.314181],[77.109483,35.314096],[77.109956,35.312441],[77.109975,35.312406],[77.109883,35.312348],[77.109581,35.311955],[77.109568,35.311478],[77.109655,35.311078],[77.109839,35.310676],[77.110323,35.310588],[77.110541,35.310584],[77.110732,35.310366],[77.11116,35.31028],[77.111402,35.310276],[77.111638,35.310272],[77.112116,35.310264],[77.112592,35.310177],[77.112919,35.309897],[77.112934,35.309831],[77.112966,35.309857],[77.113402,35.310084],[77.113838,35.310273],[77.114225,35.310462],[77.114566,35.310691],[77.115,35.31084],[77.115478,35.310832],[77.115529,35.310911],[77.115603,35.311053],[77.11554,35.311341],[77.115551,35.311739],[77.115755,35.312134],[77.11596,35.312529],[77.11626,35.312842],[77.116464,35.313237],[77.116669,35.313632],[77.116777,35.314028],[77.116876,35.314396],[77.11659,35.314115],[77.116254,35.313822],[77.115884,35.313619],[77.115738,35.313797],[77.115608,35.313628],[77.115361,35.313307],[77.115038,35.313053],[77.114714,35.312798],[77.114312,35.312611],[77.113834,35.312489],[77.113685,35.312881],[77.113933,35.313267],[77.114181,35.313653],[77.114314,35.313957],[77.114213,35.313967],[77.113933,35.314246],[77.113505,35.314332],[77.113028,35.314379],[77.1127,35.31462],[77.1129,35.314969],[77.113005,35.31532],[77.112676,35.315561],[77.1122,35.315648],[77.112067,35.316042],[77.112408,35.316271],[77.112933,35.316223],[77.113358,35.31602],[77.113686,35.315779],[77.114014,35.315499],[77.11444,35.315334],[77.114917,35.315287],[77.115219,35.315282],[77.115274,35.315456],[77.115645,35.315659],[77.116119,35.31565],[77.116593,35.315612],[77.116686,35.315636],[77.116632,35.315942],[77.11664,35.31623],[77.116316,35.316216],[77.11592,35.316432],[77.11571,35.316765],[77.115683,35.317155],[77.11573,35.317543],[77.116031,35.317867],[77.116294,35.318162],[77.116665,35.318365],[77.117104,35.318417],[77.117579,35.318409],[77.117938,35.318193],[77.118077,35.316953],[77.118408,35.316947],[77.118889,35.316779],[77.119371,35.316611],[77.119855,35.316523],[77.120342,35.316594],[77.120834,35.316825],[77.121322,35.316896],[77.12181,35.316967],[77.122296,35.316958],[77.122742,35.317023],[77.122162,35.317612],[77.121574,35.31985],[77.121671,35.32109],[77.121517,35.322631],[77.122409,35.324577],[77.123417,35.325992],[77.125194,35.327127],[77.127403,35.32746],[77.129667,35.32742],[77.130544,35.326291],[77.130513,35.325124],[77.130488,35.32417],[77.12956,35.323338],[77.129794,35.322379],[77.130953,35.322146],[77.132721,35.322964],[77.134098,35.323629],[77.135205,35.323875],[77.137141,35.323681],[77.139147,35.323699],[77.141098,35.324036],[77.142023,35.324762],[77.143477,35.325903],[77.144402,35.326629],[77.145783,35.327453],[77.147955,35.328846],[77.149417,35.330252],[77.150941,35.331604],[77.152917,35.332895],[77.15423,35.333614],[77.155279,35.334126],[77.154295,35.334706],[77.15387,35.334915],[77.153394,35.335002],[77.152869,35.335011],[77.152343,35.33502],[77.151915,35.335106],[77.151439,35.335193],[77.151012,35.335358],[77.150536,35.335444],[77.150059,35.335492],[77.149581,35.335501],[77.149103,35.335509],[77.148626,35.335557],[77.148101,35.335566],[77.147619,35.335457],[77.147232,35.335268],[77.146903,35.334974],[77.145197,35.334676],[77.14324,35.334075],[77.142068,35.33383],[77.1404,35.33439],[77.139074,35.335634],[77.13923,35.336639],[77.140477,35.337306],[77.14191,35.337652],[77.142871,35.337263],[77.144165,35.337241],[77.145724,35.337478],[77.14608,35.337499],[77.146097,35.337561],[77.146439,35.33783],[77.146872,35.33794],[77.147445,35.33789],[77.147923,35.337882],[77.148401,35.337873],[77.149069,35.337822],[77.149496,35.337697],[77.149923,35.337572],[77.150349,35.337407],[77.150823,35.337242],[77.15125,35.337117],[77.151389,35.336979],[77.15205,35.336835],[77.153531,35.336544],[77.155448,35.335608],[77.15627,35.334851],[77.157025,35.334474],[77.158431,35.335392],[77.161224,35.336568],[77.164244,35.337645],[77.166332,35.338268],[77.166648,35.338334],[77.166455,35.339966],[77.166175,35.342199],[77.165631,35.343641],[77.165282,35.345119],[77.165316,35.346391],[77.164634,35.347795],[77.162612,35.349635],[77.161423,35.350223],[77.1609,35.350325],[77.160186,35.350455],[77.159663,35.350582],[77.159235,35.350668],[77.158713,35.350834],[77.158286,35.350959],[77.157859,35.351085],[77.157431,35.351171],[77.156954,35.351257],[77.156478,35.351344],[77.156003,35.35147],[77.155575,35.351556],[77.155099,35.351643],[77.154622,35.351691],[77.154145,35.351739],[77.153667,35.351747],[77.15319,35.351795],[77.152713,35.351843],[77.152188,35.351891],[77.151662,35.351901],[77.151137,35.351949],[77.15066,35.351997],[77.150184,35.352084],[77.149706,35.352131],[77.149278,35.352217],[77.148801,35.352265],[77.148323,35.352273],[77.147797,35.352283],[77.147319,35.352291],[77.146841,35.3523],[77.146363,35.352308],[77.145883,35.352278],[77.145405,35.352286],[77.144927,35.352295],[77.144449,35.352303],[77.143971,35.352312],[77.143492,35.352281],[77.142966,35.35229],[77.142486,35.35226],[77.142008,35.352268],[77.14153,35.352276],[77.141051,35.352246],[77.140573,35.352254],[77.140095,35.352263],[77.139614,35.352193],[77.139182,35.352122],[77.138703,35.352091],[77.13827,35.352021],[77.137791,35.35199],[77.137312,35.351959],[77.136785,35.351929],[77.136305,35.35186],[77.135827,35.351868],[77.135347,35.351798],[77.13482,35.351768],[77.13434,35.351737]],[[77.043862,35.312648],[77.044391,35.312639],[77.044919,35.31263],[77.045447,35.312621],[77.045399,35.312829],[77.045409,35.313221],[77.045468,35.313651],[77.045572,35.314002],[77.045773,35.314391],[77.046115,35.314659],[77.046502,35.314849],[77.046415,35.315203],[77.04604,35.315484],[77.045714,35.315842],[77.045618,35.315991],[77.045574,35.315962],[77.045186,35.315772],[77.044798,35.315544],[77.044488,35.315465],[77.044405,35.315274],[77.0442,35.314879],[77.043901,35.314565],[77.043794,35.314169],[77.043494,35.313855],[77.043195,35.313542],[77.042703,35.313311],[77.04255,35.313314],[77.042609,35.313276],[77.043025,35.313009],[77.043444,35.312828],[77.043862,35.312648]],[[77.04019,35.328581],[77.040263,35.328946],[77.040256,35.328966],[77.039832,35.328973],[77.039301,35.328895],[77.038874,35.328729],[77.038343,35.328652],[77.037916,35.328486],[77.037489,35.328319],[77.037168,35.328067],[77.037367,35.327897],[77.037679,35.327631],[77.037861,35.327262],[77.037852,35.326896],[77.037907,35.32653],[77.037959,35.326058],[77.038285,35.326367],[77.038612,35.326675],[77.038937,35.32693],[77.039387,35.32708],[77.039837,35.327229],[77.040162,35.327484],[77.040108,35.327851],[77.03999,35.328219],[77.04019,35.328581]],[[77.024473,35.358005],[77.024482,35.358371],[77.024491,35.358736],[77.024309,35.359105],[77.024311,35.359187],[77.023925,35.359059],[77.023475,35.35891],[77.023024,35.358761],[77.022699,35.358505],[77.022374,35.358249],[77.022111,35.35794],[77.021885,35.357657],[77.022258,35.357457],[77.022543,35.357173],[77.022878,35.356928],[77.023313,35.356801],[77.023458,35.356695],[77.023547,35.356714],[77.023873,35.35697],[77.024198,35.357226],[77.0244,35.35764],[77.024473,35.358005]],[[77.059731,35.317789],[77.060066,35.318052],[77.060366,35.318347],[77.060738,35.31861],[77.061178,35.318692],[77.061653,35.318714],[77.062127,35.318676],[77.062563,35.318579],[77.062998,35.318451],[77.063396,35.318295],[77.063718,35.31802],[77.064039,35.317745],[77.064208,35.31763],[77.064448,35.317723],[77.064931,35.317975],[77.065254,35.318229],[77.065295,35.318248],[77.064974,35.318454],[77.064646,35.318695],[77.064318,35.318975],[77.063991,35.319294],[77.063711,35.319573],[77.063335,35.319814],[77.062959,35.320056],[77.062532,35.32022],[77.062106,35.320384],[77.061778,35.320625],[77.061547,35.320942],[77.061316,35.32126],[77.061183,35.321286],[77.060696,35.321295],[77.060254,35.321142],[77.05986,35.32095],[77.059559,35.320635],[77.059213,35.320402],[77.058961,35.320087],[77.05871,35.319772],[77.058606,35.319534],[77.058424,35.319382],[77.057946,35.318383],[77.058055,35.31837],[77.05794,35.318228],[77.058127,35.317906],[77.058448,35.317631],[77.058884,35.317534],[77.059324,35.317586],[77.059731,35.317789]],[[77.03774,35.329875],[77.03827,35.329953],[77.038799,35.329944],[77.039325,35.329848],[77.039957,35.329751],[77.040463,35.329659],[77.040796,35.329878],[77.041122,35.330133],[77.04119,35.330187],[77.041344,35.33021],[77.043526,35.331163],[77.043704,35.331396],[77.043967,35.331705],[77.044355,35.331908],[77.04468,35.332163],[77.045068,35.332366],[77.045455,35.332568],[77.045906,35.332718],[77.046293,35.33292],[77.046681,35.333122],[77.047133,35.333324],[77.047458,35.33358],[77.047783,35.333835],[77.048171,35.334038],[77.048496,35.334294],[77.048884,35.334496],[77.049335,35.334697],[77.049721,35.334899],[77.050571,35.335824],[77.051091,35.336026],[77.051479,35.336229],[77.051804,35.336485],[77.051622,35.336853],[77.05144,35.337222],[77.051063,35.337438],[77.05062,35.337602],[77.050243,35.337817],[77.049802,35.338034],[77.049361,35.33825],[77.048857,35.338468],[77.04841,35.338476],[77.04796,35.338326],[77.04771,35.33809],[77.046452,35.337691],[77.044791,35.33687],[77.044166,35.336032],[77.045564,35.336716],[77.046867,35.337047],[77.047254,35.335273],[77.04506,35.333825],[77.043209,35.3323],[77.03993,35.332285],[77.037847,35.331825],[77.036859,35.330286],[77.037012,35.330205],[77.036911,35.330048],[77.036709,35.329633],[77.0367,35.329267],[77.036728,35.329079],[77.036769,35.329111],[77.036989,35.329454],[77.037416,35.329621],[77.03774,35.329875]],[[77.043569,35.33972],[77.044629,35.340692],[77.04458,35.340713],[77.044642,35.340786],[77.044906,35.341148],[77.044659,35.341465],[77.044218,35.341682],[77.043777,35.341898],[77.043267,35.341907],[77.04282,35.341862],[77.042372,35.341818],[77.041923,35.341721],[77.041473,35.341572],[77.041023,35.341422],[77.040574,35.341326],[77.040125,35.341229],[77.039611,35.34108],[77.039411,35.340718],[77.039406,35.340516],[77.039402,35.340352],[77.039393,35.339987],[77.039256,35.339623],[77.038868,35.339421],[77.038543,35.339165],[77.038097,35.339173],[77.037653,35.339285],[77.037164,35.339293],[77.036694,35.339196],[77.036369,35.33894],[77.036296,35.338576],[77.03674,35.338464],[77.037186,35.338456],[77.037631,35.338397],[77.037884,35.338363],[77.038095,35.338256],[77.04041,35.337651],[77.041977,35.338191],[77.043569,35.33972]],[[77.078524,35.313519],[77.078422,35.313539],[77.078528,35.313257],[77.07856,35.313078],[77.07883,35.313118],[77.079264,35.313181],[77.07957,35.313176],[77.079559,35.313239],[77.079565,35.313498],[77.079527,35.313501],[77.079003,35.313549],[77.078524,35.313519]],[[77.060517,35.311086],[77.060793,35.311156],[77.061272,35.311278],[77.061637,35.311449],[77.061292,35.311408],[77.060852,35.311296],[77.060517,35.311086]],[[77.045692,35.311494],[77.04592,35.311849],[77.045951,35.311878],[77.045689,35.312102],[77.045641,35.311925],[77.045525,35.311493],[77.044994,35.311416],[77.044567,35.31125],[77.044138,35.310997],[77.043607,35.310919],[77.04381,35.310569],[77.044226,35.310302],[77.044752,35.310207],[77.044838,35.31017],[77.045008,35.31037],[77.045235,35.310725],[77.04539,35.311081],[77.045692,35.311494]],[[77.072535,35.333649],[77.072146,35.33342],[77.071994,35.33307],[77.07208,35.332677],[77.072507,35.332552],[77.072787,35.332273],[77.072969,35.331917],[77.073055,35.331562],[77.073045,35.331171],[77.07318,35.330816],[77.073411,35.330498],[77.073611,35.330847],[77.073621,35.331239],[77.073727,35.331629],[77.073879,35.331979],[77.074126,35.332289],[77.07456,35.332438],[77.075038,35.33243],[77.075318,35.332151],[77.075453,35.331796],[77.075395,35.331405],[77.075675,35.331126],[77.076016,35.331394],[77.076355,35.331471],[77.076505,35.331817],[77.076515,35.332209],[77.076429,35.332563],[77.076342,35.332917],[77.07616,35.333273],[77.07588,35.333552],[77.0756,35.333831],[77.075321,35.33411],[77.075041,35.334389],[77.074712,35.33463],[77.074284,35.334716],[77.073805,35.334685],[77.073464,35.334456],[77.073122,35.334187],[77.072829,35.333918],[77.072535,35.333649]],[[77.053747,35.309983],[77.053303,35.309751],[77.05286,35.30952],[77.05249,35.309287],[77.052046,35.309056],[77.051612,35.308945],[77.051794,35.308683],[77.051356,35.308478],[77.051324,35.308367],[77.051505,35.308401],[77.052026,35.308498],[77.052547,35.308596],[77.053068,35.308693],[77.053588,35.30879],[77.054236,35.308779],[77.054754,35.308771],[77.055402,35.30876],[77.055805,35.308753],[77.055833,35.308872],[77.055843,35.30929],[77.056071,35.309645],[77.056372,35.309998],[77.056526,35.310354],[77.056463,35.310714],[77.055954,35.310782],[77.055442,35.310731],[77.055001,35.310559],[77.05463,35.310326],[77.054188,35.310155],[77.053747,35.309983]],[[77.081998,35.330914],[77.081922,35.330863],[77.081867,35.330735],[77.082046,35.330345],[77.082732,35.329325],[77.083545,35.32825],[77.085005,35.327111],[77.085618,35.325775],[77.085808,35.32581],[77.086123,35.325641],[77.086299,35.325638],[77.086425,35.325834],[77.086829,35.326152],[77.087308,35.326273],[77.087632,35.326528],[77.087956,35.326782],[77.08828,35.327037],[77.088369,35.327425],[77.088379,35.327815],[77.08847,35.328268],[77.088321,35.328661],[77.088013,35.328991],[77.087883,35.329186],[77.087825,35.329226],[77.087525,35.329547],[77.087067,35.329681],[77.086602,35.329562],[77.086211,35.329317],[77.08575,35.329325],[77.085373,35.329647],[77.084993,35.329842],[77.084614,35.330038],[77.084234,35.330234],[77.083854,35.33043],[77.083474,35.330625],[77.083016,35.330759],[77.08256,35.330956],[77.082419,35.331107],[77.082269,35.331096],[77.081998,35.330914]],[[77.157581,35.312569],[77.157287,35.3123],[77.156944,35.311992],[77.15665,35.311723],[77.156215,35.311535],[77.155779,35.311347],[77.155604,35.311261],[77.15525,35.311239],[77.154818,35.311168],[77.154338,35.311098],[77.153813,35.311108],[77.153286,35.311078],[77.152808,35.311086],[77.152282,35.311096],[77.151803,35.311065],[77.151325,35.311074],[77.150847,35.311082],[77.150274,35.311092],[77.1497,35.311103],[77.149127,35.311113],[77.148786,35.310884],[77.148538,35.310535],[77.148433,35.310184],[77.14837,35.309973],[77.148282,35.309913],[77.148081,35.309524],[77.147976,35.309174],[77.147823,35.308824],[77.147671,35.308474],[77.147423,35.308164],[77.147318,35.307814],[77.146978,35.307584],[77.146545,35.307475],[77.146157,35.307286],[77.145679,35.307294],[77.145251,35.30738],[77.144825,35.307544],[77.144398,35.307669],[77.14392,35.307678],[77.143442,35.307686],[77.143014,35.307772],[77.142588,35.307937],[77.142358,35.308254],[77.142345,35.308309],[77.142147,35.308403],[77.141763,35.30861],[77.141429,35.308855],[77.141144,35.309139],[77.141107,35.309191],[77.140849,35.309065],[77.140413,35.308837],[77.140025,35.308648],[77.139592,35.308538],[77.139507,35.308932],[77.139517,35.309324],[77.139238,35.309603],[77.138805,35.309493],[77.138371,35.309383],[77.137889,35.309235],[77.137411,35.309243],[77.137387,35.309246],[77.137309,35.309065],[77.13707,35.308754],[77.136754,35.308445],[77.136515,35.308134],[77.136276,35.307823],[77.136112,35.307447],[77.135796,35.307137],[77.135335,35.307146],[77.134874,35.307154],[77.134336,35.307163],[77.133918,35.307285],[77.133273,35.306954],[77.133267,35.306714],[77.133656,35.306447],[77.133966,35.306182],[77.134442,35.306173],[77.134833,35.305972],[77.135062,35.305643],[77.134972,35.305254],[77.134649,35.305],[77.134168,35.304813],[77.134024,35.3047],[77.134176,35.304401],[77.134311,35.304046],[77.134348,35.303654],[77.134243,35.303303],[77.133948,35.302995],[77.133777,35.30288],[77.13361,35.302189],[77.133009,35.301819],[77.133014,35.301779],[77.132714,35.301505],[77.132367,35.301272],[77.132068,35.300998],[77.131769,35.300724],[77.131422,35.30049],[77.131123,35.300216],[77.130871,35.299901],[77.130717,35.299761],[77.130696,35.299624],[77.129993,35.298968],[77.129957,35.29896],[77.129888,35.298966],[77.129725,35.298633],[77.129588,35.298269],[77.129387,35.297907],[77.12925,35.297544],[77.129176,35.297127],[77.129165,35.296709],[77.129162,35.2966],[77.129299,35.296363],[77.129329,35.296284],[77.129584,35.296279],[77.13006,35.296232],[77.130488,35.296146],[77.130864,35.295865],[77.130997,35.29547],[77.130844,35.29512],[77.130597,35.294811],[77.130301,35.294464],[77.1301,35.294075],[77.129995,35.293725],[77.130081,35.29337],[77.1301,35.293332],[77.129889,35.293352],[77.129366,35.293439],[77.128889,35.293487],[77.128561,35.293574],[77.128414,35.293613],[77.128343,35.293632],[77.128352,35.293969],[77.128362,35.294367],[77.128178,35.294768],[77.127994,35.29517],[77.127714,35.295573],[77.127627,35.295973],[77.12754,35.296373],[77.127257,35.296696],[77.127073,35.297098],[77.12679,35.297421],[77.126606,35.297823],[77.126226,35.298148],[77.125943,35.298472],[77.125498,35.298627],[77.125271,35.29892],[77.124895,35.299188],[77.12452,35.299456],[77.124273,35.299774],[77.123963,35.300093],[77.1241,35.300456],[77.124363,35.300765],[77.124626,35.301074],[77.125014,35.301276],[77.125268,35.301272],[77.12527,35.301324],[77.125279,35.301689],[77.125289,35.302055],[77.125171,35.302423],[77.125053,35.302791],[77.125063,35.303156],[77.12487,35.30316],[77.124751,35.303141],[77.124679,35.303283],[77.124194,35.303372],[77.12375,35.303379],[77.123729,35.303337],[77.123656,35.302972],[77.123517,35.302556],[77.123379,35.302141],[77.123242,35.301777],[77.123041,35.301415],[77.122595,35.301423],[77.122155,35.30164],[77.12165,35.301858],[77.121207,35.30197],[77.12083,35.302186],[77.120453,35.302401],[77.12001,35.302514],[77.119633,35.302729],[77.119258,35.302997],[77.119011,35.303315],[77.118699,35.303582],[77.118389,35.303901],[77.118077,35.304167],[77.117832,35.304537],[77.118159,35.304845],[77.118731,35.304783],[77.119174,35.304671],[77.119619,35.304611],[77.120065,35.304603],[77.120511,35.304595],[77.121023,35.30469],[77.121537,35.304838],[77.121986,35.304935],[77.122386,35.304969],[77.122392,35.305199],[77.122409,35.305259],[77.122498,35.305557],[77.122702,35.305912],[77.123049,35.306146],[77.123397,35.306419],[77.123649,35.306734],[77.123862,35.307],[77.123901,35.307049],[77.124152,35.307364],[77.124356,35.307719],[77.124367,35.308118],[77.124377,35.308517],[77.124402,35.308708],[77.124338,35.308877],[77.124205,35.30923],[77.124283,35.30962],[77.124264,35.31137],[77.123836,35.312332],[77.123618,35.313874],[77.123453,35.314991],[77.123171,35.316587],[77.122773,35.316992],[77.122676,35.316633],[77.122279,35.316321],[77.121884,35.316089],[77.121396,35.316018],[77.121004,35.315898],[77.120997,35.315627],[77.120987,35.315229],[77.120879,35.314832],[77.120675,35.314438],[77.12047,35.314043],[77.12017,35.31373],[77.119683,35.313659],[77.119399,35.313982],[77.119116,35.314306],[77.119129,35.314783],[77.119139,35.315182],[77.119143,35.315341],[77.118949,35.315344],[77.118554,35.315112],[77.118255,35.314799],[77.117958,35.314625],[77.117955,35.314485],[77.117944,35.314087],[77.117934,35.313689],[77.117729,35.313294],[77.117525,35.3129],[77.117514,35.312502],[77.117504,35.312104],[77.117396,35.311707],[77.117366,35.311596],[77.117588,35.311592],[77.118073,35.311584],[77.118063,35.311186],[77.118148,35.310706],[77.118259,35.310412],[77.118294,35.310371],[77.118521,35.310482],[77.118949,35.310396],[77.119277,35.310155],[77.11941,35.309761],[77.119641,35.309443],[77.120017,35.309201],[77.120395,35.308999],[77.120723,35.308758],[77.121099,35.308516],[77.121379,35.308237],[77.121369,35.307845],[77.12098,35.307617],[77.120593,35.307428],[77.120205,35.307238],[77.120097,35.307201],[77.120088,35.306849],[77.120087,35.306819],[77.120499,35.306614],[77.12089,35.306412],[77.121281,35.30621],[77.12135,35.305819],[77.121027,35.305565],[77.120625,35.305377],[77.120146,35.305255],[77.119745,35.305067],[77.11927,35.305076],[77.118799,35.305279],[77.118713,35.305371],[77.118689,35.30536],[77.118201,35.305289],[77.117715,35.305297],[77.117232,35.305385],[77.11675,35.305553],[77.116467,35.305876],[77.115983,35.305965],[77.115603,35.30629],[77.11532,35.306613],[77.114746,35.306942],[77.114583,35.307128],[77.114521,35.307107],[77.11408,35.306995],[77.114059,35.306989],[77.113982,35.306997],[77.113514,35.307005],[77.113511,35.306908],[77.113693,35.306552],[77.114021,35.306311],[77.11435,35.30607],[77.114629,35.305791],[77.114859,35.305434],[77.114897,35.305042],[77.114464,35.304932],[77.113986,35.30494],[77.113507,35.304909],[77.113028,35.304878],[77.11255,35.304887],[77.112122,35.304973],[77.111695,35.305098],[77.111367,35.305339],[77.111038,35.305579],[77.110759,35.305859],[77.11043,35.3061],[77.1102,35.306456],[77.110116,35.306889],[77.109953,35.307359],[77.109796,35.307443],[77.109421,35.307724],[77.109044,35.307966],[77.10857,35.308131],[77.108144,35.308295],[77.107717,35.30842],[77.107285,35.308349],[77.107088,35.308169],[77.107515,35.307854],[77.108192,35.306842],[77.107992,35.306911],[77.107511,35.307079],[77.107029,35.307247],[77.10655,35.307494],[77.106066,35.307582],[77.105582,35.30767],[77.105099,35.307758],[77.104716,35.308004],[77.104433,35.308328],[77.104249,35.308729],[77.104218,35.308797],[77.104365,35.308758],[77.105162,35.308816],[77.105147,35.308857],[77.105109,35.309249],[77.105119,35.309641],[77.105082,35.310034],[77.105015,35.310232],[77.104949,35.310428],[77.104936,35.31059],[77.104863,35.310592],[77.104386,35.310535],[77.103909,35.310478],[77.10343,35.310357],[77.103106,35.310102],[77.103084,35.310051],[77.102723,35.310116],[77.102321,35.310375],[77.101919,35.310633],[77.101519,35.310975],[77.101323,35.311314],[77.101128,35.311652],[77.10083,35.311993],[77.100634,35.312331],[77.100543,35.312752],[77.1006,35.312964],[77.100663,35.312956],[77.100966,35.313194],[77.101443,35.313251],[77.101846,35.313504],[77.10215,35.313646],[77.102248,35.313692],[77.102267,35.313701],[77.10212,35.313848],[77.101792,35.314088],[77.101415,35.314291],[77.100891,35.314378],[77.100457,35.314229],[77.100405,35.314073],[77.100347,35.313682],[77.100241,35.313292],[77.100341,35.313178],[77.100283,35.313179],[77.099797,35.313188],[77.099316,35.313355],[77.098834,35.313523],[77.098452,35.313769],[77.098168,35.314092],[77.097885,35.314416],[77.097604,35.314819],[77.097466,35.314976],[77.098575,35.314957],[77.098772,35.314903],[77.099064,35.314824],[77.09904,35.31492],[77.099473,35.31503],[77.099906,35.315101],[77.100431,35.315092],[77.100819,35.315281],[77.100971,35.315631],[77.100934,35.316024],[77.100751,35.31638],[77.100665,35.316734],[77.100654,35.316753],[77.10041,35.316892],[77.099977,35.317099],[77.099621,35.317171],[77.09952,35.316832],[77.09951,35.31644],[77.099452,35.31605],[77.099019,35.315939],[77.098678,35.31571],[77.098246,35.315639],[77.097718,35.31557],[77.09739,35.315811],[77.097062,35.316091],[77.096881,35.316486],[77.096796,35.316879],[77.096806,35.317271],[77.096809,35.317394],[77.096722,35.317395],[77.096235,35.317404],[77.095798,35.317451],[77.095362,35.317539],[77.094926,35.317626],[77.094678,35.317722],[77.094527,35.317633],[77.094228,35.31732],[77.093833,35.317087],[77.093533,35.316774],[77.093233,35.31646],[77.092934,35.316147],[77.092881,35.315954],[77.092774,35.315938],[77.092284,35.315788],[77.091794,35.315637],[77.091754,35.315637],[77.091755,35.315689],[77.091766,35.316087],[77.091776,35.316486],[77.091883,35.316882],[77.091894,35.31728],[77.091511,35.317526],[77.091027,35.317614],[77.090541,35.317623],[77.090053,35.317551],[77.089468,35.317482],[77.089173,35.317487],[77.089376,35.317172],[77.089607,35.316855],[77.089935,35.316575],[77.090165,35.316257],[77.090012,35.315868],[77.089718,35.315599],[77.089471,35.315289],[77.089177,35.31502],[77.08879,35.314831],[77.088357,35.314721],[77.088028,35.314962],[77.087846,35.315317],[77.087604,35.315361],[77.08746,35.315248],[77.0869,35.315063],[77.086577,35.314808],[77.086253,35.314554],[77.085774,35.314432],[77.085295,35.31431],[77.084816,35.314189],[77.084415,35.314001],[77.084012,35.313748],[77.083688,35.313493],[77.083365,35.313239],[77.082962,35.312986],[77.082559,35.312733],[77.082156,35.31248],[77.082015,35.312425],[77.082004,35.311999],[77.081909,35.311645],[77.081898,35.31122],[77.082148,35.310861],[77.082487,35.310571],[77.082049,35.310366],[77.081614,35.310302],[77.081178,35.310168],[77.080738,35.309892],[77.080385,35.309614],[77.08003,35.309265],[77.079505,35.309061],[77.079071,35.308998],[77.078636,35.308934],[77.078202,35.308871],[77.077765,35.308737],[77.077156,35.308605],[77.07672,35.308471],[77.076284,35.308336],[77.075846,35.308131],[77.075407,35.307926],[77.074969,35.30772],[77.074533,35.307586],[77.074095,35.30738],[77.073657,35.307175],[77.073304,35.306897],[77.072866,35.306692],[77.072346,35.306701],[77.071919,35.306921],[77.071485,35.306857],[77.071132,35.30658],[77.07122,35.306179],[77.071209,35.305781],[77.071102,35.305384],[77.070995,35.304988],[77.07079,35.304593],[77.070683,35.304196],[77.070479,35.303801],[77.070179,35.303488],[77.069974,35.303093],[77.069675,35.302779],[77.069568,35.302383],[77.069557,35.301984],[77.069547,35.301586],[77.069537,35.301188],[77.06943,35.300791],[77.069225,35.300396],[77.069021,35.300002],[77.068719,35.299608],[77.068515,35.299213],[77.068408,35.298817],[77.068203,35.298422],[77.068193,35.298024],[77.068183,35.297625],[77.068133,35.297439],[77.069085,35.297274],[77.069149,35.297349],[77.069499,35.297702],[77.06975,35.298017],[77.070003,35.298372],[77.070255,35.298727],[77.070507,35.299042],[77.070904,35.299355],[77.071203,35.299629],[77.071502,35.299903],[77.07185,35.300177],[77.072198,35.30045],[77.072547,35.300763],[77.072846,35.301038],[77.073145,35.301312],[77.073495,35.301665],[77.073699,35.301879],[77.073848,35.302138],[77.073939,35.302267],[77.073846,35.302469],[77.073563,35.302792],[77.073181,35.303038],[77.072798,35.303283],[77.072318,35.303531],[77.072035,35.303854],[77.072045,35.304252],[77.072055,35.304651],[77.072357,35.305044],[77.072843,35.305036],[77.073329,35.305027],[77.073912,35.305017],[77.074397,35.305009],[77.07498,35.304999],[77.075464,35.304911],[77.075747,35.304587],[77.075931,35.304186],[77.075969,35.304104],[77.076384,35.30421],[77.076639,35.304298],[77.076881,35.304601],[77.077227,35.304834],[77.077528,35.305148],[77.077574,35.305213],[77.078592,35.305681],[77.079859,35.305754],[77.080081,35.305768],[77.080317,35.305699],[77.080753,35.305612],[77.081188,35.305485],[77.081672,35.305356],[77.081584,35.305717],[77.081348,35.306041],[77.081063,35.306325],[77.081025,35.306363],[77.081032,35.306621],[77.080975,35.306686],[77.08079,35.307048],[77.08075,35.307408],[77.080762,35.307847],[77.081013,35.308162],[77.081312,35.308436],[77.081447,35.308458],[77.082713,35.309382],[77.083934,35.309109],[77.084348,35.309102],[77.084782,35.308935],[77.084876,35.308899],[77.084947,35.308872],[77.085216,35.308768],[77.085551,35.308523],[77.085786,35.308199],[77.085874,35.307838],[77.085885,35.307736],[77.08592,35.307718],[77.086253,35.307433],[77.086538,35.307148],[77.086773,35.306825],[77.086818,35.306737],[77.087386,35.306727],[77.087561,35.306724],[77.087675,35.306627],[77.087958,35.306303],[77.088241,35.30598],[77.088425,35.305578],[77.088609,35.305177],[77.088696,35.304777],[77.088686,35.304379],[77.088676,35.303981],[77.088666,35.303583],[77.088752,35.303183],[77.088839,35.302783],[77.089023,35.302382],[77.08911,35.301982],[77.089197,35.301582],[77.089276,35.300864],[77.089268,35.300541],[77.089169,35.300483],[77.08882,35.300376],[77.088799,35.300235],[77.088645,35.300094],[77.088638,35.299807],[77.088884,35.299803],[77.089248,35.299797],[77.089245,35.299669],[77.089235,35.299271],[77.089225,35.298873],[77.089221,35.298748],[77.089149,35.298783],[77.088715,35.29891],[77.088568,35.298973],[77.088461,35.298614],[77.088161,35.298299],[77.087719,35.298147],[77.087602,35.298128],[77.087597,35.297913],[77.087659,35.297494],[77.087868,35.297132],[77.088225,35.296827],[77.088361,35.296466],[77.08835,35.296048],[77.088196,35.295693],[77.087895,35.295339],[77.087608,35.295069],[77.087574,35.29499],[77.086684,35.294337],[77.086406,35.294418],[77.085969,35.294466],[77.08553,35.294433],[77.085088,35.294281],[77.084836,35.293966],[77.084681,35.29361],[77.084671,35.293211],[77.08471,35.292851],[77.084736,35.292832],[77.085274,35.292822],[77.085733,35.292751],[77.086113,35.292556],[77.086335,35.292237],[77.086326,35.291858],[77.086239,35.291482],[77.085999,35.291107],[77.085912,35.290731],[77.085747,35.290292],[77.085659,35.289852],[77.085494,35.289414],[77.085446,35.289339],[77.085794,35.289153],[77.085725,35.289044],[77.08551,35.288629],[77.085297,35.288298],[77.085084,35.287966],[77.084871,35.287635],[77.084758,35.287218],[77.084545,35.286886],[77.084333,35.286555],[77.08412,35.286223],[77.084007,35.285806],[77.083794,35.285475],[77.083579,35.28506],[77.083466,35.284643],[77.083353,35.284226],[77.083138,35.28381],[77.082925,35.283479],[77.08281,35.282978],[77.082595,35.282563],[77.082482,35.282146],[77.082472,35.281727],[77.082461,35.281308],[77.082348,35.280891],[77.082235,35.280474],[77.082122,35.280057],[77.081907,35.279642],[77.081694,35.279311],[77.081482,35.278979],[77.081369,35.278562],[77.081174,35.278259],[77.081084,35.278624],[77.081045,35.278984],[77.081005,35.279344],[77.081016,35.279743],[77.080929,35.280143],[77.081052,35.280748],[77.08112,35.280952],[77.080813,35.280792],[77.080572,35.280418],[77.080486,35.280041],[77.080399,35.279664],[77.080313,35.279287],[77.08038,35.278908],[77.080447,35.278528],[77.080591,35.278147],[77.080581,35.277769],[77.080572,35.277391],[77.080408,35.277016],[77.08017,35.276704],[77.080006,35.276329],[77.079768,35.276018],[77.079375,35.275709],[77.078909,35.275528],[77.07882,35.275302],[77.078702,35.274946],[77.078315,35.274773],[77.077928,35.2746],[77.07749,35.274563],[77.076997,35.274527],[77.076927,35.274528],[77.076644,35.27439],[77.076249,35.274157],[77.076078,35.274],[77.075844,35.273944],[77.075826,35.273919],[77.075805,35.273925],[77.075368,35.273972],[77.074927,35.27386],[77.074869,35.273502],[77.074957,35.273141],[77.075193,35.272818],[77.075377,35.272416],[77.075417,35.272056],[77.074978,35.272023],[77.074491,35.272032],[77.074317,35.272035],[77.07341,35.272342],[77.072526,35.273153],[77.072567,35.273805],[77.07259,35.27382],[77.072938,35.274094],[77.07319,35.274449],[77.073442,35.274804],[77.073694,35.275119],[77.073994,35.275433],[77.073607,35.275555],[77.073321,35.275948],[77.073625,35.276282],[77.073987,35.276566],[77.074405,35.276753],[77.074533,35.277138],[77.074425,35.277528],[77.074198,35.277871],[77.073912,35.278263],[77.073745,35.278654],[77.073814,35.27904],[77.07392,35.279395],[77.073261,35.279186],[77.072786,35.278293],[77.072181,35.277402],[77.07164,35.276456],[77.070298,35.27457],[77.070674,35.274086],[77.070322,35.272978],[77.069344,35.272677],[77.06856,35.272372],[77.0677,35.271602],[77.066565,35.270189],[77.066409,35.269131],[77.066569,35.267802],[77.06752,35.267043],[77.069614,35.265469],[77.07088,35.264387],[77.072594,35.263138],[77.073807,35.262533],[77.076224,35.260954],[77.078453,35.25959],[77.080569,35.258917],[77.081921,35.258681],[77.083676,35.259022],[77.084659,35.259536],[77.085643,35.260102],[77.086367,35.260567],[77.087933,35.261124],[77.089692,35.261624],[77.091638,35.261855],[77.094028,35.261761],[77.096411,35.261383],[77.098462,35.260688],[77.100628,35.25999],[77.102452,35.259393],[77.104147,35.258232],[77.105609,35.256981],[77.106841,35.255733],[77.109188,35.253147],[77.110405,35.251334],[77.1122,35.249605],[77.114578,35.248244],[77.117656,35.247247],[77.120753,35.247004],[77.124087,35.24704],[77.12834,35.247059],[77.131095,35.246917],[77.134309,35.246766],[77.137988,35.246795],[77.142469,35.246716],[77.147289,35.246442],[77.153483,35.245954],[77.155403,35.245822],[77.157687,35.247074],[77.15868,35.248753],[77.160038,35.251204],[77.160949,35.253027],[77.162908,35.255396],[77.165126,35.257761],[77.167322,35.259277],[77.170543,35.260421],[77.173334,35.261644],[77.173974,35.262976],[77.174092,35.264176],[77.174544,35.264946],[77.175585,35.26521],[77.176618,35.265121],[77.178517,35.265228],[77.180142,35.264704],[77.182145,35.265446],[77.183732,35.266761],[77.185252,35.268784],[77.185826,35.270895],[77.186916,35.272926],[77.187241,35.275395],[77.187127,35.27759],[77.186866,35.280706],[77.186044,35.282206],[77.185576,35.284053],[77.185618,35.285608],[77.184254,35.286198],[77.183788,35.288116],[77.183774,35.290804],[77.183047,35.292655],[77.182411,35.294647],[77.182175,35.2955],[77.181589,35.296177],[77.180136,35.296243],[77.178514,35.295477],[77.176767,35.295468],[77.176634,35.295653],[77.176523,35.295655],[77.176086,35.295703],[77.175702,35.29591],[77.175467,35.296233],[77.175331,35.296595],[77.175243,35.296956],[77.175155,35.297317],[77.175116,35.297676],[77.17498,35.298038],[77.174892,35.298399],[77.174853,35.298759],[77.175009,35.299115],[77.175273,35.299244],[77.175271,35.299393],[77.176257,35.299972],[77.177735,35.300821],[77.178344,35.301804],[77.178182,35.303001],[77.17777,35.303923],[77.177062,35.305775],[77.176891,35.305747],[77.176496,35.305554],[77.176149,35.305321],[77.1761,35.305322],[77.175278,35.305536],[77.175043,35.30586],[77.175054,35.306259],[77.175065,35.306658],[77.175075,35.307057],[77.175086,35.307456],[77.175097,35.307855],[77.175107,35.308254],[77.175118,35.308653],[77.175079,35.309013],[77.17509,35.309411],[77.175051,35.309771],[77.174995,35.31],[77.174719,35.310097],[77.174236,35.310265],[77.173852,35.310472],[77.173419,35.310679],[77.173035,35.310885],[77.172602,35.311053],[77.172219,35.311299],[77.171936,35.311663],[77.1718,35.312025],[77.171811,35.312424],[77.172015,35.31278],[77.172314,35.313054],[77.172661,35.313287],[77.173009,35.31352],[77.173213,35.313876],[77.173224,35.314275],[77.173038,35.314637],[77.172754,35.314922],[77.172546,35.31513],[77.172324,35.315249],[77.17194,35.315455],[77.171557,35.315701],[77.171173,35.315908],[77.17079,35.316154],[77.170356,35.316322],[77.170072,35.316606],[77.170034,35.317006],[77.170045,35.317405],[77.170103,35.317763],[77.17021,35.318121],[77.170317,35.318478],[77.170426,35.318915],[77.170534,35.319312],[77.170642,35.319709],[77.170749,35.320067],[77.170856,35.320424],[77.170963,35.320781],[77.171168,35.321177],[77.171325,35.321573],[77.171481,35.321969],[77.171637,35.322326],[77.171768,35.322554],[77.171768,35.322647],[77.17142,35.323321],[77.170433,35.322575],[77.16878,35.321279],[77.167468,35.320613],[77.165034,35.319119],[77.163574,35.317766],[77.162369,35.316249],[77.16205,35.315293],[77.161666,35.315161],[77.161231,35.314973],[77.160983,35.314664],[77.160688,35.314355],[77.160488,35.314006],[77.160241,35.313697],[77.159946,35.313428],[77.159267,35.313048],[77.158834,35.312939],[77.158402,35.312868],[77.157968,35.312758],[77.157581,35.312569]],[[77.047486,35.267188],[77.047331,35.267159],[77.0471,35.266947],[77.046972,35.266562],[77.046962,35.266174],[77.04678,35.266002],[77.046958,35.265981],[77.04743,35.265973],[77.047847,35.266111],[77.048207,35.266347],[77.04851,35.266633],[77.048935,35.26711],[77.049015,35.267162],[77.047486,35.267188]],[[77.103219,35.3114],[77.103695,35.311392],[77.10417,35.311384],[77.104727,35.311439],[77.104804,35.311459],[77.104563,35.311791],[77.104328,35.312114],[77.104177,35.312349],[77.103954,35.312232],[77.103475,35.312111],[77.103,35.312119],[77.102443,35.312064],[77.102275,35.311677],[77.102745,35.311473],[77.103219,35.3114]],[[77.07849,35.329],[77.078011,35.328969],[77.07767,35.32874],[77.077423,35.32843],[77.077129,35.328161],[77.076741,35.327933],[77.0764,35.327703],[77.07611,35.327443],[77.07639,35.327405],[77.076457,35.327026],[77.076601,35.326645],[77.076979,35.326386],[77.077446,35.326567],[77.077835,35.32675],[77.078074,35.327061],[77.078617,35.327241],[77.078739,35.327281],[77.07898,35.32762],[77.078943,35.328012],[77.078954,35.328443],[77.07896,35.328705],[77.078867,35.328798],[77.07849,35.329]],[[77.117886,35.328822],[77.118251,35.328816],[77.118042,35.329148],[77.118088,35.329536],[77.118126,35.329871],[77.117798,35.329993],[77.117325,35.330099],[77.116903,35.329912],[77.116834,35.329523],[77.117003,35.329179],[77.117474,35.328975],[77.117886,35.328822]],[[77.021511,35.359465],[77.021648,35.359829],[77.021784,35.360192],[77.021857,35.360557],[77.021351,35.360722],[77.020903,35.360678],[77.020514,35.360423],[77.020249,35.360009],[77.020112,35.359646],[77.019848,35.359284],[77.019763,35.359246],[77.019816,35.359174],[77.020101,35.35889],[77.020436,35.358645],[77.020752,35.358476],[77.020786,35.358537],[77.021049,35.358846],[77.021374,35.359102],[77.021511,35.359465]],[[77.071324,35.329319],[77.071391,35.329372],[77.071296,35.329669],[77.071228,35.330125],[77.07124,35.330579],[77.07125,35.330969],[77.071496,35.33129],[77.071506,35.33168],[77.071511,35.331877],[77.071248,35.331946],[77.070862,35.331953],[77.07034,35.331359],[77.069241,35.329707],[77.069428,35.329515],[77.069838,35.329265],[77.070188,35.329015],[77.070119,35.328626],[77.069754,35.32834],[77.069392,35.328102],[77.069621,35.327757],[77.069971,35.327507],[77.070381,35.327257],[77.070634,35.327041],[77.070789,35.327094],[77.070799,35.327486],[77.070809,35.327878],[77.070819,35.328269],[77.070878,35.3287],[77.07103,35.32905],[77.071324,35.329319]],[[77.036882,35.359364],[77.036599,35.359436],[77.036624,35.359264],[77.03638,35.358977],[77.036742,35.358896],[77.037189,35.358889],[77.037638,35.358986],[77.038026,35.359188],[77.03829,35.359549],[77.038618,35.35991],[77.038946,35.36027],[77.03905,35.360384],[77.03882,35.360324],[77.038369,35.360175],[77.03792,35.360078],[77.037533,35.359876],[77.037145,35.359673],[77.036882,35.359364]],[[77.028747,35.363107],[77.0283,35.363114],[77.02779,35.363123],[77.027344,35.36313],[77.026956,35.362928],[77.026947,35.362562],[77.027324,35.362347],[77.027635,35.362028],[77.027694,35.361818],[77.028205,35.361862],[77.028779,35.361852],[77.029225,35.361844],[77.02967,35.361785],[77.030117,35.361777],[77.030563,35.36177],[77.031008,35.36171],[77.031518,35.361701],[77.031965,35.361694],[77.032411,35.361686],[77.032921,35.361678],[77.033399,35.36167],[77.033305,35.361724],[77.032862,35.361888],[77.03242,35.362052],[77.031976,35.362164],[77.031533,35.362276],[77.031025,35.362389],[77.030583,35.362553],[77.03014,35.362717],[77.029634,35.362883],[77.02919,35.362995],[77.028747,35.363107]],[[77.080283,35.320089],[77.080173,35.320035],[77.079879,35.319766],[77.079727,35.319416],[77.079479,35.319067],[77.07909,35.318839],[77.07875,35.31861],[77.078362,35.31842],[77.077928,35.318271],[77.077495,35.318161],[77.077157,35.318045],[77.07715,35.317775],[77.077093,35.317384],[77.076892,35.317035],[77.076645,35.316725],[77.076474,35.316667],[77.076465,35.316282],[77.076692,35.315888],[77.077161,35.31562],[77.077542,35.315456],[77.077668,35.315571],[77.078104,35.315799],[77.078493,35.316067],[77.078835,35.316335],[77.07913,35.316643],[77.079378,35.316992],[77.079578,35.317341],[77.079485,35.31746],[77.079399,35.317815],[77.079646,35.318124],[77.07994,35.318393],[77.080327,35.318583],[77.080704,35.318819],[77.080652,35.318957],[77.080673,35.319086],[77.080701,35.319261],[77.080753,35.319336],[77.080283,35.320089]],[[77.068683,35.318794],[77.068665,35.318783],[77.068324,35.318553],[77.067937,35.318364],[77.067547,35.318096],[77.067206,35.317828],[77.06702,35.317831],[77.067219,35.317546],[77.067449,35.317217],[77.067498,35.317146],[77.067719,35.317349],[77.068155,35.317537],[77.068588,35.317647],[77.069066,35.317639],[77.069521,35.317631],[77.069525,35.317766],[77.069771,35.318087],[77.069939,35.318474],[77.069974,35.318519],[77.069901,35.318526],[77.069473,35.318612],[77.069045,35.318698],[77.068683,35.318794]],[[77.063572,35.280577],[77.064746,35.282658],[77.064854,35.283772],[77.064915,35.283956],[77.06467,35.284096],[77.064603,35.284475],[77.064459,35.284856],[77.064081,35.285115],[77.063618,35.285059],[77.063229,35.284877],[77.062838,35.284631],[77.062447,35.284386],[77.061986,35.284394],[77.062225,35.284705],[77.06254,35.285015],[77.062779,35.285326],[77.06317,35.285572],[77.06356,35.285817],[77.063724,35.286193],[77.063887,35.286568],[77.06382,35.286948],[77.063676,35.287329],[77.063453,35.287648],[77.06323,35.287967],[77.063103,35.288149],[77.062827,35.288433],[77.062359,35.288635],[77.061885,35.288595],[77.061406,35.288312],[77.060874,35.288321],[77.060527,35.288618],[77.060655,35.289003],[77.061015,35.289239],[77.061378,35.289572],[77.06156,35.289945],[77.061447,35.289959],[77.060978,35.290112],[77.060452,35.290315],[77.060104,35.290563],[77.059817,35.290907],[77.059649,35.291297],[77.059541,35.291687],[77.059372,35.292029],[77.059205,35.292419],[77.059098,35.292857],[77.058932,35.293296],[77.058824,35.293685],[77.058715,35.294075],[77.058607,35.294464],[77.058499,35.294854],[77.05839,35.295243],[77.058371,35.295393],[77.0581,35.295287],[77.057511,35.295058],[77.057069,35.294886],[77.056628,35.294715],[77.056185,35.294483],[77.055814,35.294251],[77.055371,35.294019],[77.055001,35.293786],[77.054559,35.293615],[77.05426,35.293321],[77.053889,35.293029],[77.053806,35.292947],[77.053745,35.292742],[77.053639,35.292385],[77.053244,35.292192],[77.052758,35.2922],[77.052585,35.292246],[77.052015,35.292132],[77.050811,35.292021],[77.051585,35.290957],[77.052765,35.290149],[77.054109,35.28947],[77.05466,35.289067],[77.054714,35.289049],[77.054959,35.28877],[77.055294,35.288525],[77.055578,35.288241],[77.055777,35.288095],[77.055913,35.287995],[77.056197,35.287671],[77.056528,35.287306],[77.056764,35.286983],[77.056852,35.286622],[77.056939,35.286222],[77.057124,35.285819],[77.057229,35.285675],[77.057258,35.285635],[77.057359,35.285496],[77.057594,35.285173],[77.057829,35.284849],[77.057966,35.284488],[77.058103,35.284126],[77.058289,35.283764],[77.058377,35.283403],[77.058514,35.283042],[77.058563,35.282839],[77.057907,35.28133],[77.057144,35.279636],[77.057209,35.279071],[77.057025,35.278649],[77.056839,35.278313],[77.056829,35.277925],[77.056997,35.277535],[77.057224,35.277192],[77.057512,35.276896],[77.057859,35.2766],[77.058206,35.276303],[77.058434,35.27596],[77.05872,35.275616],[77.059193,35.275608],[77.059668,35.275697],[77.060085,35.275835],[77.060504,35.27607],[77.060865,35.276306],[77.06111,35.276641],[77.061295,35.276977],[77.061481,35.277313],[77.061667,35.277649],[77.061853,35.277985],[77.061981,35.27837],[77.062064,35.278621],[77.062249,35.278893],[77.063572,35.280577]],[[77.029343,35.366546],[77.029288,35.366912],[77.029545,35.367046],[77.029507,35.367095],[77.029123,35.367422],[77.028738,35.367642],[77.028352,35.367862],[77.027966,35.368082],[77.027912,35.367981],[77.027711,35.367618],[77.027638,35.367254],[77.027438,35.366891],[77.027301,35.366528],[77.027037,35.366166],[77.0269,35.365803],[77.026637,35.365494],[77.026374,35.365184],[77.026754,35.365074],[77.027197,35.364909],[77.027642,35.36485],[77.028086,35.364738],[77.028532,35.36473],[77.028978,35.364723],[77.029304,35.364979],[77.029378,35.365395],[77.029387,35.365761],[77.029396,35.366127],[77.029343,35.366546]],[[77.046863,35.290805],[77.046179,35.289275],[77.045785,35.289042],[77.045303,35.28921],[77.044921,35.289455],[77.044563,35.289761],[77.044425,35.289621],[77.04455,35.28824],[77.04508,35.287049],[77.045378,35.286125],[77.045213,35.284916],[77.045189,35.284905],[77.044828,35.284669],[77.044643,35.284333],[77.044692,35.283945],[77.04492,35.283602],[77.045329,35.28345],[77.045802,35.283442],[77.045887,35.283449],[77.046275,35.283482],[77.046746,35.283377],[77.047153,35.283128],[77.04762,35.282926],[77.048089,35.282773],[77.048499,35.282621],[77.048969,35.282516],[77.049379,35.282364],[77.049727,35.282115],[77.050134,35.281866],[77.050721,35.281711],[77.050747,35.281704],[77.051036,35.281893],[77.051936,35.282666],[77.051967,35.283913],[77.051452,35.285694],[77.050358,35.286763],[77.049431,35.288092],[77.047402,35.290227],[77.046863,35.290805]],[[76.903034,35.50175],[76.903112,35.501662],[76.903321,35.501425],[76.903399,35.501255],[76.903507,35.501022],[76.903595,35.50062],[76.903893,35.500608],[76.904407,35.5006],[76.904919,35.500522],[76.905343,35.500375],[76.905857,35.500367],[76.906372,35.500429],[76.906805,35.500632],[76.907236,35.500765],[76.907669,35.500968],[76.908102,35.501171],[76.908451,35.501446],[76.908546,35.501864],[76.908726,35.502212],[76.908893,35.502536],[76.908705,35.502539],[76.908251,35.502639],[76.907794,35.502647],[76.907342,35.50284],[76.906886,35.502848],[76.906434,35.503041],[76.905979,35.503142],[76.905527,35.503336],[76.905073,35.503436],[76.904623,35.503724],[76.904062,35.504106],[76.903493,35.504208],[76.903034,35.504122],[76.902576,35.504036],[76.902117,35.50395],[76.901874,35.503914],[76.901939,35.503873],[76.902102,35.503768],[76.902388,35.503443],[76.902477,35.503041],[76.90258,35.502772],[76.902661,35.502558],[76.902848,35.502154],[76.903034,35.50175]],[[76.988091,35.31699],[76.988198,35.317386],[76.988592,35.317619],[76.989082,35.31777],[76.989477,35.318003],[76.98996,35.317915],[76.990446,35.317907],[76.990932,35.317899],[76.991416,35.317811],[76.9919,35.317724],[76.992578,35.317633],[76.993161,35.317623],[76.993642,35.317456],[76.993687,35.317439],[76.993982,35.317584],[76.994331,35.317898],[76.994427,35.318143],[76.994331,35.318185],[76.993973,35.31843],[76.99362,35.318561],[76.993028,35.318565],[76.992592,35.318632],[76.992009,35.318641],[76.991499,35.31865],[76.99106,35.318597],[76.99055,35.318606],[76.99004,35.318614],[76.989606,35.318741],[76.989171,35.318867],[76.988813,35.319112],[76.988307,35.3193],[76.987797,35.319308],[76.987286,35.319317],[76.986718,35.319326],[76.986764,35.31914],[76.986853,35.318779],[76.987038,35.318417],[76.987176,35.318055],[76.987312,35.317654],[76.987448,35.317253],[76.987634,35.31689],[76.988068,35.316723],[76.98815,35.316722],[76.988091,35.31699]],[[77.01443,35.388288],[77.014882,35.388174],[77.015333,35.388007],[77.015717,35.387788],[77.016169,35.387674],[77.01662,35.387507],[77.017071,35.38734],[77.017168,35.387338],[77.017264,35.387283],[77.017327,35.387275],[77.017683,35.387626],[77.018113,35.387828],[77.01846,35.388101],[77.018808,35.388374],[77.019236,35.388506],[77.019667,35.388708],[77.020087,35.388492],[77.020248,35.388141],[77.020495,35.387788],[77.020654,35.387367],[77.020814,35.386947],[77.020811,35.386832],[77.020956,35.386796],[77.021136,35.386729],[77.021407,35.386628],[77.021659,35.386305],[77.021652,35.386015],[77.02165,35.385932],[77.021641,35.385885],[77.022034,35.385878],[77.02252,35.38587],[77.02259,35.385869],[77.022764,35.386205],[77.023091,35.386461],[77.023626,35.38654],[77.024056,35.386707],[77.024489,35.386962],[77.025029,35.387215],[77.025459,35.387382],[77.025794,35.387431],[77.025799,35.387621],[77.025903,35.387972],[77.026008,35.388323],[77.02616,35.388673],[77.026312,35.389023],[77.026654,35.389292],[77.02709,35.38948],[77.027572,35.389629],[77.028004,35.38959],[77.028346,35.389791],[77.028433,35.389881],[77.028871,35.389976],[77.029329,35.390128],[77.029787,35.390226],[77.030246,35.390378],[77.030702,35.390424],[77.031158,35.390469],[77.031614,35.390515],[77.032135,35.390559],[77.032592,35.390658],[77.033047,35.390651],[77.033118,35.390664],[77.033838,35.3906],[77.038196,35.390275],[77.038237,35.390297],[77.038323,35.390325],[77.038414,35.390661],[77.038756,35.39093],[77.039144,35.391119],[77.039572,35.391034],[77.039647,35.391033],[77.039818,35.391122],[77.040277,35.391274],[77.040734,35.391372],[77.04119,35.391418],[77.041258,35.391432],[77.041741,35.391624],[77.042177,35.391852],[77.042565,35.392041],[77.042953,35.392231],[77.043379,35.392067],[77.043757,35.391865],[77.044184,35.391701],[77.044609,35.391497],[77.044702,35.39145],[77.045024,35.391406],[77.045476,35.391292],[77.045927,35.391125],[77.046376,35.390904],[77.046826,35.390684],[77.04695,35.390613],[77.047909,35.390362],[77.052369,35.389155],[77.055636,35.388604],[77.059147,35.387766],[77.062609,35.388061],[77.066008,35.389276],[77.069944,35.391047],[77.07247,35.393769],[77.073347,35.398029],[77.073117,35.40105],[77.073067,35.405074],[77.074215,35.407946],[77.075341,35.409938],[77.077097,35.412548],[77.078053,35.413458],[77.078063,35.413846],[77.078073,35.414245],[77.078034,35.414605],[77.077994,35.414965],[77.077907,35.415365],[77.077771,35.415767],[77.077634,35.416128],[77.077546,35.416489],[77.077846,35.416763],[77.078333,35.416755],[77.078425,35.416745],[77.079803,35.41728],[77.079561,35.417921],[77.078379,35.418266],[77.078323,35.418272],[77.077836,35.41828],[77.077699,35.418642],[77.078141,35.418794],[77.078583,35.418906],[77.079024,35.418978],[77.079513,35.41905],[77.079953,35.419082],[77.080442,35.419153],[77.080817,35.419248],[77.081161,35.419696],[77.081306,35.420277],[77.079762,35.420728],[77.079281,35.422168],[77.078534,35.423348],[77.077056,35.423851],[77.075959,35.424029],[77.075444,35.424144],[77.074598,35.423999],[77.07424,35.422679],[77.07337,35.421581],[77.072167,35.420169],[77.070033,35.41899],[77.069444,35.418413],[77.066665,35.417824],[77.064306,35.416803],[77.063662,35.415259],[77.062648,35.414185],[77.062531,35.41312],[77.061567,35.411439],[77.061143,35.408335],[77.058605,35.403664],[77.057593,35.400098],[77.057569,35.399154],[77.057435,35.398965],[77.057183,35.39865],[77.057118,35.39856],[77.057284,35.398488],[77.057927,35.398265],[77.058443,35.39815],[77.058827,35.397931],[77.05921,35.397712],[77.059594,35.397493],[77.059845,35.39717],[77.059964,35.396743],[77.059953,35.396318],[77.059943,35.395893],[77.059675,35.395579],[77.059535,35.395157],[77.058884,35.395061],[77.058865,35.395052],[77.059005,35.394858],[77.05914,35.394503],[77.05894,35.394154],[77.058505,35.394005],[77.05807,35.393816],[77.057591,35.393824],[77.057114,35.393872],[77.056687,35.394036],[77.05631,35.394277],[77.055883,35.394402],[77.055455,35.394527],[77.055028,35.394652],[77.054502,35.3947],[77.054024,35.394708],[77.053545,35.394716],[77.053067,35.394724],[77.052588,35.394693],[77.052108,35.394662],[77.05163,35.39467],[77.051318,35.394878],[77.051005,35.394563],[77.050526,35.394572],[77.050092,35.394422],[77.049658,35.394312],[77.049224,35.394163],[77.048789,35.394013],[77.04831,35.393982],[77.047782,35.393913],[77.047302,35.393882],[77.04687,35.393811],[77.046391,35.393819],[77.045915,35.393905],[77.045486,35.393991],[77.045009,35.394038],[77.044434,35.394009],[77.043907,35.394018],[77.043428,35.393986],[77.042949,35.393995],[77.042471,35.394003],[77.041945,35.394012],[77.041512,35.39394],[77.041034,35.393949],[77.040601,35.393877],[77.040123,35.393886],[77.039596,35.393855],[77.039068,35.393825],[77.03904,35.393825],[77.038917,35.393514],[77.038482,35.393365],[77.038049,35.393254],[77.037615,35.393144],[77.03718,35.392955],[77.036792,35.392766],[77.036451,35.392537],[77.036156,35.392228],[77.035723,35.392118],[77.035295,35.392243],[77.03477,35.392291],[77.03415,35.392379],[77.033673,35.392466],[77.033196,35.392513],[77.032718,35.392521],[77.032285,35.39245],[77.031852,35.39234],[77.031418,35.392229],[77.030986,35.392158],[77.030552,35.392048],[77.030118,35.391938],[77.029685,35.391828],[77.029249,35.391639],[77.028862,35.391449],[77.02852,35.391181],[77.028179,35.390951],[77.027792,35.390762],[77.027403,35.390533],[77.02692,35.390345],[77.026485,35.390196],[77.026005,35.390126],[77.025528,35.390212],[77.025101,35.390337],[77.024821,35.390616],[77.02454,35.390895],[77.024212,35.391175],[77.023733,35.391144],[77.023299,35.391033],[77.022911,35.390805],[77.022664,35.390495],[77.022229,35.390346],[77.021935,35.390076],[77.021594,35.389808],[77.021161,35.389737],[77.020683,35.389745],[77.020204,35.389753],[77.019779,35.389956],[77.019741,35.390348],[77.020081,35.390578],[77.020515,35.390688],[77.02095,35.390877],[77.021386,35.391065],[77.021633,35.391375],[77.021595,35.391767],[77.021315,35.392046],[77.020986,35.392287],[77.020559,35.392451],[77.020132,35.392615],[77.019705,35.392739],[77.019178,35.392748],[77.018746,35.392677],[77.018312,35.392567],[77.01788,35.392496],[77.017402,35.392543],[77.016976,35.392707],[77.016793,35.393062],[77.016659,35.393457],[77.016477,35.393812],[77.016342,35.394167],[77.016255,35.394522],[77.016169,35.394915],[77.016034,35.39527],[77.016087,35.395625],[77.016043,35.395623],[77.015714,35.395863],[77.015434,35.396142],[77.015396,35.396535],[77.015549,35.396696],[77.0152,35.396701],[77.014714,35.396709],[77.014232,35.396877],[77.013851,35.397202],[77.013666,35.397603],[77.013676,35.398002],[77.013588,35.398402],[77.013305,35.398725],[77.012727,35.398974],[77.012242,35.399061],[77.011663,35.39923],[77.011361,35.399424],[77.011026,35.399429],[77.010593,35.399358],[77.01026,35.399391],[77.01025,35.399353],[77.010143,35.398957],[77.00965,35.398726],[77.009162,35.398654],[77.008676,35.398662],[77.008189,35.398671],[77.00761,35.39884],[77.007125,35.398927],[77.006742,35.399173],[77.006261,35.39942],[77.005779,35.399587],[77.005742,35.399594],[77.005856,35.399437],[77.005991,35.399082],[77.005934,35.398691],[77.005781,35.398341],[77.00558,35.397952],[77.00538,35.397603],[77.005132,35.397254],[77.004997,35.397609],[77.004766,35.397927],[77.004333,35.397855],[77.004039,35.397586],[77.003652,35.397396],[77.003324,35.397676],[77.002995,35.397917],[77.002607,35.397727],[77.00236,35.397418],[77.001879,35.397308],[77.001452,35.397472],[77.001025,35.397636],[77.000598,35.3978],[77.000269,35.39804],[77.000087,35.398396],[77.000001,35.39879],[76.99977,35.399146],[76.999743,35.399151],[76.999637,35.399131],[76.999155,35.399139],[76.998956,35.399142],[76.99847,35.399151],[76.997983,35.399159],[76.99766,35.399164],[76.997302,35.39917],[76.996723,35.399339],[76.996439,35.399662],[76.996155,35.399986],[76.996163,35.400304],[76.995677,35.400115],[76.995165,35.400019],[76.994718,35.400027],[76.994208,35.400035],[76.993699,35.400096],[76.993254,35.400207],[76.992809,35.400267],[76.992455,35.400356],[76.992069,35.400053],[76.99177,35.399739],[76.99147,35.399426],[76.991075,35.399193],[76.99068,35.39896],[76.99019,35.398809],[76.989699,35.398658],[76.989304,35.398425],[76.988812,35.398194],[76.988322,35.398043],[76.987835,35.398051],[76.98804,35.398446],[76.988437,35.398758],[76.988736,35.399072],[76.989131,35.399305],[76.989431,35.399618],[76.989635,35.400014],[76.989935,35.400327],[76.99033,35.40056],[76.989947,35.400805],[76.989563,35.401051],[76.989081,35.401218],[76.988698,35.401463],[76.988414,35.401787],[76.98813,35.40211],[76.987945,35.402511],[76.98776,35.402913],[76.98777,35.403311],[76.98778,35.403709],[76.987887,35.404106],[76.987897,35.404504],[76.987956,35.404726],[76.987811,35.404728],[76.987322,35.404736],[76.986735,35.404746],[76.986148,35.404756],[76.985659,35.404764],[76.98561,35.404764],[76.985524,35.404786],[76.98514,35.405005],[76.984755,35.405224],[76.984306,35.405445],[76.983856,35.405665],[76.983341,35.405886],[76.983074,35.405571],[76.982935,35.405201],[76.98286,35.40483],[76.982852,35.404475],[76.981822,35.401107],[76.981917,35.397923],[76.985295,35.394826],[76.988208,35.393859],[76.988392,35.393848],[76.988738,35.393889],[76.989337,35.394019],[76.989932,35.394009],[76.990443,35.394],[76.990955,35.394062],[76.991468,35.394193],[76.991897,35.394325],[76.992494,35.394385],[76.993005,35.394376],[76.993517,35.394438],[76.994112,35.394428],[76.994622,35.394419],[76.995219,35.394479],[76.99573,35.394471],[76.99624,35.394462],[76.99675,35.394454],[76.997263,35.394515],[76.997691,35.394647],[76.998203,35.394708],[76.998632,35.394841],[76.999314,35.394899],[76.999653,35.394893],[77.000683,35.395421],[77.003453,35.395658],[77.005764,35.394842],[77.009004,35.393161],[77.011735,35.391843],[77.013252,35.390332],[77.014077,35.388763],[77.014245,35.388693],[77.014244,35.388664],[77.01443,35.388288]],[[77.02294,35.368168],[77.023265,35.368424],[77.023528,35.368733],[77.023537,35.369099],[77.02361,35.369464],[77.023813,35.36993],[77.023893,35.370199],[77.02372,35.370397],[77.0236,35.370827],[77.02348,35.371256],[77.023491,35.371683],[77.023781,35.371911],[77.023735,35.3721],[77.023503,35.372418],[77.023127,35.372659],[77.022751,35.37294],[77.022325,35.373143],[77.021899,35.373307],[77.021472,35.373471],[77.020994,35.373479],[77.020653,35.373249],[77.020312,35.37302],[77.020112,35.372671],[77.019912,35.372321],[77.019901,35.37189],[77.019844,35.371499],[77.019738,35.371109],[77.019538,35.37076],[77.019338,35.37041],[77.019044,35.370141],[77.018797,35.369832],[77.01874,35.369441],[77.018778,35.369048],[77.018483,35.368739],[77.018362,35.368658],[77.01842,35.368477],[77.018411,35.368105],[77.018016,35.367899],[77.0178,35.36788],[77.01779,35.367862],[77.017491,35.367548],[77.017096,35.367316],[77.016606,35.367165],[77.016211,35.366932],[77.015816,35.3667],[77.015419,35.366388],[77.015213,35.365913],[77.015201,35.365435],[77.015197,35.36529],[77.015341,35.365317],[77.015791,35.365466],[77.016305,35.365614],[77.016756,35.365763],[77.017268,35.365859],[77.017716,35.365904],[77.018165,35.366001],[77.018678,35.366097],[77.019127,35.366194],[77.019637,35.366186],[77.020148,35.366229],[77.020605,35.366304],[77.020597,35.366326],[77.020734,35.36669],[77.020997,35.366999],[77.021324,35.367307],[77.021713,35.367562],[77.022164,35.367763],[77.022552,35.367966],[77.02294,35.368168]],[[76.961119,35.371837],[76.960725,35.371843],[76.960194,35.371939],[76.959665,35.372122],[76.959132,35.372131],[76.9586,35.37214],[76.958065,35.372061],[76.958054,35.371625],[76.958044,35.371188],[76.958353,35.370747],[76.958392,35.370644],[76.958744,35.370734],[76.959261,35.370846],[76.959705,35.371019],[76.960223,35.371191],[76.960669,35.371424],[76.960969,35.371719],[76.961119,35.371837]],[[76.962195,35.373863],[76.962206,35.374283],[76.962141,35.374645],[76.96178,35.374891],[76.961271,35.37508],[76.960835,35.375267],[76.960397,35.375335],[76.960017,35.37543],[76.961972,35.372666],[76.962021,35.372724],[76.962103,35.373083],[76.962185,35.373442],[76.962195,35.373863]],[[76.997574,35.374411],[76.997938,35.374405],[76.998166,35.374509],[76.998621,35.374448],[76.999076,35.37444],[76.999532,35.374486],[76.999951,35.374528],[76.999949,35.374426],[77.000468,35.37431],[77.0009,35.374303],[77.001063,35.374399],[77.001404,35.374667],[77.001698,35.374937],[77.001945,35.375246],[77.002097,35.375596],[77.002202,35.375987],[77.002212,35.376378],[77.00227,35.376769],[77.002422,35.37712],[77.002622,35.377469],[77.002869,35.377778],[77.003163,35.378048],[77.003457,35.378357],[77.003751,35.378626],[77.004045,35.378895],[77.004292,35.379205],[77.004506,35.379397],[77.004356,35.379435],[77.003912,35.379547],[77.0036,35.379813],[77.003157,35.379977],[77.002651,35.380142],[77.002143,35.380255],[77.001698,35.380315],[77.001251,35.380322],[77.000805,35.38033],[77.000357,35.380285],[76.999969,35.380082],[76.999519,35.379933],[76.999046,35.379797],[76.999067,35.379731],[76.999058,35.379366],[76.999049,35.379],[76.998913,35.378636],[76.998776,35.378273],[76.998575,35.377858],[76.998438,35.377495],[76.998301,35.377131],[76.998101,35.376769],[76.997963,35.376353],[76.997827,35.375989],[76.997626,35.375627],[76.99749,35.375263],[76.997481,35.374898],[76.997535,35.374531],[76.997574,35.374411]],[[76.980764,35.380991],[76.980343,35.381137],[76.979832,35.381146],[76.979404,35.381013],[76.978892,35.380952],[76.978558,35.381236],[76.97814,35.381522],[76.977978,35.381873],[76.977733,35.382295],[76.97768,35.382652],[76.977539,35.382713],[76.977402,35.382649],[76.976973,35.382516],[76.976541,35.382245],[76.976031,35.382253],[76.975521,35.382261],[76.975012,35.382339],[76.97459,35.382486],[76.974429,35.382837],[76.974269,35.383257],[76.974194,35.383676],[76.973975,35.383989],[76.973712,35.383963],[76.97326,35.383761],[76.972933,35.383453],[76.972543,35.383146],[76.972155,35.382943],[76.971768,35.382741],[76.971677,35.382693],[76.971702,35.382672],[76.972124,35.382526],[76.972546,35.38238],[76.972968,35.382233],[76.973389,35.382087],[76.973723,35.381803],[76.974143,35.381587],[76.974476,35.381303],[76.974985,35.381225],[76.975495,35.381217],[76.97609,35.381207],[76.976601,35.381198],[76.97671,35.381232],[76.976975,35.381134],[76.977412,35.381007],[76.977919,35.380758],[76.978356,35.380631],[76.978866,35.380442],[76.979303,35.380315],[76.97974,35.380187],[76.980327,35.380178],[76.980768,35.380231],[76.981176,35.38028],[76.981011,35.380638],[76.980764,35.380991]],[[76.997885,35.382866],[76.99806,35.382883],[76.998508,35.382928],[76.998959,35.383078],[76.999346,35.38328],[76.999736,35.383535],[77.000123,35.383738],[77.000449,35.383993],[77.000774,35.384249],[77.0011,35.384505],[77.001425,35.384761],[77.001688,35.38507],[77.001888,35.385433],[77.002339,35.385582],[77.002785,35.385575],[77.00323,35.385515],[77.003674,35.385403],[77.004118,35.385291],[77.004431,35.385025],[77.004549,35.384657],[77.004795,35.384287],[77.004977,35.383918],[77.005423,35.383859],[77.005811,35.384061],[77.005957,35.384093],[77.005856,35.3842],[77.00561,35.384552],[77.005363,35.384905],[77.005117,35.385257],[77.004699,35.385543],[77.004279,35.385759],[77.003857,35.385905],[77.003435,35.386052],[77.003013,35.386198],[77.002593,35.386414],[77.002085,35.386492],[77.001663,35.386638],[77.001156,35.386786],[77.000734,35.386933],[77.000227,35.38708],[76.999807,35.387296],[76.999385,35.387443],[76.998964,35.387589],[76.998455,35.387667],[76.997948,35.387815],[76.99744,35.387893],[76.996933,35.388041],[76.996426,35.388188],[76.996006,35.388404],[76.995586,35.38862],[76.995243,35.388739],[76.995072,35.388663],[76.994793,35.388517],[76.992726,35.389696],[76.992413,35.389352],[76.992148,35.388938],[76.992145,35.388846],[76.993439,35.386615],[76.993828,35.38635],[76.994248,35.386134],[76.994581,35.38585],[76.994623,35.385814],[76.994814,35.385811],[76.995321,35.385646],[76.995765,35.385534],[76.996076,35.385215],[76.996322,35.384846],[76.996761,35.384525],[76.997073,35.384258],[76.997386,35.383992],[76.997632,35.383622],[76.997687,35.383255],[76.997869,35.382887],[76.997885,35.382866]],[[76.970127,35.386234],[76.969618,35.386423],[76.968961,35.386554],[76.968758,35.38662],[76.968864,35.38629],[76.968637,35.385936],[76.968196,35.385823],[76.967755,35.385711],[76.967313,35.385539],[76.966871,35.385367],[76.966717,35.38527],[76.967239,35.385139],[76.967677,35.385072],[76.968263,35.385003],[76.968773,35.384874],[76.96921,35.384747],[76.96929,35.384724],[76.969587,35.384919],[76.969976,35.385174],[76.970242,35.385587],[76.970504,35.385897],[76.970714,35.386062],[76.970638,35.386106],[76.970127,35.386234]],[[77.066246,35.346126],[77.066865,35.346065],[77.067494,35.346681],[77.073066,35.348566],[77.076661,35.349636],[77.080953,35.350976],[77.084311,35.351767],[77.088132,35.352644],[77.090785,35.352881],[77.091593,35.352961],[77.092727,35.353],[77.092236,35.35407],[77.091816,35.35535],[77.091981,35.356726],[77.091836,35.358638],[77.090648,35.36025],[77.08937,35.361342],[77.089049,35.361347],[77.088535,35.361199],[77.088398,35.360836],[77.088325,35.360471],[77.088062,35.360162],[77.087553,35.360224],[77.087109,35.360336],[77.086664,35.360396],[77.086352,35.360662],[77.086678,35.360918],[77.087192,35.361066],[77.08758,35.361268],[77.087843,35.361577],[77.087916,35.361942],[77.087862,35.362308],[77.087866,35.362473],[77.087793,35.362527],[77.087208,35.362672],[77.087175,35.362895],[77.086993,35.363264],[77.086617,35.363532],[77.08624,35.363747],[77.085734,35.363913],[77.085552,35.364282],[77.08524,35.364548],[77.084794,35.364556],[77.08437,35.364465],[77.084354,35.36476],[77.084778,35.366132],[77.085258,35.367185],[77.087004,35.367101],[77.087279,35.366925],[77.087291,35.367387],[77.0873,35.367753],[77.08731,35.368118],[77.087128,35.368487],[77.086817,35.368806],[77.0867,35.369226],[77.086963,35.369535],[77.087351,35.369738],[77.087552,35.3701],[77.087754,35.370514],[77.087788,35.370603],[77.087299,35.370613],[77.086973,35.370357],[77.086803,35.369967],[77.086554,35.369644],[77.08615,35.369454],[77.08567,35.369462],[77.085196,35.369667],[77.084803,35.369936],[77.084733,35.37033],[77.084742,35.370657],[77.084492,35.370269],[77.084244,35.369945],[77.083837,35.369691],[77.083511,35.369434],[77.083185,35.369178],[77.082937,35.368855],[77.082688,35.368532],[77.08236,35.36821],[77.082112,35.367887],[77.081784,35.367565],[77.081378,35.36731],[77.081052,35.367054],[77.080803,35.366731],[77.080477,35.366474],[77.080229,35.366151],[77.079981,35.365828],[77.079811,35.365438],[77.079748,35.365165],[77.079784,35.365135],[77.080015,35.364817],[77.080246,35.3645],[77.080283,35.364068],[77.08013,35.363718],[77.079836,35.363448],[77.079449,35.363259],[77.078969,35.363228],[77.078541,35.363314],[77.078114,35.363439],[77.077726,35.36325],[77.077249,35.363297],[77.07677,35.363266],[77.076665,35.362915],[77.07656,35.362564],[77.076455,35.362213],[77.076303,35.361863],[77.076198,35.361512],[77.075858,35.361283],[77.075424,35.361173],[77.074899,35.361221],[77.074474,35.361424],[77.074147,35.361743],[77.073999,35.361766],[77.073899,35.361395],[77.073699,35.361046],[77.073451,35.360736],[77.073299,35.360386],[77.07324,35.359956],[77.073182,35.359565],[77.073077,35.359175],[77.072783,35.358906],[77.072354,35.358992],[77.072316,35.359384],[77.072279,35.359777],[77.072145,35.360171],[77.071914,35.360488],[77.07165,35.360866],[77.071393,35.360693],[77.071005,35.360504],[77.070618,35.360315],[77.07019,35.36044],[77.069813,35.360642],[77.069425,35.360453],[77.069178,35.360143],[77.068837,35.359914],[77.068509,35.360155],[77.068327,35.36055],[77.068049,35.360868],[77.06772,35.361109],[77.067408,35.3612],[77.067238,35.36096],[77.067037,35.360611],[77.066837,35.360262],[77.066685,35.359912],[77.066532,35.359562],[77.066285,35.359252],[77.065805,35.359182],[77.065279,35.359191],[77.064846,35.35912],[77.06432,35.359129],[77.063986,35.359135],[77.063452,35.35883],[77.063064,35.358641],[77.062676,35.358452],[77.062289,35.358262],[77.062042,35.357953],[77.062273,35.357636],[77.062407,35.357281],[77.06235,35.35689],[77.061915,35.35674],[77.061294,35.356751],[77.060817,35.356837],[77.060392,35.357041],[77.059958,35.356891],[77.0599,35.3565],[77.059794,35.35611],[77.05936,35.355961],[77.058834,35.35597],[77.058308,35.355979],[77.057782,35.355988],[77.057355,35.356152],[77.056927,35.356237],[77.056448,35.356206],[77.056015,35.356096],[77.055582,35.356025],[77.055148,35.355876],[77.054673,35.356001],[77.054873,35.356351],[77.055167,35.35662],[77.055507,35.356849],[77.055944,35.357077],[77.056284,35.357307],[77.056578,35.357576],[77.056968,35.357844],[77.057309,35.358073],[77.057271,35.358466],[77.056843,35.35859],[77.056411,35.358519],[77.055978,35.358409],[77.055544,35.358299],[77.055112,35.358228],[77.054633,35.358197],[77.054255,35.358399],[77.054596,35.358629],[77.054937,35.358897],[77.055325,35.359087],[77.05576,35.359275],[77.056243,35.359463],[77.056585,35.359731],[77.05702,35.359881],[77.057064,35.359884],[77.056986,35.35995],[77.056504,35.360118],[77.056221,35.360441],[77.05584,35.360766],[77.055457,35.361012],[77.055074,35.361258],[77.054691,35.361503],[77.054408,35.361827],[77.054027,35.362152],[77.054037,35.36255],[77.054039,35.362615],[77.053601,35.362743],[77.053127,35.362948],[77.052732,35.363151],[77.052337,35.363354],[77.051943,35.363557],[77.051548,35.36376],[77.051155,35.364029],[77.050763,35.364298],[77.050368,35.364501],[77.050137,35.364832],[77.050067,35.365226],[77.050236,35.365616],[77.050406,35.366006],[77.050576,35.366396],[77.050585,35.366417],[77.050536,35.366434],[77.050153,35.36668],[77.049872,35.367083],[77.049857,35.36715],[77.049629,35.367048],[77.049181,35.367003],[77.048733,35.366959],[77.048349,35.366876],[77.048343,35.366631],[77.048333,35.366238],[77.048323,35.365845],[77.048716,35.365576],[77.049029,35.365309],[77.049261,35.364978],[77.049411,35.364582],[77.049401,35.36419],[77.049391,35.363797],[77.049381,35.363404],[77.048903,35.363478],[77.048509,35.363681],[77.048114,35.363884],[77.047636,35.363958],[77.047157,35.363966],[77.046677,35.363974],[77.046201,35.364113],[77.04573,35.364448],[77.045498,35.36478],[77.045508,35.365172],[77.045277,35.365504],[77.044882,35.365707],[77.044488,35.36591],[77.044015,35.36618],[77.043539,35.366319],[77.043307,35.36665],[77.043161,35.367177],[77.043092,35.367636],[77.043139,35.367868],[77.043079,35.36789],[77.043033,35.367913],[77.042703,35.368036],[77.042226,35.368175],[77.04175,35.368314],[77.041274,35.368453],[77.040798,35.368592],[77.04032,35.368665],[77.039842,35.368739],[77.039363,35.368747],[77.038803,35.368756],[77.038247,35.368897],[77.037769,35.36897],[77.037375,35.369173],[77.037062,35.369441],[77.037072,35.369833],[77.037078,35.370087],[77.036759,35.370244],[77.036381,35.37046],[77.03594,35.370676],[77.035435,35.370894],[77.034994,35.37111],[77.034551,35.371274],[77.034047,35.371492],[77.033604,35.371656],[77.033099,35.371873],[77.032658,35.37209],[77.032152,35.372255],[77.031645,35.372421],[77.031202,35.372532],[77.030759,35.372697],[77.030252,35.37281],[77.029745,35.372975],[77.029303,35.373139],[77.02886,35.373303],[77.028418,35.373468],[77.028316,35.373506],[77.028308,35.373199],[77.028443,35.372844],[77.028486,35.372668],[77.028603,35.372666],[77.028988,35.372446],[77.029507,35.37233],[77.029893,35.37211],[77.030276,35.371783],[77.030795,35.371667],[77.031181,35.371447],[77.031958,35.37122],[77.032344,35.371],[77.032635,35.370834],[77.034215,35.369005],[77.036445,35.367699],[77.036572,35.367364],[77.036689,35.366944],[77.036937,35.366627],[77.037249,35.36636],[77.037691,35.366196],[77.038069,35.365981],[77.038515,35.365973],[77.038959,35.365861],[77.039468,35.3658],[77.039641,35.365781],[77.039659,35.365771],[77.04448,35.362169],[77.047331,35.359606],[77.050444,35.355279],[77.052506,35.351849],[77.053644,35.350386],[77.05368,35.350144],[77.053735,35.349777],[77.053724,35.349359],[77.053713,35.348941],[77.053768,35.348575],[77.053822,35.348208],[77.054004,35.347839],[77.05425,35.347469],[77.05456,35.347098],[77.054872,35.346831],[77.055377,35.346614],[77.055881,35.346396],[77.056041,35.346377],[77.058307,35.345362],[77.05847,35.345359],[77.058916,35.345352],[77.059426,35.345343],[77.059872,35.345335],[77.060319,35.345328],[77.060829,35.345319],[77.061339,35.34531],[77.061786,35.345355],[77.062234,35.3454],[77.06268,35.345392],[77.063192,35.345435],[77.063639,35.34548],[77.064152,35.345576],[77.064598,35.345568],[77.065014,35.34561],[77.066246,35.346126]],[[77.04412,35.355479],[77.043673,35.355487],[77.043226,35.355442],[77.042714,35.355399],[77.042268,35.355406],[77.041761,35.355519],[77.04177,35.355885],[77.041327,35.356049],[77.041015,35.356316],[77.041403,35.356518],[77.041914,35.356562],[77.042488,35.356552],[77.042998,35.356543],[77.043245,35.356568],[77.043071,35.356717],[77.04256,35.357153],[77.042174,35.357373],[77.041922,35.357698],[77.041669,35.358022],[77.041286,35.358349],[77.041033,35.358674],[77.040827,35.358939],[77.040504,35.358833],[77.040054,35.358683],[77.039605,35.358587],[77.039217,35.358384],[77.038892,35.358128],[77.038504,35.357926],[77.038054,35.357777],[77.037605,35.35768],[77.037159,35.357687],[77.036781,35.357903],[77.036469,35.358169],[77.036157,35.358436],[77.036038,35.358589],[77.035772,35.358338],[77.035571,35.357975],[77.035562,35.35761],[77.035615,35.357191],[77.035606,35.356825],[77.035597,35.356459],[77.035395,35.356045],[77.034949,35.356052],[77.034636,35.356319],[77.034191,35.356379],[77.033804,35.356176],[77.033858,35.355809],[77.033785,35.355445],[77.033274,35.355401],[77.032825,35.355304],[77.032375,35.355155],[77.031924,35.355006],[77.031477,35.354961],[77.031029,35.354916],[77.030652,35.355132],[77.030789,35.355495],[77.030989,35.355858],[77.030998,35.356223],[77.03088,35.356591],[77.030569,35.35691],[77.030128,35.357126],[77.029817,35.357445],[77.029441,35.357713],[77.029115,35.357457],[77.029106,35.357091],[77.029352,35.356721],[77.029471,35.356353],[77.029525,35.355987],[77.029387,35.355571],[77.029251,35.355207],[77.02905,35.354845],[77.028913,35.354482],[77.028775,35.354066],[77.028752,35.354003],[77.028773,35.353961],[77.028955,35.353592],[77.029332,35.353377],[77.029775,35.353213],[77.03022,35.353153],[77.030663,35.353041],[77.03111,35.353034],[77.031151,35.353033],[77.031351,35.352834],[77.031585,35.352471],[77.031778,35.352343],[77.032243,35.35244],[77.032632,35.352695],[77.032957,35.35295],[77.033283,35.353206],[77.033733,35.353355],[77.034183,35.353505],[77.034633,35.353654],[77.035081,35.353698],[77.035592,35.353742],[77.036039,35.353735],[77.036547,35.353674],[77.036992,35.353614],[77.037148,35.353575],[77.03741,35.35357],[77.037897,35.353562],[77.038384,35.353554],[77.03892,35.353545],[77.039456,35.353536],[77.039724,35.353531],[77.040373,35.353351],[77.04335,35.351604],[77.047001,35.349208],[77.048153,35.348328],[77.048597,35.348401],[77.049044,35.348394],[77.049468,35.34827],[77.048491,35.350102],[77.046814,35.35204],[77.046247,35.352565],[77.046206,35.352663],[77.04602,35.353026],[77.045785,35.353349],[77.0456,35.353751],[77.045364,35.354075],[77.045226,35.354265],[77.045129,35.354398],[77.044992,35.354759],[77.044802,35.35502],[77.044597,35.355195],[77.044406,35.355441],[77.04412,35.355479]],[[76.945718,35.401454],[76.945499,35.401111],[76.945594,35.400676],[76.945905,35.400411],[76.946216,35.400146],[76.946741,35.399965],[76.94716,35.399785],[76.947577,35.399518],[76.947901,35.399773],[76.948123,35.400202],[76.948133,35.400635],[76.948136,35.400757],[76.94782,35.400814],[76.947401,35.400994],[76.946876,35.401176],[76.946351,35.401357],[76.945718,35.401454]],[[76.870181,35.415061],[76.869846,35.415012],[76.869358,35.414939],[76.86887,35.414867],[76.868286,35.414876],[76.867799,35.414884],[76.867313,35.414891],[76.866828,35.414979],[76.866433,35.414746],[76.866424,35.414347],[76.866512,35.413948],[76.866406,35.413551],[76.865918,35.413479],[76.865429,35.413407],[76.864943,35.413414],[76.864456,35.413422],[76.86397,35.413429],[76.863764,35.412954],[76.863658,35.412557],[76.863454,35.412162],[76.863347,35.411765],[76.863249,35.411575],[76.864871,35.410308],[76.864869,35.410228],[76.864473,35.409915],[76.864174,35.409601],[76.863968,35.409386],[76.863874,35.409287],[76.863671,35.408892],[76.863564,35.408495],[76.86336,35.4081],[76.863157,35.407705],[76.86305,35.407308],[76.862944,35.406911],[76.862837,35.406514],[76.862632,35.406039],[76.862582,35.40601],[76.863088,35.405835],[76.863619,35.40574],[76.864155,35.405819],[76.864376,35.406165],[76.864386,35.406601],[76.864396,35.407037],[76.864406,35.407474],[76.864416,35.40791],[76.864426,35.408347],[76.864543,35.408782],[76.864837,35.409013],[76.864869,35.409038],[76.865195,35.409295],[76.86552,35.409552],[76.866164,35.409717],[76.866699,35.409796],[76.867122,35.409615],[76.86734,35.409429],[76.867814,35.409422],[76.868419,35.409288],[76.868869,35.409032],[76.869013,35.408657],[76.869156,35.408281],[76.869452,35.407903],[76.869907,35.407896],[76.870363,35.407889],[76.870825,35.408131],[76.871287,35.408372],[76.871751,35.408739],[76.871913,35.408802],[76.871845,35.408845],[76.871362,35.409012],[76.870979,35.409257],[76.870595,35.409502],[76.870114,35.409748],[76.86973,35.409993],[76.869347,35.410238],[76.868866,35.410485],[76.868383,35.410652],[76.867902,35.410898],[76.867318,35.410907],[76.866834,35.410994],[76.866347,35.411002],[76.866356,35.4114],[76.866463,35.411797],[76.866762,35.412111],[76.867157,35.412344],[76.867551,35.412577],[76.867946,35.41281],[76.868436,35.412962],[76.868831,35.413195],[76.869319,35.413267],[76.869909,35.413497],[76.870356,35.413635],[76.870333,35.413686],[76.870342,35.414084],[76.870256,35.414563],[76.870181,35.415061]],[[76.864721,35.432255],[76.867538,35.430779],[76.869038,35.43118],[76.870908,35.43078],[76.8722,35.430601],[76.873931,35.429779],[76.874274,35.429794],[76.874703,35.429743],[76.875155,35.42963],[76.87561,35.429623],[76.876065,35.429616],[76.876521,35.429662],[76.876979,35.429761],[76.877438,35.429914],[76.877833,35.430121],[76.878122,35.430349],[76.878164,35.430382],[76.878266,35.430435],[76.878559,35.430588],[76.878676,35.430681],[76.878866,35.430831],[76.87889,35.430849],[76.879222,35.431163],[76.879491,35.431532],[76.879683,35.431881],[76.879695,35.431901],[76.879898,35.43227],[76.880037,35.432641],[76.880111,35.433012],[76.880314,35.433382],[76.880453,35.433752],[76.880657,35.434121],[76.880795,35.434492],[76.881064,35.43486],[76.881301,35.435139],[76.881392,35.43573],[76.882837,35.436556],[76.881799,35.436821],[76.881539,35.436911],[76.881101,35.437053],[76.880663,35.43715],[76.880058,35.437159],[76.879507,35.437168],[76.878846,35.437178],[76.878351,35.437186],[76.877745,35.437195],[76.877507,35.437199],[76.877107,35.437011],[76.876675,35.436808],[76.876243,35.436604],[76.876173,35.436572],[76.875959,35.436403],[76.875634,35.436083],[76.875231,35.435829],[76.87483,35.435641],[76.874428,35.435452],[76.874104,35.435197],[76.873781,35.434942],[76.874624,35.434461],[76.875741,35.433303],[76.876063,35.432158],[76.876393,35.43138],[76.876274,35.430526],[76.875156,35.431643],[76.874325,35.432308],[76.873102,35.433182],[76.872416,35.43364],[76.871991,35.434624],[76.872059,35.435397],[76.872818,35.435285],[76.872682,35.435479],[76.87221,35.435681],[76.871738,35.435884],[76.871349,35.436215],[76.870956,35.436416],[76.871045,35.436804],[76.871368,35.437059],[76.87177,35.437248],[76.872249,35.437371],[76.87273,35.437558],[76.873211,35.437746],[76.873612,35.437934],[76.873944,35.438152],[76.87375,35.438294],[76.87372,35.43853],[76.873503,35.438714],[76.873555,35.438747],[76.873735,35.439164],[76.874,35.43951],[76.87401,35.43993],[76.874019,35.44035],[76.873944,35.440771],[76.873695,35.441125],[76.873613,35.441302],[76.873845,35.441619],[76.87417,35.441875],[76.874495,35.442132],[76.87482,35.442388],[76.875334,35.442484],[76.875647,35.442218],[76.875853,35.442043],[76.875935,35.44179],[76.876271,35.441505],[76.876782,35.441427],[76.877213,35.44156],[76.877562,35.441835],[76.877657,35.442254],[76.87766,35.442395],[76.877759,35.442447],[76.87821,35.442597],[76.878654,35.442485],[76.878807,35.44241],[76.878856,35.442305],[76.879019,35.441952],[76.879182,35.4416],[76.87943,35.441246],[76.87985,35.440889],[76.880363,35.440881],[76.880794,35.441014],[76.881225,35.441148],[76.881656,35.441281],[76.88197,35.441378],[76.882331,35.44133],[76.882839,35.441218],[76.883286,35.441211],[76.884312,35.441466],[76.88487,35.443155],[76.885359,35.444632],[76.885372,35.445215],[76.885313,35.445221],[76.885251,35.445329],[76.885107,35.445363],[76.884536,35.445529],[76.884158,35.445744],[76.88391,35.446061],[76.883919,35.446427],[76.883863,35.446794],[76.883744,35.447161],[76.883625,35.447529],[76.883442,35.447897],[76.883259,35.448266],[76.88314,35.448634],[76.883276,35.448997],[76.883476,35.44936],[76.883864,35.449563],[76.884099,35.449686],[76.884095,35.449717],[76.884003,35.450045],[76.884069,35.450135],[76.884332,35.450444],[76.884658,35.450753],[76.884983,35.451009],[76.885371,35.451212],[76.885887,35.451413],[76.886339,35.451615],[76.886221,35.452035],[76.885776,35.452146],[76.885332,35.452258],[76.884886,35.452317],[76.884443,35.452481],[76.884,35.452644],[76.883556,35.452808],[76.883178,35.453023],[76.882865,35.453289],[76.882421,35.4534],[76.88197,35.453251],[76.881518,35.453049],[76.881068,35.452899],[76.880553,35.45275],[76.880165,35.452547],[76.879903,35.452238],[76.879829,35.451821],[76.879824,35.451605],[76.879563,35.451399],[76.879444,35.45104],[76.879159,35.450639],[76.878932,35.450327],[76.878648,35.449971],[76.87842,35.449659],[76.878191,35.449257],[76.878017,35.448899],[76.877899,35.44854],[76.877835,35.44818],[76.877717,35.447822],[76.877543,35.447464],[76.87737,35.447106],[76.877196,35.446748],[76.877022,35.44639],[76.876849,35.446032],[76.876566,35.445721],[76.87623,35.445456],[76.875839,35.445237],[76.875736,35.445156],[76.874219,35.445018],[76.872272,35.444889],[76.871201,35.446231],[76.870843,35.447563],[76.871023,35.449735],[76.871768,35.451102],[76.871857,35.452162],[76.870612,35.451598],[76.870159,35.451605],[76.87038,35.452768],[76.869552,35.453417],[76.869026,35.453086],[76.86829,35.45209],[76.868604,35.451072],[76.868657,35.451071],[76.869102,35.451012],[76.869549,35.451005],[76.869995,35.450946],[76.87005,35.450579],[76.870042,35.450214],[76.870033,35.449848],[76.870024,35.44943],[76.870079,35.449063],[76.870326,35.448694],[76.870509,35.448325],[76.870757,35.448008],[76.870369,35.447805],[76.869903,35.447736],[76.869954,35.447701],[76.870186,35.44737],[76.870257,35.446976],[76.870248,35.446584],[76.870159,35.446192],[76.86999,35.445802],[76.869901,35.44541],[76.869972,35.445016],[76.870286,35.444749],[76.8706,35.444483],[76.870914,35.444216],[76.871226,35.443884],[76.871458,35.443553],[76.871449,35.44316],[76.87128,35.442769],[76.87103,35.442315],[76.870782,35.441991],[76.870222,35.442],[76.869744,35.442073],[76.869185,35.442147],[76.868708,35.442285],[76.868228,35.442293],[76.868029,35.442316],[76.867947,35.442204],[76.867742,35.441922],[76.867444,35.441896],[76.867003,35.441858],[76.866561,35.44182],[76.86612,35.441781],[76.865678,35.441743],[76.865541,35.441745],[76.865245,35.441613],[76.864667,35.441465],[76.864217,35.441315],[76.86364,35.44122],[76.863128,35.441175],[76.862679,35.441078],[76.862167,35.441034],[76.861719,35.440988],[76.861951,35.440745],[76.862008,35.440371],[76.861999,35.439999],[76.862055,35.439625],[76.862308,35.439302],[76.862627,35.439031],[76.863012,35.438812],[76.863331,35.438541],[76.86365,35.43827],[76.863969,35.437999],[76.864025,35.437626],[76.864017,35.437253],[76.864073,35.43688],[76.864195,35.436506],[76.864381,35.43613],[76.864372,35.435758],[76.864105,35.435443],[76.863904,35.435205],[76.864036,35.435007],[76.86436,35.434732],[76.864414,35.434686],[76.864409,35.434461],[76.864456,35.434099],[76.864502,35.433738],[76.864579,35.433561],[76.864721,35.432255]],[[76.871642,35.418383],[76.8712,35.418339],[76.871052,35.418341],[76.871088,35.41818],[76.871235,35.418012],[76.871642,35.418383]],[[76.840883,35.421909],[76.841044,35.42228],[76.841204,35.422651],[76.841573,35.422942],[76.841409,35.423128],[76.840831,35.423376],[76.840447,35.423621],[76.840456,35.424019],[76.84066,35.424414],[76.841054,35.424647],[76.841546,35.424879],[76.842132,35.42495],[76.842714,35.424861],[76.843198,35.424774],[76.843681,35.424607],[76.844144,35.424847],[76.844608,35.425213],[76.84507,35.425455],[76.845532,35.425697],[76.845996,35.426063],[76.846309,35.426432],[76.846621,35.426801],[76.846635,35.426823],[76.846555,35.426874],[76.846172,35.427118],[76.845788,35.427363],[76.845404,35.427608],[76.845121,35.428011],[76.844936,35.428412],[76.844945,35.42881],[76.845149,35.429205],[76.845543,35.429438],[76.846032,35.42951],[76.846522,35.429662],[76.846826,35.429699],[76.846831,35.429916],[76.846843,35.430406],[76.847023,35.430824],[76.847118,35.431242],[76.847213,35.431661],[76.847392,35.432008],[76.847825,35.432212],[76.848173,35.432486],[76.848669,35.432613],[76.848268,35.432905],[76.847933,35.43319],[76.847597,35.433475],[76.847348,35.433829],[76.847014,35.434185],[76.8465,35.434122],[76.845985,35.43406],[76.845473,35.434138],[76.845049,35.434285],[76.844733,35.4345],[76.844877,35.434121],[76.845061,35.43364],[76.845149,35.43324],[76.845335,35.432839],[76.845423,35.432439],[76.845511,35.432039],[76.845796,35.431716],[76.845787,35.431318],[76.845488,35.431004],[76.845093,35.430771],[76.844794,35.430457],[76.844397,35.430144],[76.844096,35.42975],[76.84399,35.429354],[76.843786,35.428958],[76.84368,35.428561],[76.843474,35.428086],[76.843368,35.42769],[76.843164,35.427294],[76.84296,35.426899],[76.842661,35.426585],[76.842265,35.426272],[76.841866,35.42588],[76.841567,35.425566],[76.841172,35.425333],[76.840778,35.4251],[76.840288,35.424948],[76.839797,35.424796],[76.839498,35.424482],[76.839294,35.424086],[76.839188,35.42369],[76.839179,35.423291],[76.83917,35.422893],[76.839258,35.422493],[76.839249,35.422095],[76.838948,35.421701],[76.838649,35.421387],[76.83835,35.421073],[76.838261,35.420901],[76.838346,35.420914],[76.83893,35.420905],[76.839514,35.420896],[76.84017,35.420886],[76.84041,35.42117],[76.840571,35.421541],[76.840883,35.421909]],[[76.852379,35.433824],[76.852757,35.433341],[76.853262,35.43275],[76.853988,35.433322],[76.854064,35.433798],[76.853423,35.434126],[76.852467,35.43483],[76.852009,35.434625],[76.852379,35.433824]],[[76.835642,35.46196],[76.835442,35.461596],[76.835052,35.461392],[76.834535,35.461242],[76.834318,35.461223],[76.834302,35.461151],[76.83422,35.460792],[76.834164,35.460545],[76.834272,35.460514],[76.83475,35.460467],[76.835179,35.460343],[76.835605,35.460141],[76.836033,35.459978],[76.836508,35.459814],[76.836936,35.459689],[76.837361,35.459409],[76.837585,35.459287],[76.837725,35.459376],[76.837769,35.459358],[76.837951,35.459479],[76.838233,35.459589],[76.838677,35.459763],[76.839105,35.459814],[76.839096,35.459853],[76.839009,35.460246],[76.838971,35.460677],[76.839028,35.461069],[76.83918,35.461458],[76.839568,35.461648],[76.839997,35.461563],[76.840376,35.461362],[76.840511,35.461007],[76.840646,35.460613],[76.841124,35.460566],[76.841603,35.460559],[76.842177,35.46055],[76.842504,35.460545],[76.842507,35.460686],[76.842517,35.461104],[76.842526,35.461522],[76.842704,35.461867],[76.842883,35.462213],[76.84348,35.462273],[76.844078,35.462334],[76.844425,35.462607],[76.844434,35.463025],[76.844783,35.463368],[76.845115,35.46363],[76.845078,35.463798],[76.845087,35.46419],[76.845191,35.464541],[76.845531,35.464771],[76.845825,35.465041],[76.845929,35.465392],[76.845938,35.465784],[76.846278,35.466014],[76.846759,35.466085],[76.847239,35.466117],[76.847718,35.466109],[76.847997,35.466063],[76.849397,35.466076],[76.849345,35.466607],[76.849049,35.466806],[76.849052,35.466936],[76.849064,35.467477],[76.848926,35.46784],[76.848912,35.467876],[76.848813,35.467895],[76.848287,35.467943],[76.84776,35.467951],[76.847281,35.467958],[76.846754,35.467966],[76.846227,35.467974],[76.845701,35.467982],[76.845279,35.467989],[76.84493,35.467714],[76.844442,35.467641],[76.843955,35.467649],[76.843468,35.467656],[76.84288,35.467506],[76.842392,35.467434],[76.841995,35.467121],[76.841695,35.466807],[76.841301,35.466574],[76.84081,35.466422],[76.840415,35.466189],[76.840309,35.465792],[76.840397,35.465392],[76.840388,35.464994],[76.840282,35.464597],[76.840078,35.464202],[76.839683,35.463969],[76.8392,35.464136],[76.838716,35.464303],[76.838233,35.464469],[76.837849,35.464714],[76.83737,35.46504],[76.836986,35.465285],[76.836602,35.46553],[76.836317,35.465853],[76.835835,35.466099],[76.835354,35.466346],[76.834869,35.466433],[76.834861,35.466088],[76.834722,35.465665],[76.834582,35.465242],[76.834689,35.465178],[76.835003,35.464911],[76.835253,35.464592],[76.835501,35.46422],[76.835685,35.46385],[76.835805,35.463481],[76.835797,35.463113],[76.835789,35.462746],[76.835716,35.462379],[76.835642,35.46196]],[[76.869596,35.501934],[76.869421,35.501937],[76.869037,35.502182],[76.868653,35.502427],[76.868467,35.502828],[76.868379,35.503227],[76.868194,35.503629],[76.86781,35.503873],[76.867774,35.503879],[76.867535,35.503506],[76.867272,35.503197],[76.866883,35.502941],[76.866683,35.502579],[76.866419,35.502217],[76.866281,35.501801],[76.865956,35.501545],[76.865832,35.501376],[76.866194,35.501429],[76.866681,35.501421],[76.867266,35.501412],[76.86785,35.501403],[76.868335,35.501316],[76.86882,35.501229],[76.869307,35.501222],[76.869702,35.501454],[76.869614,35.501854],[76.869596,35.501934]],[[76.855408,35.515271],[76.855288,35.515639],[76.855249,35.515777],[76.854835,35.515784],[76.854351,35.515951],[76.853866,35.516038],[76.85376,35.515641],[76.85375,35.515243],[76.853839,35.514843],[76.854223,35.514598],[76.854708,35.514511],[76.85529,35.514423],[76.855603,35.514418],[76.855581,35.514485],[76.855527,35.514903],[76.855408,35.515271]],[[76.997174,35.409315],[76.99876,35.410561],[77.000407,35.410817],[77.002576,35.411205],[77.004465,35.41075],[77.004892,35.410014],[77.004872,35.409975],[77.00459,35.409606],[77.004971,35.40942],[77.005347,35.409152],[77.005658,35.408833],[77.005765,35.408618],[77.006203,35.408823],[77.006598,35.409055],[77.006716,35.409086],[77.006747,35.409198],[77.006902,35.409555],[77.007154,35.40987],[77.007407,35.410265],[77.007562,35.410622],[77.007717,35.410978],[77.007824,35.411336],[77.007881,35.411694],[77.007888,35.411956],[77.007891,35.412093],[77.007975,35.412374],[77.007653,35.412531],[77.007212,35.412748],[77.006769,35.412912],[77.006391,35.413127],[77.006015,35.413395],[77.005848,35.413609],[77.005352,35.413777],[77.004671,35.413788],[77.004189,35.413956],[77.003607,35.414045],[77.00312,35.414053],[77.002537,35.414063],[77.002315,35.414103],[77.00233,35.414083],[77.002328,35.414031],[77.002128,35.413668],[77.001928,35.413306],[77.00154,35.413103],[77.001214,35.412847],[77.000889,35.412591],[77.000441,35.412546],[77.000193,35.412864],[77.000202,35.41323],[77.000211,35.413595],[77.000475,35.413957],[77.000738,35.414266],[77.000597,35.414334],[77.000169,35.414411],[77.000099,35.414224],[76.999836,35.413915],[76.999636,35.413553],[76.999308,35.413192],[76.99857,35.411741],[76.998507,35.411795],[76.998066,35.412011],[76.997688,35.412226],[76.997506,35.412595],[76.997451,35.412962],[76.997396,35.413328],[76.997405,35.413694],[76.997414,35.41406],[76.997487,35.414424],[76.997624,35.414788],[76.99795,35.415096],[76.99834,35.415351],[76.998383,35.41536],[76.99839,35.415645],[76.998498,35.416042],[76.998507,35.41644],[76.998517,35.416839],[76.998527,35.417237],[76.99844,35.417637],[76.998352,35.418036],[76.998362,35.418435],[76.998372,35.418833],[76.998382,35.419231],[76.998388,35.419256],[76.998052,35.419223],[76.997608,35.419334],[76.997163,35.419394],[76.996837,35.419138],[76.996574,35.418829],[76.996125,35.418732],[76.995682,35.418896],[76.995304,35.419111],[76.994862,35.419275],[76.994485,35.419543],[76.994109,35.41981],[76.993861,35.420128],[76.993743,35.420496],[76.994006,35.420805],[76.994516,35.420796],[76.994963,35.420789],[76.995409,35.420782],[76.99586,35.420931],[76.996309,35.421028],[76.996756,35.421021],[76.997144,35.421223],[76.997217,35.421588],[76.997678,35.422155],[76.997742,35.422154],[76.998253,35.422198],[76.998701,35.422243],[76.999151,35.42234],[76.999599,35.422385],[77.000045,35.422377],[77.000489,35.422265],[77.000999,35.422205],[77.001507,35.422092],[77.001952,35.422032],[77.002395,35.421868],[77.002707,35.421602],[77.002571,35.421238],[77.002183,35.421035],[77.001732,35.420886],[77.001284,35.420841],[77.000836,35.420796],[77.000389,35.420804],[76.999943,35.420811],[76.99968,35.420502],[76.999479,35.42014],[76.999216,35.41983],[76.998983,35.419611],[76.999259,35.419296],[76.999643,35.419051],[77.000224,35.418962],[77.000711,35.418954],[77.001108,35.419012],[77.001437,35.419271],[77.001883,35.419264],[77.00233,35.419256],[77.002842,35.4193],[77.00323,35.419503],[77.003556,35.419758],[77.003881,35.420014],[77.004332,35.420164],[77.004782,35.420313],[77.005233,35.420462],[77.005746,35.420558],[77.006134,35.420761],[77.006334,35.421123],[77.00628,35.42149],[77.006225,35.421857],[77.006234,35.422222],[77.006307,35.422587],[77.006507,35.422949],[77.006516,35.423315],[77.006462,35.423682],[77.006216,35.424052],[77.005969,35.424421],[77.005723,35.424791],[77.005541,35.42516],[77.00555,35.425526],[77.00556,35.425944],[77.005634,35.42636],[77.005659,35.426426],[77.004038,35.428365],[77.001591,35.43074],[76.998949,35.432198],[76.997567,35.432221],[76.995967,35.430409],[76.994268,35.428103],[76.993805,35.426838],[76.993859,35.426735],[76.993738,35.426547],[76.993498,35.426173],[76.993144,35.425895],[76.99279,35.425617],[76.992321,35.425341],[76.991852,35.425065],[76.991496,35.424692],[76.991262,35.424327],[76.991238,35.424334],[76.990092,35.423434],[76.989006,35.421401],[76.988935,35.420346],[76.988605,35.419915],[76.988362,35.419446],[76.988122,35.419071],[76.987881,35.418697],[76.987528,35.418419],[76.987287,35.418044],[76.987171,35.417952],[76.987229,35.417834],[76.987477,35.417516],[76.987725,35.417198],[76.988037,35.416932],[76.988415,35.416717],[76.988856,35.4165],[76.989299,35.416336],[76.989677,35.416121],[76.989925,35.415803],[76.990302,35.415588],[76.990746,35.415476],[76.991193,35.415469],[76.991638,35.415409],[76.991951,35.415143],[76.992327,35.414875],[76.992575,35.414558],[76.992124,35.414408],[76.991675,35.414311],[76.991227,35.414266],[76.990779,35.414222],[76.990333,35.414229],[76.989885,35.414184],[76.989438,35.414191],[76.988993,35.414251],[76.988549,35.414363],[76.988171,35.414578],[76.987725,35.414638],[76.987283,35.414802],[76.986841,35.415018],[76.986594,35.415336],[76.986475,35.415703],[76.986227,35.416021],[76.985915,35.416287],[76.985791,35.416447],[76.985626,35.416274],[76.985501,35.415897],[76.985445,35.41569],[76.984449,35.415253],[76.983611,35.412791],[76.984424,35.410727],[76.986023,35.409004],[76.988845,35.407826],[76.991603,35.407568],[76.99343,35.408104],[76.99473,35.408294],[76.997174,35.409315]],[[76.969184,35.416726],[76.969391,35.41697],[76.969253,35.417332],[76.969157,35.41736],[76.968807,35.417177],[76.968292,35.416977],[76.96778,35.416933],[76.967332,35.416888],[76.966885,35.416895],[76.966437,35.41685],[76.965924,35.416754],[76.965598,35.416446],[76.965147,35.416296],[76.964699,35.416251],[76.964189,35.41626],[76.963678,35.416268],[76.963232,35.416275],[76.962721,35.416284],[76.962277,35.416395],[76.962144,35.416444],[76.961955,35.416296],[76.961567,35.416093],[76.961123,35.416205],[76.960679,35.416317],[76.960301,35.416532],[76.95999,35.41685],[76.959742,35.417168],[76.959495,35.417486],[76.959182,35.417752],[76.958999,35.418121],[76.958927,35.418413],[76.958749,35.418334],[76.958296,35.41808],[76.957971,35.417824],[76.957583,35.417621],[76.957137,35.417681],[76.956693,35.417792],[76.956249,35.417904],[76.955805,35.418016],[76.955361,35.418127],[76.954916,35.418239],[76.954475,35.418455],[76.953966,35.418516],[76.953653,35.418782],[76.953406,35.419152],[76.953288,35.41952],[76.952975,35.419786],[76.952598,35.420053],[76.952287,35.420372],[76.951909,35.420587],[76.951466,35.420751],[76.951023,35.420915],[76.950519,35.421184],[76.950206,35.421451],[76.949829,35.421718],[76.949583,35.422088],[76.949335,35.422405],[76.949023,35.422672],[76.94871,35.422938],[76.948463,35.423308],[76.948152,35.423626],[76.947839,35.423893],[76.947656,35.424127],[76.947399,35.424161],[76.946954,35.424273],[76.946576,35.424488],[76.946265,35.424807],[76.946146,35.425174],[76.946155,35.42554],[76.946227,35.425905],[76.946428,35.426267],[76.946628,35.42663],[76.946764,35.426993],[76.946827,35.427159],[76.946659,35.427254],[76.946298,35.427501],[76.945865,35.427808],[76.945507,35.428174],[76.945079,35.428418],[76.944881,35.42833],[76.944732,35.428281],[76.944724,35.427969],[76.944714,35.427544],[76.944447,35.42723],[76.943928,35.427238],[76.943404,35.427034],[76.943007,35.426722],[76.94274,35.426408],[76.942473,35.426093],[76.942206,35.425779],[76.941811,35.425573],[76.941802,35.425543],[76.942072,35.425515],[76.942485,35.425164],[76.942989,35.424877],[76.943411,35.424731],[76.943834,35.424584],[76.944256,35.424438],[76.944303,35.424438],[76.944384,35.424226],[76.944493,35.424086],[76.944588,35.424085],[76.945098,35.424076],[76.945605,35.423929],[76.946113,35.423781],[76.946535,35.423635],[76.946955,35.423419],[76.947374,35.423134],[76.947706,35.42278],[76.947798,35.422496],[76.948291,35.422353],[76.948625,35.422069],[76.948959,35.421784],[76.949292,35.4215],[76.949539,35.421148],[76.949958,35.420863],[76.950377,35.420577],[76.950799,35.420431],[76.951217,35.420145],[76.951636,35.41986],[76.952056,35.419644],[76.95239,35.41936],[76.952722,35.419006],[76.953054,35.418653],[76.953301,35.4183],[76.953633,35.417946],[76.95422,35.417589],[76.954301,35.417554],[76.953847,35.417419],[76.956881,35.415861],[76.960222,35.414298],[76.963864,35.412479],[76.965549,35.412326],[76.967575,35.41355],[76.969494,35.416662],[76.969184,35.416726]],[[76.872052,35.418355],[76.871784,35.418197],[76.871892,35.417963],[76.872174,35.41756],[76.872556,35.417236],[76.872839,35.416833],[76.873024,35.416432],[76.873112,35.416032],[76.873103,35.415634],[76.873094,35.415236],[76.873088,35.41501],[76.873415,35.415203],[76.873718,35.415599],[76.874215,35.415911],[76.8743,35.416231],[76.874418,35.416229],[76.874911,35.416381],[76.874724,35.416785],[76.874636,35.417187],[76.874351,35.417592],[76.874272,35.417763],[76.874082,35.417766],[76.873401,35.417777],[76.872918,35.417944],[76.872535,35.418189],[76.872052,35.418355]],[[76.887989,35.50097],[76.887676,35.501236],[76.887234,35.501452],[76.886855,35.501667],[76.886412,35.50183],[76.885968,35.501994],[76.885943,35.501994],[76.88588,35.50176],[76.88558,35.501446],[76.885571,35.501048],[76.88527,35.500654],[76.885163,35.500258],[76.88514,35.500234],[76.885283,35.500019],[76.885531,35.499702],[76.885403,35.499358],[76.885493,35.499282],[76.886002,35.499134],[76.886496,35.498962],[76.886878,35.498638],[76.887362,35.498471],[76.887852,35.498623],[76.888152,35.498936],[76.888549,35.499249],[76.888792,35.499402],[76.888596,35.499601],[76.888477,35.499969],[76.888358,35.500337],[76.888303,35.500703],[76.887989,35.50097]],[[76.858886,35.442756],[76.858443,35.44292],[76.857999,35.443084],[76.857495,35.443353],[76.857116,35.443567],[76.856738,35.443782],[76.856295,35.443946],[76.855852,35.444109],[76.855475,35.444377],[76.855164,35.444747],[76.854981,35.445116],[76.855243,35.445425],[76.855631,35.445628],[76.856079,35.445674],[76.856527,35.445719],[76.856972,35.445608],[76.857415,35.445444],[76.857793,35.445229],[76.858238,35.445118],[76.858747,35.445058],[76.859193,35.444999],[76.85964,35.444992],[76.860087,35.444985],[76.859645,35.445201],[76.859267,35.445468],[76.858824,35.445631],[76.858317,35.445796],[76.858069,35.446113],[76.858079,35.446531],[76.858466,35.446734],[76.858913,35.446727],[76.859361,35.446773],[76.859808,35.446766],[76.860255,35.446759],[76.860766,35.446751],[76.861271,35.446846],[76.861227,35.446962],[76.86107,35.447325],[76.860968,35.447687],[76.860974,35.447957],[76.860982,35.448299],[76.860673,35.448268],[76.860161,35.448224],[76.859714,35.448231],[76.859269,35.44829],[76.859338,35.448642],[76.858931,35.448408],[76.858536,35.448175],[76.858046,35.448023],[76.857554,35.447791],[76.857064,35.44764],[76.857033,35.447633],[76.85703,35.447475],[76.856633,35.447162],[76.856239,35.446956],[76.855844,35.44675],[76.855323,35.446651],[76.854929,35.446445],[76.854407,35.446347],[76.85414,35.446032],[76.853871,35.445611],[76.853601,35.44519],[76.85308,35.445092],[76.852426,35.44489],[76.852294,35.444874],[76.852474,35.444786],[76.852855,35.4446],[76.853208,35.444385],[76.853331,35.444563],[76.853459,35.444501],[76.85384,35.444314],[76.854221,35.444083],[76.854601,35.443852],[76.854982,35.443666],[76.855417,35.443434],[76.855798,35.443203],[76.856179,35.443016],[76.856616,35.442874],[76.857055,35.442778],[76.857492,35.442636],[76.857929,35.442494],[76.858369,35.442442],[76.858916,35.442298],[76.858991,35.44228],[76.859168,35.442278],[76.859133,35.442387],[76.858886,35.442756]],[[76.851824,35.516228],[76.851931,35.516625],[76.852038,35.517022],[76.852047,35.51742],[76.851958,35.51782],[76.851968,35.518218],[76.851879,35.518617],[76.85189,35.519095],[76.851901,35.519573],[76.852024,35.519856],[76.851937,35.519975],[76.851688,35.520293],[76.85131,35.520507],[76.850866,35.520671],[76.850419,35.520678],[76.849968,35.520528],[76.849539,35.520385],[76.849517,35.520378],[76.849066,35.520228],[76.848677,35.519973],[76.848223,35.519719],[76.84777,35.519464],[76.84732,35.519367],[76.846932,35.519164],[76.846817,35.519139],[76.846906,35.518947],[76.847068,35.518596],[76.847231,35.518246],[76.847306,35.517826],[76.847297,35.517408],[76.84729,35.51709],[76.84758,35.517052],[76.848025,35.516941],[76.848467,35.516725],[76.848974,35.516508],[76.849417,35.516344],[76.849666,35.516027],[76.849593,35.515662],[76.849393,35.5153],[76.849257,35.514936],[76.849453,35.514736],[76.849746,35.514826],[76.850237,35.514978],[76.850731,35.515289],[76.851128,35.515602],[76.851428,35.515916],[76.851824,35.516228]],[[76.812494,35.502381],[76.811328,35.502398],[76.810888,35.502285],[76.810878,35.501868],[76.810868,35.501391],[76.810858,35.500974],[76.810923,35.500615],[76.811208,35.500313],[76.811493,35.50001],[76.811852,35.499766],[76.812211,35.499522],[76.812722,35.499515],[76.812731,35.499932],[76.812812,35.500289],[76.812893,35.500645],[76.812975,35.501061],[76.812986,35.501538],[76.812494,35.502381]],[[76.87015,35.503997],[76.870435,35.503673],[76.870572,35.503378],[76.870623,35.503352],[76.871007,35.503107],[76.871389,35.502782],[76.871574,35.502381],[76.872035,35.501259],[76.87232,35.500936],[76.872605,35.500613],[76.872987,35.500288],[76.873472,35.500201],[76.873788,35.500092],[76.873873,35.50052],[76.873961,35.500908],[76.874129,35.501296],[76.874218,35.501684],[76.874543,35.502004],[76.874868,35.502324],[76.875188,35.502639],[76.874993,35.502688],[76.874549,35.502851],[76.874301,35.503169],[76.874182,35.503536],[76.874063,35.503904],[76.873943,35.504272],[76.873889,35.504691],[76.87377,35.505058],[76.87397,35.505421],[76.874106,35.505785],[76.874435,35.506198],[76.874698,35.506507],[76.874898,35.50687],[76.874844,35.507289],[76.874703,35.507572],[76.874324,35.507516],[76.873736,35.507366],[76.873245,35.507215],[76.872755,35.507063],[76.872268,35.50707],[76.871777,35.506919],[76.871382,35.506686],[76.870891,35.506534],[76.870402,35.506462],[76.869914,35.50639],[76.869519,35.506157],[76.869412,35.505761],[76.869305,35.505364],[76.869296,35.504966],[76.869384,35.504566],[76.869866,35.50432],[76.87015,35.503997]],[[76.861552,35.481002],[76.861892,35.481232],[76.86228,35.481422],[76.862717,35.48165],[76.863057,35.48188],[76.863446,35.482109],[76.863834,35.482299],[76.864174,35.482529],[76.864563,35.482758],[76.864904,35.482988],[76.865291,35.483178],[76.86568,35.483407],[76.866068,35.483597],[76.866503,35.483786],[76.866938,35.483936],[76.867422,35.484125],[76.867856,35.484236],[76.868288,35.484307],[76.86877,35.484417],[76.869203,35.484489],[76.869684,35.48456],[76.870163,35.484553],[76.870185,35.484554],[76.870309,35.484668],[76.870652,35.484976],[76.870946,35.485246],[76.871334,35.485475],[76.871771,35.485703],[76.872207,35.485893],[76.87264,35.485964],[76.87317,35.486113],[76.873651,35.486184],[76.874084,35.486255],[76.874517,35.486327],[76.875046,35.486436],[76.875482,35.486626],[76.875917,35.486776],[76.87635,35.486847],[76.87683,35.486879],[76.877309,35.486872],[76.87756,35.486868],[76.878097,35.487077],[76.878239,35.487121],[76.878323,35.487208],[76.878618,35.487517],[76.878817,35.487867],[76.879017,35.488217],[76.879169,35.488567],[76.879417,35.488916],[76.879711,35.489186],[76.880099,35.489376],[76.880536,35.489643],[76.880877,35.489873],[76.88136,35.490022],[76.881843,35.490211],[76.882279,35.4904],[76.882714,35.49055],[76.883148,35.4907],[76.883583,35.49085],[76.884062,35.490842],[76.884163,35.490804],[76.884166,35.490953],[76.884176,35.491351],[76.884185,35.491749],[76.884194,35.492148],[76.884106,35.492547],[76.883921,35.492948],[76.883833,35.493348],[76.883842,35.493746],[76.884135,35.494053],[76.883813,35.494272],[76.883583,35.494467],[76.883177,35.494474],[76.882686,35.494322],[76.882444,35.494208],[76.882463,35.494181],[76.88271,35.493829],[76.882873,35.493478],[76.883035,35.493127],[76.883195,35.492707],[76.883271,35.492287],[76.883346,35.491868],[76.883083,35.491524],[76.882653,35.491391],[76.882311,35.491538],[76.882239,35.491225],[76.881994,35.490904],[76.88167,35.490649],[76.881196,35.490787],[76.880722,35.490924],[76.88033,35.491125],[76.87994,35.491238],[76.879663,35.49102],[76.879314,35.490677],[76.878967,35.490404],[76.87862,35.49013],[76.878271,35.489787],[76.877839,35.489515],[76.877492,35.489242],[76.876979,35.48918],[76.87655,35.489048],[76.876119,35.488845],[76.875689,35.488643],[76.875342,35.48837],[76.874913,35.488237],[76.874402,35.488245],[76.873981,35.488461],[76.873818,35.488811],[76.873396,35.488957],[76.872885,35.488965],[76.872456,35.488833],[76.871942,35.488701],[76.871424,35.488431],[76.870994,35.488228],[76.870565,35.488095],[76.870049,35.487894],[76.869688,35.487816],[76.86968,35.487448],[76.869679,35.487412],[76.869219,35.487232],[76.868781,35.486965],[76.868439,35.486657],[76.868098,35.486427],[76.867803,35.486118],[76.867509,35.485809],[76.867168,35.485579],[76.86678,35.485389],[76.866392,35.485199],[76.866004,35.48497],[76.865663,35.48474],[76.865273,35.484472],[76.864884,35.484203],[76.864543,35.483973],[76.864155,35.483783],[76.863862,35.483514],[76.863473,35.483284],[76.863132,35.483054],[76.862743,35.482786],[76.862355,35.482596],[76.862014,35.482366],[76.861674,35.482136],[76.861285,35.481907],[76.860849,35.481718],[76.858891,35.481599],[76.858521,35.480568],[76.859234,35.47909],[76.859305,35.479155],[76.859599,35.479464],[76.859846,35.479774],[76.86014,35.480044],[76.860481,35.480273],[76.860821,35.480503],[76.861162,35.480733],[76.861552,35.481002]],[[76.932056,35.462209],[76.933817,35.459918],[76.935084,35.458695],[76.937146,35.458167],[76.939236,35.458841],[76.941315,35.459557],[76.941581,35.459553],[76.942027,35.459545],[76.942538,35.459537],[76.943049,35.459529],[76.943498,35.459626],[76.943824,35.459882],[76.944213,35.460137],[76.944661,35.460182],[76.945108,35.460175],[76.945555,35.460168],[76.945598,35.460147],[76.945987,35.460186],[76.946571,35.460177],[76.94701,35.460229],[76.947521,35.460221],[76.948033,35.460213],[76.948544,35.460204],[76.94898,35.460138],[76.949491,35.460129],[76.950001,35.460061],[76.950512,35.460053],[76.950947,35.459927],[76.951232,35.459623],[76.951443,35.459261],[76.951507,35.458902],[76.951644,35.458541],[76.951669,35.458401],[76.951751,35.458497],[76.951841,35.458603],[76.95185,35.458969],[76.951795,35.459336],[76.951803,35.459701],[76.95194,35.460065],[76.952004,35.460236],[76.951489,35.461543],[76.950656,35.462829],[76.950145,35.463057],[76.950423,35.463428],[76.950687,35.463739],[76.950901,35.463991],[76.951406,35.463663],[76.953092,35.464951],[76.952959,35.465239],[76.952797,35.46559],[76.952464,35.465874],[76.952131,35.466228],[76.951798,35.466512],[76.951464,35.466796],[76.951217,35.467149],[76.950885,35.467502],[76.950466,35.467788],[76.950391,35.468207],[76.950486,35.468624],[76.950666,35.469039],[76.950733,35.469193],[76.950438,35.469078],[76.949998,35.469025],[76.949487,35.469034],[76.948976,35.469042],[76.948539,35.469109],[76.94803,35.469177],[76.947596,35.469363],[76.947678,35.46972],[76.94812,35.469892],[76.948561,35.470005],[76.949001,35.470057],[76.949513,35.470109],[76.949953,35.470162],[76.950392,35.470214],[76.950833,35.470327],[76.951347,35.470438],[76.951344,35.471832],[76.951135,35.472095],[76.950761,35.472139],[76.950312,35.472147],[76.949863,35.472154],[76.949414,35.472161],[76.948963,35.472116],[76.948513,35.472071],[76.948063,35.472025],[76.94761,35.471875],[76.947282,35.471618],[76.946891,35.471362],[76.946437,35.471159],[76.945988,35.471166],[76.945476,35.471227],[76.945161,35.471495],[76.945234,35.471861],[76.945561,35.472118],[76.946016,35.472321],[76.946533,35.47247],[76.946984,35.472568],[76.947376,35.472824],[76.947766,35.473028],[76.948093,35.473285],[76.948357,35.473596],[76.948394,35.473653],[76.948357,35.473653],[76.947773,35.473663],[76.947261,35.473671],[76.946825,35.473738],[76.946835,35.474156],[76.946916,35.474513],[76.947071,35.474869],[76.94737,35.475163],[76.947478,35.475269],[76.94635,35.477164],[76.944759,35.478409],[76.94284,35.479501],[76.941246,35.477936],[76.94025,35.476944],[76.938912,35.475215],[76.938476,35.474734],[76.93859,35.474588],[76.938949,35.474343],[76.939385,35.474216],[76.939819,35.47403],[76.940254,35.473904],[76.940689,35.473777],[76.941269,35.473588],[76.941849,35.4734],[76.942357,35.473272],[76.942791,35.473086],[76.943223,35.47284],[76.943507,35.472477],[76.943208,35.472183],[76.942697,35.472191],[76.942623,35.472192],[76.942764,35.471951],[76.943123,35.471706],[76.943556,35.47146],[76.943989,35.471274],[76.944422,35.471028],[76.944857,35.470901],[76.945142,35.470598],[76.945427,35.470294],[76.945564,35.469934],[76.945775,35.469572],[76.945693,35.469214],[76.945256,35.469281],[76.944822,35.469468],[76.944463,35.469712],[76.944104,35.469957],[76.943671,35.470203],[76.943236,35.47033],[76.942877,35.470575],[76.942592,35.470878],[76.942307,35.471181],[76.942097,35.471543],[76.941886,35.471905],[76.941713,35.472255],[76.941603,35.472268],[76.941166,35.472335],[76.940729,35.472402],[76.940294,35.472528],[76.939934,35.472773],[76.939577,35.473078],[76.939144,35.473324],[76.938709,35.47345],[76.938274,35.473577],[76.937762,35.473585],[76.937441,35.47359],[76.937113,35.473228],[76.938037,35.471198],[76.939809,35.469366],[76.94036,35.469135],[76.940432,35.469144],[76.940873,35.469256],[76.941458,35.469307],[76.941972,35.469418],[76.942486,35.469529],[76.942998,35.469521],[76.943437,35.469573],[76.943874,35.469507],[76.94431,35.46944],[76.944744,35.469254],[76.945178,35.469067],[76.945537,35.468823],[76.945971,35.468636],[76.946331,35.468391],[76.946474,35.468145],[76.946845,35.468086],[76.947084,35.467946],[76.947077,35.467668],[76.947069,35.467303],[76.94706,35.466937],[76.947051,35.466571],[76.947234,35.466203],[76.94748,35.465833],[76.947921,35.465564],[76.948175,35.46547],[76.947936,35.46532],[76.947756,35.464905],[76.947632,35.464744],[76.94752,35.464839],[76.947073,35.464847],[76.946562,35.464855],[76.946241,35.464893],[76.946053,35.464915],[76.945608,35.465027],[76.945098,35.465035],[76.944874,35.465039],[76.944606,35.464956],[76.944175,35.464754],[76.943745,35.464552],[76.943314,35.46435],[76.942885,35.464217],[76.942378,35.464365],[76.941957,35.464581],[76.941449,35.464728],[76.940854,35.464738],[76.940377,35.464745],[76.939394,35.465415],[76.937116,35.46664],[76.936577,35.466815],[76.936069,35.466943],[76.93571,35.467188],[76.935425,35.467491],[76.935214,35.467853],[76.93515,35.468213],[76.93516,35.468631],[76.93517,35.469049],[76.93518,35.469467],[76.93519,35.469885],[76.935052,35.470246],[76.934988,35.470606],[76.934942,35.470685],[76.934501,35.47064],[76.934052,35.470543],[76.933663,35.47034],[76.933275,35.470137],[76.932823,35.469936],[76.932434,35.46968],[76.932046,35.469478],[76.931658,35.469275],[76.931395,35.468966],[76.931069,35.468709],[76.930744,35.468453],[76.930417,35.468145],[76.930091,35.467889],[76.929827,35.467527],[76.929691,35.467164],[76.929682,35.466798],[76.929991,35.466375],[76.930363,35.466149],[76.930655,35.46506],[76.932056,35.462209]],[[76.91699,35.452344],[76.917949,35.452381],[76.91795,35.452433],[76.917767,35.452802],[76.917648,35.45317],[76.917784,35.453533],[76.918235,35.453683],[76.918677,35.453467],[76.918925,35.453149],[76.919044,35.452782],[76.919099,35.452415],[76.919218,35.452047],[76.919401,35.451679],[76.919584,35.45131],[76.919701,35.45089],[76.919693,35.450524],[76.919492,35.450162],[76.919356,35.449798],[76.91922,35.449435],[76.919018,35.44902],[76.918882,35.448656],[76.918746,35.448292],[76.918609,35.447929],[76.918284,35.447673],[76.917833,35.447523],[76.917321,35.447479],[76.917002,35.447484],[76.916996,35.447223],[76.91686,35.446859],[76.916597,35.44655],[76.916333,35.446188],[76.91607,35.445879],[76.915745,35.445623],[76.915482,35.445313],[76.915219,35.445004],[76.914894,35.444748],[76.914568,35.444492],[76.91418,35.444289],[76.91373,35.444139],[76.913282,35.444094],[76.912837,35.444206],[76.912394,35.444369],[76.91195,35.444481],[76.911505,35.444593],[76.910932,35.444654],[76.910423,35.444714],[76.909913,35.444775],[76.909469,35.444886],[76.909022,35.444893],[76.908575,35.4449],[76.908128,35.444907],[76.907682,35.444914],[76.907235,35.444921],[76.906991,35.444925],[76.906902,35.444837],[76.906763,35.444701],[76.906392,35.444468],[76.906826,35.444282],[76.907337,35.444273],[76.907848,35.444265],[76.908434,35.444316],[76.908945,35.444308],[76.909093,35.444285],[76.909381,35.444241],[76.909815,35.444055],[76.910252,35.443988],[76.91076,35.443861],[76.911341,35.443732],[76.911777,35.443665],[76.912211,35.443479],[76.912719,35.443352],[76.913155,35.443225],[76.913365,35.442863],[76.913284,35.442506],[76.912985,35.442212],[76.912542,35.44204],[76.912109,35.442226],[76.911675,35.442412],[76.911241,35.442598],[76.910882,35.442843],[76.910448,35.443029],[76.910013,35.443155],[76.909649,35.443211],[76.909641,35.442872],[76.909631,35.442447],[76.909621,35.442022],[76.909611,35.441597],[76.909344,35.441283],[76.908959,35.441501],[76.90858,35.441932],[76.908196,35.442151],[76.907812,35.44237],[76.90756,35.442692],[76.907045,35.442913],[76.906531,35.443133],[76.906333,35.443164],[76.90633,35.443063],[76.906249,35.442703],[76.906222,35.442588],[76.906167,35.442344],[76.906083,35.441925],[76.905925,35.441446],[76.905843,35.441087],[76.90576,35.440668],[76.905677,35.440248],[76.905595,35.439889],[76.905585,35.439469],[76.905429,35.43911],[76.90542,35.43869],[76.905351,35.438391],[76.905389,35.438347],[76.9058,35.438097],[76.906275,35.43804],[76.906752,35.438082],[76.907231,35.438172],[76.907768,35.438212],[76.908244,35.438204],[76.908722,35.438245],[76.909258,35.438237],[76.909733,35.438181],[76.910207,35.438076],[76.910681,35.437971],[76.911156,35.437914],[76.911631,35.437858],[76.911983,35.437609],[76.911973,35.437219],[76.91161,35.436981],[76.911306,35.436693],[76.910827,35.436604],[76.910353,35.436709],[76.909878,35.436765],[76.909402,35.436772],[76.909039,35.436534],[76.908676,35.436296],[76.908313,35.436058],[76.907835,35.436017],[76.907359,35.436025],[76.906948,35.436275],[76.906537,35.436525],[76.906065,35.436728],[76.905591,35.436833],[76.905161,35.437017],[76.905078,35.436652],[76.904967,35.436397],[76.904922,35.436294],[76.904692,35.435877],[76.904545,35.43561],[76.904652,35.435608],[76.9051,35.435653],[76.905674,35.435592],[76.90612,35.435585],[76.906567,35.435578],[76.907014,35.435571],[76.907461,35.435564],[76.907973,35.435608],[76.90842,35.435601],[76.908931,35.435645],[76.909379,35.43569],[76.909891,35.435734],[76.910404,35.435831],[76.910851,35.435824],[76.911363,35.435868],[76.911811,35.435913],[76.912259,35.435958],[76.912584,35.436214],[76.912847,35.436524],[76.913111,35.436885],[76.913438,35.437194],[76.913653,35.437256],[76.913573,35.437505],[76.913454,35.437873],[76.913399,35.438239],[76.91328,35.438607],[76.913224,35.438974],[76.913105,35.439342],[76.91305,35.439708],[76.912931,35.440076],[76.912877,35.440495],[76.912758,35.440862],[76.912767,35.441228],[76.91303,35.441538],[76.913418,35.44174],[76.913868,35.44189],[76.914256,35.442093],[76.914457,35.442508],[76.91453,35.442872],[76.914793,35.443182],[76.915242,35.443279],[76.915691,35.443377],[76.916139,35.443422],[76.916714,35.443413],[76.917161,35.443405],[76.917539,35.44333],[76.917598,35.443365],[76.918088,35.443357],[76.918773,35.443346],[76.919049,35.443342],[76.919346,35.443124],[76.923115,35.44172],[76.926218,35.441754],[76.926319,35.441849],[76.92677,35.441998],[76.927218,35.442043],[76.927667,35.442141],[76.928116,35.442238],[76.928379,35.442547],[76.928452,35.442912],[76.928715,35.443221],[76.929041,35.44353],[76.929214,35.443643],[76.929174,35.443737],[76.929029,35.443954],[76.928683,35.443682],[76.928336,35.443409],[76.927907,35.443276],[76.927311,35.443286],[76.926804,35.443433],[76.926293,35.443441],[76.925784,35.443519],[76.925282,35.443875],[76.925292,35.444293],[76.925722,35.444495],[76.926153,35.444698],[76.926583,35.4449],[76.927099,35.445101],[76.927446,35.445374],[76.927606,35.445449],[76.927494,35.445592],[76.927116,35.445808],[76.926981,35.445858],[76.92686,35.445801],[76.926513,35.445528],[76.926083,35.445326],[76.925651,35.445054],[76.925222,35.444922],[76.924793,35.444789],[76.924279,35.444658],[76.924087,35.444635],[76.923846,35.444328],[76.922268,35.444932],[76.920345,35.445904],[76.919925,35.446852],[76.920818,35.447199],[76.921703,35.447185],[76.923216,35.447595],[76.924973,35.447061],[76.923905,35.446788],[76.923797,35.445994],[76.92384,35.445953],[76.923972,35.446056],[76.924319,35.446329],[76.924747,35.446462],[76.925178,35.446664],[76.925607,35.446797],[76.926037,35.446999],[76.926447,35.447191],[76.926452,35.447438],[76.926333,35.447806],[76.926216,35.448226],[76.926033,35.448594],[76.925978,35.448961],[76.926114,35.449325],[76.92638,35.449739],[76.926389,35.450156],[76.926398,35.450522],[76.926407,35.450888],[76.926543,35.451251],[76.926588,35.451504],[76.926489,35.451452],[76.926283,35.451498],[76.926217,35.451641],[76.925931,35.451967],[76.925922,35.451986],[76.925556,35.451814],[76.925041,35.451613],[76.92461,35.451411],[76.924263,35.451138],[76.923916,35.450865],[76.923569,35.450592],[76.923305,35.450247],[76.922958,35.449974],[76.922527,35.449772],[76.922097,35.44957],[76.921581,35.449369],[76.921152,35.449237],[76.920638,35.449105],[76.920127,35.449114],[76.919705,35.44926],[76.9198,35.449676],[76.920064,35.45002],[76.92048,35.450182],[76.920692,35.450038],[76.921132,35.45009],[76.921572,35.450203],[76.921943,35.450436],[76.922171,35.450791],[76.92247,35.451085],[76.922769,35.451379],[76.922997,35.451734],[76.923078,35.452091],[76.922842,35.452342],[76.922882,35.452513],[76.922577,35.452518],[76.922066,35.452526],[76.921626,35.452473],[76.921187,35.45242],[76.920745,35.452248],[76.920304,35.452135],[76.919867,35.452202],[76.919803,35.452562],[76.919884,35.452919],[76.920183,35.453213],[76.920624,35.453326],[76.921067,35.453498],[76.922023,35.453781],[76.922535,35.453833],[76.923046,35.453825],[76.923483,35.453758],[76.923592,35.453744],[76.923645,35.453795],[76.923992,35.454069],[76.924257,35.454482],[76.924604,35.454756],[76.9247,35.455172],[76.925048,35.455515],[76.925378,35.455839],[76.924517,35.457044],[76.924428,35.457112],[76.924229,35.456852],[76.923882,35.456717],[76.923845,35.456681],[76.923791,35.456681],[76.923675,35.456683],[76.923334,35.456689],[76.922974,35.456933],[76.922837,35.457294],[76.9224,35.457361],[76.921959,35.457248],[76.921732,35.456893],[76.921432,35.456599],[76.921062,35.456366],[76.920621,35.456254],[76.92011,35.456262],[76.919972,35.456623],[76.919974,35.456711],[76.919882,35.456712],[76.919807,35.457131],[76.91956,35.457484],[76.919139,35.457699],[76.918628,35.457708],[76.918118,35.457716],[76.917689,35.457583],[76.91726,35.457451],[76.916746,35.457319],[76.916317,35.457187],[76.915888,35.457054],[76.915457,35.456852],[76.915028,35.45672],[76.914599,35.456587],[76.914085,35.456456],[76.913404,35.456467],[76.912894,35.456475],[76.912944,35.4563],[76.91295,35.456277],[76.912811,35.456242],[76.912662,35.456184],[76.912734,35.456017],[76.912917,35.455649],[76.912972,35.455282],[76.913091,35.454914],[76.913274,35.454546],[76.91352,35.454176],[76.913768,35.453858],[76.914081,35.453592],[76.914588,35.453427],[76.915033,35.453316],[76.915476,35.453152],[76.915987,35.453144],[76.916559,35.45303],[76.916807,35.452713],[76.91699,35.452344]],[[76.860639,35.489207],[76.86098,35.489476],[76.861368,35.489666],[76.861804,35.489855],[76.861949,35.489953],[76.861996,35.490004],[76.862111,35.491276],[76.863512,35.492032],[76.865419,35.493169],[76.865428,35.493555],[76.865534,35.493951],[76.865544,35.494349],[76.865455,35.494749],[76.86527,35.49515],[76.864787,35.495317],[76.86439,35.495004],[76.863901,35.494932],[76.863414,35.49494],[76.863423,35.495338],[76.863335,35.495738],[76.863344,35.496136],[76.863644,35.49645],[76.863795,35.496569],[76.863414,35.49662],[76.862906,35.496784],[76.862461,35.496896],[76.862016,35.496955],[76.861504,35.496963],[76.86106,35.497074],[76.860862,35.497159],[76.86066,35.497023],[76.86027,35.496803],[76.860222,35.496773],[76.859959,35.496464],[76.859695,35.496102],[76.859433,35.495793],[76.85917,35.495483],[76.858907,35.495174],[76.858644,35.494864],[76.858319,35.494608],[76.857931,35.494405],[76.857542,35.49415],[76.857216,35.493893],[76.856826,35.493586],[76.856373,35.493331],[76.856234,35.493222],[76.856217,35.493125],[76.856043,35.492767],[76.855869,35.492409],[76.855751,35.49205],[76.855688,35.49169],[76.855789,35.491328],[76.856228,35.491231],[76.856724,35.491224],[76.85722,35.491216],[76.857262,35.491228],[76.857602,35.49112],[76.857862,35.491427],[76.857679,35.491796],[76.857688,35.492162],[76.858013,35.492418],[76.858465,35.49262],[76.858917,35.492822],[76.859432,35.492971],[76.859882,35.493121],[76.860055,35.492773],[76.860147,35.492833],[76.860139,35.492468],[76.86013,35.492076],[76.860121,35.491684],[76.860063,35.491254],[76.859957,35.490824],[76.85971,35.490515],[76.859369,35.490246],[76.858933,35.490056],[76.858592,35.489826],[76.858487,35.489436],[76.858431,35.489045],[76.857995,35.488856],[76.857513,35.488746],[76.857125,35.488556],[76.856785,35.488326],[76.856538,35.488016],[76.856433,35.487626],[76.856424,35.487234],[76.85685,35.486992],[76.857329,35.486985],[76.857513,35.486982],[76.857634,35.487041],[76.858022,35.487244],[76.858474,35.487446],[76.858924,35.487596],[76.859439,35.487745],[76.859827,35.487948],[76.859897,35.488199],[76.860048,35.48855],[76.860295,35.48886],[76.860639,35.489207]],[[76.852104,35.458909],[76.852492,35.459138],[76.852833,35.459368],[76.853127,35.459638],[76.853373,35.459948],[76.853504,35.460131],[76.853414,35.460286],[76.852184,35.461181],[76.851869,35.461186],[76.85139,35.461193],[76.851061,35.461472],[76.850683,35.461713],[76.850256,35.461877],[76.849778,35.461923],[76.849345,35.461852],[76.848957,35.461661],[76.848524,35.461551],[76.848146,35.461791],[76.847865,35.46207],[76.8477,35.462158],[76.847563,35.462072],[76.847049,35.46194],[76.846619,35.461738],[76.846105,35.461606],[76.845676,35.461473],[76.846095,35.461188],[76.846605,35.461111],[76.847027,35.460965],[76.84745,35.460819],[76.84787,35.460604],[76.848376,35.460387],[76.848882,35.46017],[76.849305,35.460024],[76.849209,35.459538],[76.84903,35.459192],[76.848852,35.458847],[76.848672,35.458431],[76.848494,35.458086],[76.847982,35.458024],[76.847551,35.457821],[76.847457,35.457405],[76.847395,35.457133],[76.847462,35.45709],[76.8477,35.456938],[76.848127,35.456775],[76.848652,35.456689],[76.848837,35.456719],[76.85028,35.456515],[76.85067,35.456939],[76.850674,35.457128],[76.850684,35.457559],[76.850836,35.457909],[76.851035,35.458259],[76.851329,35.458529],[76.851716,35.458719],[76.852104,35.458909]],[[76.84452,35.459331],[76.844009,35.459339],[76.843754,35.459308],[76.843773,35.459115],[76.843796,35.459012],[76.84386,35.458722],[76.843899,35.458329],[76.843985,35.457897],[76.844266,35.457618],[76.844644,35.457377],[76.845071,35.457214],[76.845596,35.457127],[76.846075,35.45712],[76.846347,35.457304],[76.846348,35.457352],[76.846358,35.45777],[76.845935,35.457916],[76.845426,35.457993],[76.845005,35.458209],[76.84493,35.458628],[76.844854,35.459047],[76.84452,35.459331]],[[76.902651,35.471304],[76.904854,35.471835],[76.906383,35.473131],[76.907467,35.475094],[76.907624,35.476883],[76.908225,35.477911],[76.902918,35.479543],[76.902903,35.479556],[76.902417,35.479724],[76.901931,35.479892],[76.901447,35.48014],[76.901061,35.480387],[76.900573,35.480474],[76.900468,35.480511],[76.900344,35.480366],[76.900271,35.479999],[76.900199,35.479633],[76.90019,35.479265],[76.90031,35.478896],[76.900493,35.478525],[76.900549,35.478157],[76.90054,35.477789],[76.90053,35.477369],[76.900266,35.477059],[76.899876,35.476855],[76.899425,35.476757],[76.898976,35.476764],[76.898529,35.476876],[76.89828,35.477195],[76.89816,35.477564],[76.898361,35.477929],[76.898562,35.478293],[76.898635,35.47866],[76.898708,35.479026],[76.898845,35.479391],[76.899047,35.479808],[76.899185,35.480226],[76.899322,35.480592],[76.899453,35.480861],[76.899116,35.480978],[76.89863,35.481146],[76.898046,35.481316],[76.89766,35.481562],[76.897572,35.481618],[76.89735,35.481358],[76.897085,35.480994],[76.896883,35.480578],[76.89681,35.480211],[76.896672,35.479793],[76.896599,35.479427],[76.896462,35.479061],[76.896324,35.478643],[76.896185,35.478226],[76.896177,35.477858],[76.896168,35.477491],[76.896159,35.477123],[76.895709,35.477078],[76.895262,35.47719],[76.894949,35.47751],[76.894699,35.477829],[76.894708,35.478196],[76.894972,35.478507],[76.895236,35.478818],[76.895439,35.479235],[76.895384,35.479656],[76.895265,35.480025],[76.895081,35.480396],[76.894831,35.480715],[76.894642,35.480785],[76.894635,35.480513],[76.894429,35.480038],[76.894128,35.479645],[76.893922,35.47917],[76.893621,35.478776],[76.893417,35.478381],[76.89331,35.477985],[76.893203,35.477588],[76.892753,35.477669],[76.892484,35.477351],[76.892007,35.477359],[76.89153,35.477366],[76.891055,35.477439],[76.890582,35.477576],[76.889948,35.477651],[76.889471,35.477658],[76.888995,35.477666],[76.888442,35.477805],[76.887968,35.477942],[76.887496,35.478144],[76.887185,35.478409],[76.88709,35.478544],[76.886801,35.478644],[76.886417,35.478889],[76.886033,35.479134],[76.885548,35.479221],[76.885164,35.479466],[76.884865,35.47957],[76.884876,35.479519],[76.884963,35.479037],[76.88505,35.478642],[76.884908,35.477432],[76.884851,35.474992],[76.884742,35.474802],[76.884732,35.474371],[76.884722,35.47394],[76.884808,35.473507],[76.884798,35.473076],[76.884835,35.472645],[76.884923,35.472291],[76.885105,35.471896],[76.885192,35.471503],[76.885424,35.471185],[76.885851,35.470983],[76.886279,35.470859],[76.886705,35.470656],[76.887179,35.470413],[76.887653,35.47021],[76.88808,35.470047],[76.888508,35.469883],[76.888838,35.469643],[76.889215,35.469402],[76.889594,35.4692],[76.890022,35.469075],[76.890451,35.46899],[76.890978,35.468982],[76.891411,35.469054],[76.891846,35.469204],[76.89228,35.469354],[76.892714,35.469464],[76.892798,35.469514],[76.894407,35.469614],[76.898106,35.470059],[76.901196,35.470764],[76.901428,35.471045],[76.902651,35.471304]],[[76.86917,35.507915],[76.869471,35.508309],[76.869772,35.508702],[76.870072,35.509016],[76.870372,35.50933],[76.870767,35.509563],[76.870899,35.509701],[76.870554,35.509707],[76.869916,35.509717],[76.869148,35.509676],[76.868441,35.509531],[76.868194,35.509459],[76.867417,35.509618],[76.867353,35.509377],[76.867343,35.508979],[76.867431,35.508579],[76.867422,35.508181],[76.867123,35.507867],[76.866821,35.507473],[76.866715,35.507077],[76.866608,35.50668],[76.866599,35.506282],[76.86659,35.505884],[76.867075,35.505797],[76.867181,35.506193],[76.867288,35.50659],[76.867492,35.506985],[76.867984,35.507217],[76.868475,35.507368],[76.86887,35.507601],[76.86917,35.507915]],[[76.855047,35.50698],[76.855376,35.506975],[76.856584,35.507372],[76.85929,35.50733],[76.85951,35.507445],[76.85996,35.507595],[76.860408,35.507588],[76.860655,35.507218],[76.860873,35.507247],[76.861364,35.507399],[76.861855,35.50755],[76.862345,35.507702],[76.862836,35.507854],[76.863323,35.507846],[76.863707,35.507601],[76.863992,35.507278],[76.864477,35.507191],[76.864965,35.507263],[76.865265,35.507577],[76.865274,35.507975],[76.865186,35.508375],[76.865293,35.508772],[76.865399,35.509168],[76.86541,35.509646],[76.865418,35.510001],[76.863205,35.510414],[76.859687,35.511223],[76.857109,35.512378],[76.856996,35.512325],[76.85641,35.512255],[76.855923,35.512262],[76.855436,35.512269],[76.854949,35.512277],[76.854554,35.512044],[76.854159,35.511811],[76.854052,35.511415],[76.854043,35.511016],[76.854131,35.510617],[76.854025,35.51022],[76.853918,35.509823],[76.853812,35.509427],[76.853608,35.509032],[76.853213,35.508799],[76.852976,35.508659],[76.852952,35.508539],[76.852816,35.508175],[76.852808,35.507809],[76.852863,35.507443],[76.85324,35.507175],[76.853614,35.506752],[76.853789,35.506603],[76.854124,35.506752],[76.85416,35.506769],[76.854605,35.506942],[76.855047,35.50698]],[[76.880821,35.477175],[76.880589,35.477532],[76.880693,35.477883],[76.880988,35.478192],[76.881424,35.478381],[76.881705,35.478102],[76.881888,35.477747],[76.881975,35.477353],[76.882207,35.477036],[76.882636,35.476951],[76.88274,35.477302],[76.882701,35.477695],[76.882614,35.478049],[76.882479,35.478443],[76.882393,35.478836],[76.882162,35.479232],[76.882027,35.479587],[76.881891,35.479941],[76.881756,35.480296],[76.881766,35.480727],[76.881775,35.481119],[76.881785,35.48155],[76.881787,35.481618],[76.881993,35.481888],[76.882294,35.482203],[76.882351,35.482248],[76.882217,35.48254],[76.882031,35.482941],[76.881912,35.482881],[76.881524,35.482691],[76.881183,35.482461],[76.880748,35.482272],[76.88036,35.482082],[76.879972,35.481892],[76.879536,35.481663],[76.879147,35.481434],[76.878806,35.481204],[76.878512,35.480935],[76.878219,35.480665],[76.877831,35.480475],[76.877398,35.480403],[76.876917,35.480332],[76.876483,35.480222],[76.876004,35.480229],[76.875575,35.480314],[76.875303,35.480584],[76.875076,35.480483],[76.874598,35.480425],[76.874121,35.480433],[76.873565,35.480441],[76.873164,35.480253],[76.872762,35.480064],[76.872359,35.47981],[76.872035,35.479555],[76.871632,35.479301],[76.871073,35.47918],[76.870596,35.479187],[76.87026,35.479193],[76.870176,35.478909],[76.869835,35.478679],[76.869356,35.478686],[76.868877,35.478694],[76.868349,35.478663],[76.867917,35.478591],[76.867507,35.478597],[76.867294,35.478463],[76.865381,35.478417],[76.865161,35.477306],[76.867138,35.475897],[76.868416,35.475081],[76.870853,35.47393],[76.873358,35.472883],[76.874189,35.472393],[76.876773,35.471981],[76.878712,35.471686],[76.880973,35.471333],[76.881966,35.471113],[76.881886,35.471515],[76.881896,35.471907],[76.882047,35.472257],[76.882107,35.472393],[76.882099,35.472413],[76.881916,35.472769],[76.881829,35.473162],[76.881838,35.473554],[76.8818,35.473986],[76.881715,35.474418],[76.881676,35.474811],[76.881685,35.475202],[76.881789,35.475553],[76.881698,35.475751],[76.881514,35.476106],[76.881379,35.476461],[76.881101,35.476858],[76.880821,35.477175]],[[76.851128,35.509821],[76.851577,35.509866],[76.852133,35.509705],[76.852364,35.510007],[76.852567,35.510402],[76.852771,35.510797],[76.852781,35.511195],[76.852692,35.511595],[76.852407,35.511918],[76.851924,35.512084],[76.851529,35.511852],[76.85152,35.511453],[76.851511,35.511055],[76.85102,35.510903],[76.850856,35.510853],[76.850891,35.510815],[76.85105,35.51068],[76.850956,35.51066],[76.850442,35.510563],[76.849994,35.510518],[76.849543,35.510368],[76.849154,35.510112],[76.848764,35.509857],[76.848376,35.509654],[76.848051,35.509398],[76.848189,35.509281],[76.848364,35.509132],[76.848811,35.509125],[76.849325,35.509221],[76.849774,35.509319],[76.850225,35.509469],[76.850677,35.509671],[76.851128,35.509821]],[[76.883545,35.502404],[76.883661,35.502671],[76.88396,35.502985],[76.884208,35.503245],[76.884211,35.50338],[76.88422,35.503746],[76.88423,35.504164],[76.884174,35.50453],[76.884119,35.504897],[76.883741,35.505112],[76.88329,35.504962],[76.883153,35.504599],[76.883145,35.504233],[76.883136,35.503867],[76.883128,35.503502],[76.883158,35.503303],[76.883183,35.503135],[76.883302,35.502767],[76.883545,35.502404]],[[76.869194,35.528219],[76.869204,35.528637],[76.869042,35.528988],[76.868794,35.52934],[76.868373,35.529556],[76.868039,35.52984],[76.867621,35.530194],[76.867286,35.530478],[76.866953,35.530832],[76.866706,35.531184],[76.866544,35.531535],[76.866381,35.531886],[76.865798,35.532452],[76.86529,35.532599],[76.864778,35.532607],[76.864267,35.532615],[76.863844,35.532761],[76.863422,35.532907],[76.862912,35.532985],[76.862489,35.533131],[76.862066,35.533276],[76.861558,35.533424],[76.861047,35.533431],[76.860534,35.53337],[76.860278,35.533374],[76.859849,35.533241],[76.859333,35.53304],[76.858904,35.532907],[76.858393,35.532915],[76.857798,35.532994],[76.857368,35.532861],[76.856939,35.532728],[76.85651,35.532596],[76.856079,35.532393],[76.855732,35.53212],[76.855553,35.531774],[76.855206,35.531501],[76.854774,35.531229],[76.854176,35.531168],[76.853663,35.531107],[76.853152,35.531114],[76.852639,35.531053],[76.852375,35.530708],[76.852709,35.530424],[76.853131,35.530209],[76.853552,35.529993],[76.853975,35.529848],[76.854396,35.529632],[76.854906,35.529555],[76.855417,35.529547],[76.855928,35.529539],[76.856357,35.529672],[76.856788,35.529874],[76.857219,35.530076],[76.857651,35.530348],[76.85783,35.530694],[76.858259,35.530827],[76.858772,35.530889],[76.859283,35.530881],[76.859794,35.530873],[76.860306,35.530865],[76.860817,35.530857],[76.861328,35.530849],[76.861751,35.530703],[76.862174,35.530557],[76.862597,35.530412],[76.863019,35.530266],[76.863442,35.53012],[76.863865,35.529974],[76.864286,35.529758],[76.864796,35.529681],[76.865219,35.529535],[76.865641,35.529389],[76.866063,35.529173],[76.866395,35.52882],[76.866558,35.528469],[76.86672,35.528118],[76.866882,35.527767],[76.867394,35.527759],[76.867905,35.527751],[76.868418,35.527813],[76.868847,35.527946],[76.869194,35.528219]],[[76.85687,35.537119],[76.857048,35.537465],[76.857312,35.537809],[76.856978,35.538093],[76.85673,35.538445],[76.856312,35.5388],[76.855978,35.539084],[76.855545,35.538812],[76.855198,35.538538],[76.85485,35.538265],[76.854587,35.537921],[76.854238,35.537578],[76.854486,35.537225],[76.854907,35.53701],[76.855241,35.536726],[76.855662,35.536511],[76.856259,35.536501],[76.856775,35.536702],[76.85687,35.537119]],[[76.83576,35.519745],[76.835831,35.520107],[76.83574,35.520139],[76.835059,35.520229],[76.834574,35.520316],[76.834091,35.520482],[76.833707,35.520727],[76.833225,35.520974],[76.832841,35.521218],[76.832556,35.521541],[76.832271,35.521864],[76.83228,35.522262],[76.832094,35.522664],[76.831908,35.523065],[76.83182,35.523464],[76.831829,35.523863],[76.831936,35.524259],[76.83204,35.524648],[76.831819,35.524836],[76.831439,35.525266],[76.831211,35.525396],[76.830888,35.5254],[76.830432,35.525315],[76.829977,35.525321],[76.829521,35.525235],[76.828951,35.525151],[76.828496,35.525158],[76.827926,35.525074],[76.82747,35.524988],[76.8269,35.524904],[76.826445,35.52491],[76.825991,35.524917],[76.825536,35.524924],[76.825082,35.524931],[76.824627,35.524938],[76.824177,35.525131],[76.823727,35.525323],[76.823279,35.525609],[76.822715,35.525803],[76.822381,35.526087],[76.821928,35.526187],[76.821476,35.526286],[76.820912,35.526481],[76.82046,35.52658],[76.820008,35.52668],[76.819442,35.526781],[76.818989,35.526881],[76.818537,35.526981],[76.818082,35.526988],[76.81763,35.527088],[76.817178,35.527187],[76.816723,35.527194],[76.816269,35.527201],[76.815815,35.527208],[76.81536,35.527215],[76.814908,35.527314],[76.814455,35.527414],[76.814001,35.527421],[76.813431,35.527337],[76.812974,35.527251],[76.812516,35.527072],[76.812059,35.526986],[76.811603,35.5269],[76.811146,35.526813],[76.810578,35.526822],[76.81001,35.526831],[76.809442,35.526839],[76.809264,35.526842],[76.808364,35.525742],[76.807435,35.523979],[76.807671,35.524227],[76.808162,35.524379],[76.808557,35.524612],[76.809046,35.524684],[76.809538,35.524916],[76.810029,35.525068],[76.810521,35.5253],[76.811014,35.525531],[76.811503,35.525603],[76.811993,35.525755],[76.812479,35.525668],[76.812861,35.525344],[76.813047,35.524943],[76.813429,35.524619],[76.813615,35.524218],[76.813606,35.523819],[76.813209,35.523507],[76.812621,35.523356],[76.812133,35.523284],[76.811644,35.523212],[76.811249,35.522979],[76.810854,35.522745],[76.81065,35.52235],[76.810834,35.521869],[76.811119,35.521547],[76.811402,35.521144],[76.811665,35.520846],[76.811939,35.520989],[76.812264,35.521246],[76.812527,35.521555],[76.812852,35.521812],[76.813364,35.521856],[76.813812,35.52185],[76.814259,35.521843],[76.814705,35.521784],[76.815151,35.521725],[76.815597,35.521666],[76.816045,35.521659],[76.81649,35.521548],[76.816998,35.521436],[76.817507,35.521324],[76.818014,35.521107],[76.818457,35.520944],[76.818506,35.520926],[76.818703,35.521233],[76.818871,35.521366],[76.818724,35.521751],[76.818636,35.52215],[76.818354,35.522633],[76.818266,35.523032],[76.818275,35.52343],[76.818284,35.523829],[76.818488,35.524224],[76.818594,35.52462],[76.818603,35.525019],[76.818612,35.525417],[76.818911,35.525731],[76.819398,35.525724],[76.819886,35.525716],[76.820369,35.52555],[76.820856,35.525542],[76.821339,35.525376],[76.821823,35.525209],[76.822108,35.524886],[76.82259,35.52464],[76.823071,35.524394],[76.823555,35.524227],[76.823939,35.523982],[76.824027,35.523582],[76.824046,35.523534],[76.824082,35.523511],[76.824521,35.523323],[76.824848,35.523046],[76.825175,35.522769],[76.825278,35.522404],[76.825491,35.522038],[76.82559,35.521492],[76.825693,35.521127],[76.825876,35.521093],[76.826321,35.520981],[76.826634,35.520715],[76.826881,35.520346],[76.827001,35.519978],[76.82712,35.519611],[76.827304,35.519242],[76.827354,35.519087],[76.827536,35.519194],[76.827979,35.519187],[76.827988,35.51955],[76.827774,35.519916],[76.82756,35.520283],[76.827458,35.520647],[76.827355,35.521012],[76.827363,35.521374],[76.827593,35.521734],[76.828039,35.521818],[76.828253,35.521452],[76.828353,35.520996],[76.828567,35.52063],[76.82867,35.520266],[76.828883,35.5199],[76.82921,35.519622],[76.829648,35.519344],[76.830091,35.519337],[76.830322,35.519696],[76.830552,35.520056],[76.830782,35.520415],[76.831219,35.520136],[76.831433,35.51977],[76.83176,35.519493],[76.832202,35.519395],[76.832645,35.519389],[76.833089,35.519382],[76.833535,35.519466],[76.83409,35.519458],[76.834531,35.51936],[76.834858,35.519083],[76.835185,35.518806],[76.835511,35.518529],[76.835707,35.518404],[76.835724,35.518487],[76.835732,35.518528],[76.835741,35.518909],[76.83575,35.519327],[76.83576,35.519745]],[[76.865046,35.540477],[76.86531,35.540821],[76.865488,35.541167],[76.865583,35.541583],[76.865612,35.54165],[76.865268,35.541942],[76.864916,35.542341],[76.864801,35.54216],[76.864453,35.541887],[76.864106,35.541614],[76.863757,35.541248],[76.863296,35.540976],[76.862948,35.540703],[76.862826,35.540333],[76.862817,35.539961],[76.862903,35.539952],[76.863497,35.539873],[76.863857,35.539868],[76.864009,35.539866],[76.86452,35.539858],[76.864867,35.540131],[76.865046,35.540477]],[[76.810327,35.521001],[76.809943,35.521246],[76.809559,35.52149],[76.809072,35.521498],[76.808581,35.521346],[76.808092,35.521273],[76.807604,35.521201],[76.807116,35.521208],[76.806687,35.521215],[76.806918,35.521019],[76.807341,35.520803],[76.807764,35.520586],[76.808013,35.520233],[76.808183,35.519992],[76.808274,35.520051],[76.808662,35.520255],[76.809177,35.520404],[76.809817,35.520446],[76.810264,35.52044],[76.810412,35.520437],[76.810416,35.520601],[76.810327,35.521001]],[[76.888092,35.496388],[76.887712,35.496089],[76.888135,35.496025],[76.888557,35.495879],[76.888628,35.495935],[76.889104,35.495927],[76.889583,35.495985],[76.889894,35.49572],[76.890125,35.495392],[76.890527,35.49558],[76.891007,35.495703],[76.891483,35.495695],[76.89196,35.495688],[76.892437,35.49568],[76.89291,35.495543],[76.892981,35.495152],[76.892735,35.494831],[76.892489,35.49451],[76.892241,35.494123],[76.891995,35.493802],[76.891515,35.49368],[76.890877,35.49356],[76.89055,35.493521],[76.890382,35.493259],[76.890296,35.49326],[76.889245,35.492226],[76.889065,35.491879],[76.888886,35.491532],[76.888791,35.491113],[76.888693,35.490625],[76.888429,35.490279],[76.887979,35.490225],[76.887945,35.490097],[76.887936,35.489699],[76.887732,35.489304],[76.887526,35.488829],[76.887322,35.488434],[76.887118,35.488039],[76.886914,35.487644],[76.887002,35.487244],[76.887187,35.486843],[76.887273,35.486364],[76.887457,35.485883],[76.887543,35.485404],[76.887726,35.484923],[76.887912,35.484522],[76.888195,35.484119],[76.88838,35.483718],[76.888663,35.483315],[76.889045,35.48299],[76.889328,35.482588],[76.889612,35.482265],[76.889996,35.48202],[76.890378,35.481695],[76.890563,35.481294],[76.890749,35.480893],[76.891033,35.48057],[76.891316,35.480167],[76.891805,35.480239],[76.8922,35.480472],[76.892595,35.480704],[76.89299,35.480937],[76.89348,35.481089],[76.893735,35.481249],[76.893626,35.481311],[76.893376,35.48163],[76.893062,35.481898],[76.892815,35.482322],[76.892567,35.482693],[76.892121,35.482858],[76.891677,35.483075],[76.891428,35.483394],[76.891436,35.483761],[76.891639,35.484178],[76.891903,35.484489],[76.892168,35.484852],[76.892378,35.485083],[76.892262,35.485333],[76.891978,35.485738],[76.891704,35.486049],[76.891863,35.488069],[76.893616,35.489079],[76.894639,35.488962],[76.895085,35.488797],[76.895531,35.488633],[76.896039,35.488415],[76.896548,35.488197],[76.896991,35.487927],[76.897501,35.487762],[76.897945,35.487545],[76.898388,35.487275],[76.898834,35.487111],[76.899278,35.486894],[76.899658,35.486678],[76.900104,35.486513],[76.900549,35.486348],[76.900929,35.486132],[76.901315,35.48599],[76.903086,35.484875],[76.906745,35.483592],[76.910306,35.483064],[76.911714,35.483288],[76.913837,35.485374],[76.918226,35.48895],[76.920356,35.494498],[76.921814,35.497618],[76.922495,35.500373],[76.924387,35.502354],[76.928144,35.505186],[76.929114,35.507182],[76.931022,35.509791],[76.932306,35.512034],[76.932987,35.514789],[76.934862,35.516016],[76.937216,35.51799],[76.940055,35.520961],[76.941583,35.522759],[76.93979,35.522726],[76.937697,35.521257],[76.933695,35.518797],[76.931058,35.517711],[76.929506,35.517108],[76.927938,35.516814],[76.928174,35.516545],[76.928558,35.5163],[76.928743,35.515899],[76.928734,35.515501],[76.928529,35.515106],[76.928325,35.514711],[76.928121,35.514316],[76.927916,35.513921],[76.927809,35.513524],[76.92751,35.51321],[76.927114,35.512978],[76.926719,35.512745],[76.926228,35.512593],[76.925642,35.512523],[76.925157,35.51261],[76.925166,35.513009],[76.925466,35.513322],[76.925573,35.513719],[76.925485,35.514119],[76.925101,35.514364],[76.924719,35.514689],[76.924435,35.515012],[76.924347,35.515411],[76.924265,35.515588],[76.924247,35.515321],[76.924164,35.514905],[76.92401,35.514549],[76.923928,35.514191],[76.923918,35.513773],[76.923476,35.513601],[76.92304,35.513728],[76.92253,35.513796],[76.922019,35.513804],[76.921582,35.51387],[76.921145,35.513937],[76.921041,35.513953],[76.920473,35.513618],[76.920696,35.513466],[76.921128,35.51322],[76.921488,35.512976],[76.921847,35.512731],[76.922354,35.512544],[76.922712,35.512239],[76.923146,35.512053],[76.923211,35.511694],[76.922912,35.5114],[76.922468,35.511168],[76.921883,35.511177],[76.921598,35.51148],[76.921093,35.511727],[76.920584,35.511855],[76.920149,35.511981],[76.91985,35.511687],[76.920208,35.511383],[76.920642,35.511197],[76.920927,35.510894],[76.921362,35.510767],[76.921722,35.510522],[76.921786,35.510163],[76.921558,35.509808],[76.921049,35.509876],[76.920542,35.510063],[76.920035,35.510251],[76.919599,35.510377],[76.919015,35.510386],[76.918571,35.510154],[76.918262,35.50996],[76.91858,35.509757],[76.918916,35.509471],[76.919366,35.509184],[76.919702,35.508899],[76.919579,35.508527],[76.91923,35.508253],[76.918881,35.507978],[76.918532,35.507704],[76.918071,35.507525],[76.917722,35.50725],[76.917261,35.507071],[76.9168,35.506891],[76.916791,35.506518],[76.916896,35.506143],[76.916435,35.505964],[76.916086,35.505689],[76.915509,35.505418],[76.91516,35.505144],[76.914881,35.505035],[76.914572,35.504841],[76.914201,35.504608],[76.913844,35.504383],[76.913819,35.504364],[76.913531,35.504081],[76.91316,35.503848],[76.912861,35.503554],[76.912633,35.503199],[76.912479,35.502843],[76.912397,35.502486],[76.912387,35.502068],[76.912306,35.50171],[76.911935,35.501477],[76.911428,35.501665],[76.910994,35.501851],[76.910789,35.501967],[76.910773,35.501899],[76.910678,35.501481],[76.910582,35.501062],[76.910403,35.500715],[76.910393,35.500295],[76.910383,35.499875],[76.910373,35.499455],[76.910363,35.499035],[76.910351,35.498545],[76.91017,35.498128],[76.909991,35.497781],[76.909811,35.497434],[76.909546,35.497088],[76.909115,35.496955],[76.908872,35.497518],[76.90871,35.497941],[76.908462,35.498295],[76.90795,35.498373],[76.907435,35.498311],[76.907256,35.497964],[76.906821,35.497691],[76.906307,35.497699],[76.905972,35.497984],[76.905636,35.49827],[76.905211,35.498417],[76.9047,35.498495],[76.904133,35.498504],[76.904126,35.498207],[76.904209,35.497992],[76.904218,35.497928],[76.904215,35.497805],[76.904211,35.497635],[76.904261,35.497285],[76.904325,35.497147],[76.904932,35.496741],[76.905268,35.496455],[76.905604,35.49617],[76.905631,35.49614],[76.905818,35.496137],[76.906329,35.496129],[76.90684,35.496121],[76.907351,35.496113],[76.907861,35.496045],[76.908297,35.495919],[76.908655,35.495615],[76.908282,35.495322],[76.90791,35.495029],[76.907683,35.494674],[76.907243,35.494621],[76.906809,35.494807],[76.90645,35.495052],[76.906013,35.495119],[76.905571,35.494946],[76.905489,35.494589],[76.905262,35.494234],[76.90518,35.493877],[76.904952,35.493522],[76.904582,35.493289],[76.904139,35.493117],[76.903628,35.493125],[76.903194,35.493311],[76.902759,35.493437],[76.902249,35.493505],[76.901738,35.493513],[76.90123,35.493641],[76.900793,35.493707],[76.900282,35.493715],[76.899848,35.493902],[76.899488,35.494146],[76.899056,35.494392],[76.89862,35.494518],[76.898109,35.494526],[76.897669,35.494474],[76.897227,35.494301],[76.896712,35.49413],[76.896269,35.493958],[76.896042,35.493603],[76.895743,35.493309],[76.895233,35.493377],[76.895022,35.493738],[76.894959,35.494158],[76.894821,35.494518],[76.894831,35.494936],[76.894767,35.495296],[76.894778,35.495774],[76.894938,35.496064],[76.894585,35.496111],[76.894142,35.496274],[76.893698,35.496438],[76.893191,35.496603],[76.892747,35.496767],[76.892303,35.496878],[76.891857,35.496937],[76.891412,35.497049],[76.890969,35.497213],[76.890525,35.497376],[76.890342,35.497745],[76.890094,35.498062],[76.889956,35.498341],[76.88989,35.498272],[76.889399,35.49812],[76.889004,35.497888],[76.8888,35.497492],[76.888596,35.497097],[76.888392,35.496702],[76.888092,35.496388]],[[76.821206,35.542584],[76.821046,35.542458],[76.820699,35.542184],[76.820352,35.541911],[76.820295,35.541866],[76.820636,35.541791],[76.821151,35.541571],[76.821796,35.541349],[76.822048,35.541026],[76.822167,35.540824],[76.82249,35.540949],[76.822837,35.541223],[76.82317,35.541286],[76.82309,35.54132],[76.822648,35.541509],[76.822433,35.541877],[76.82233,35.542244],[76.821887,35.542433],[76.821443,35.542531],[76.821206,35.542584]],[[76.87911,35.540397],[76.878862,35.54075],[76.8787,35.541101],[76.878538,35.541452],[76.87829,35.541804],[76.878043,35.542156],[76.87788,35.542507],[76.877633,35.542859],[76.877298,35.543143],[76.876877,35.543359],[76.876363,35.543227],[76.876101,35.543022],[76.876332,35.542727],[76.876585,35.542404],[76.876837,35.542082],[76.877089,35.541759],[76.877474,35.541541],[76.877856,35.541216],[76.878241,35.540998],[76.878623,35.540673],[76.879008,35.540455],[76.87911,35.540397]],[[76.867225,35.49839],[76.867675,35.498539],[76.868054,35.498325],[76.868035,35.498298],[76.868267,35.49837],[76.868662,35.498603],[76.86915,35.498675],[76.869545,35.498908],[76.869555,35.499306],[76.869566,35.499784],[76.869478,35.500183],[76.868994,35.50035],[76.868507,35.500358],[76.868021,35.500365],[76.867534,35.500373],[76.867047,35.50038],[76.86656,35.500388],[76.866073,35.500395],[76.865588,35.500482],[76.865364,35.500486],[76.865144,35.500244],[76.864862,35.499933],[76.864524,35.499622],[76.86408,35.499494],[76.863743,35.499229],[76.863405,35.498918],[76.863068,35.498653],[76.862974,35.49855],[76.862766,35.498469],[76.862876,35.498248],[76.863386,35.498188],[76.863833,35.498181],[76.864409,35.498224],[76.864859,35.498322],[76.86537,35.498314],[76.865817,35.498307],[76.866264,35.4983],[76.866775,35.498292],[76.867225,35.49839]],[[76.822377,35.544343],[76.822162,35.544711],[76.821836,35.545081],[76.821732,35.545447],[76.821517,35.545816],[76.821302,35.546184],[76.821087,35.546552],[76.820761,35.546922],[76.820318,35.547112],[76.819878,35.547392],[76.819435,35.547581],[76.818993,35.547771],[76.818548,35.547869],[76.818102,35.547875],[76.817655,35.547882],[76.817097,35.54789],[76.816802,35.547895],[76.8168,35.547815],[76.816938,35.547455],[76.816988,35.547179],[76.81706,35.547163],[76.817515,35.547156],[76.817967,35.547056],[76.818531,35.546862],[76.818979,35.546577],[76.819198,35.546202],[76.819417,35.545827],[76.819752,35.545543],[76.8202,35.545257],[76.820648,35.544972],[76.820983,35.544688],[76.821317,35.544404],[76.821652,35.544121],[76.821757,35.543748],[76.821756,35.54368],[76.821916,35.543711],[76.822367,35.543886],[76.822377,35.544343]],[[76.788426,35.547684],[76.788207,35.548059],[76.787872,35.548343],[76.78742,35.548442],[76.786965,35.548449],[76.786511,35.548456],[76.786052,35.548277],[76.785482,35.548192],[76.785135,35.547919],[76.785013,35.547549],[76.784777,35.547181],[76.784655,35.546811],[76.784692,35.546799],[76.785178,35.546632],[76.785665,35.546465],[76.786151,35.546297],[76.786536,35.545971],[76.786712,35.545592],[76.787184,35.545585],[76.787701,35.545471],[76.788351,35.545462],[76.78913,35.54545],[76.78941,35.5454],[76.789399,35.54544],[76.78918,35.545815],[76.788961,35.54619],[76.788742,35.546564],[76.788523,35.546939],[76.788418,35.547313],[76.788426,35.547684]],[[77.033799,35.530233],[77.034088,35.530229],[77.034537,35.530221],[77.03472,35.530197],[77.03473,35.530225],[77.034771,35.530604],[77.034593,35.530937],[77.034228,35.531197],[77.03383,35.531406],[77.033464,35.531641],[77.033097,35.53185],[77.032699,35.532059],[77.032332,35.532293],[77.032029,35.532577],[77.031789,35.532886],[77.031693,35.53302],[77.031668,35.533015],[77.0312,35.532896],[77.030914,35.532785],[77.031223,35.532566],[77.03159,35.532357],[77.031957,35.532148],[77.03226,35.531864],[77.0325,35.531555],[77.032802,35.531246],[77.033105,35.530962],[77.033377,35.530653],[77.03368,35.530369],[77.033799,35.530233]],[[76.858582,35.50083],[76.858494,35.501229],[76.858406,35.501629],[76.858317,35.502029],[76.858327,35.502427],[76.858531,35.502822],[76.858926,35.503055],[76.859321,35.503288],[76.859811,35.503439],[76.860206,35.503672],[76.860603,35.503985],[76.861184,35.503817],[76.861175,35.503418],[76.860971,35.503023],[76.860671,35.502709],[76.860276,35.502476],[76.86017,35.50208],[76.860258,35.50168],[76.860249,35.501282],[76.860467,35.501096],[76.860535,35.501126],[76.860908,35.501347],[76.860982,35.50139],[76.861375,35.501699],[76.861766,35.501919],[76.86221,35.502047],[76.862652,35.50213],[76.862875,35.502127],[76.863148,35.502123],[76.86359,35.502161],[76.863745,35.502159],[76.863865,35.502309],[76.86413,35.502723],[76.864393,35.503032],[76.864655,35.503342],[76.864855,35.503704],[76.865056,35.504067],[76.865234,35.504312],[76.8648,35.504318],[76.864311,35.504246],[76.863916,35.504013],[76.863427,35.503941],[76.862937,35.50379],[76.86245,35.503797],[76.861965,35.503884],[76.861877,35.504284],[76.861983,35.504681],[76.86209,35.505077],[76.862196,35.505474],[76.862011,35.505875],[76.861524,35.505883],[76.861035,35.50581],[76.860543,35.505579],[76.860072,35.505459],[76.860034,35.505242],[76.859834,35.504879],[76.859634,35.504516],[76.859371,35.504207],[76.859044,35.503898],[76.858719,35.503642],[76.858331,35.503439],[76.857816,35.50329],[76.857367,35.503193],[76.856954,35.503115],[76.856853,35.503096],[76.856404,35.502999],[76.856014,35.502743],[76.855751,35.502434],[76.856225,35.502378],[76.856261,35.502374],[76.856772,35.502366],[76.857221,35.502411],[76.857599,35.502196],[76.857463,35.501833],[76.857075,35.50163],[76.856687,35.501426],[76.856299,35.501223],[76.855973,35.500967],[76.855585,35.500764],[76.855133,35.500562],[76.854744,35.500307],[76.854356,35.500104],[76.85403,35.499847],[76.853786,35.499687],[76.853661,35.499429],[76.853542,35.49907],[76.853479,35.498711],[76.853916,35.498524],[76.854412,35.498516],[76.854962,35.498508],[76.855463,35.49868],[76.855906,35.498809],[76.856296,35.498983],[76.856687,35.499202],[76.857078,35.499422],[76.857408,35.499645],[76.858312,35.499778],[76.85874,35.500115],[76.85867,35.50043],[76.858582,35.50083]],[[77.037231,35.532236],[77.037256,35.532315],[77.037314,35.532708],[77.037372,35.5331],[77.037219,35.533118],[77.036895,35.533124],[77.03679,35.533156],[77.036328,35.533291],[77.035866,35.533425],[77.035341,35.53351],[77.034845,35.533519],[77.034379,35.533501],[77.033913,35.533458],[77.033446,35.533416],[77.033422,35.533412],[77.033691,35.533259],[77.034121,35.533125],[77.034583,35.532991],[77.035014,35.532857],[77.035446,35.532773],[77.035909,35.532664],[77.036339,35.53253],[77.036832,35.532395],[77.037231,35.532236]],[[77.038456,35.532137],[77.038303,35.531785],[77.038427,35.531684],[77.038667,35.531375],[77.038908,35.531067],[77.039147,35.530733],[77.039388,35.530425],[77.039565,35.530092],[77.039743,35.52976],[77.039827,35.529403],[77.039879,35.528997],[77.03987,35.528644],[77.040457,35.528634],[77.040904,35.528627],[77.04135,35.528567],[77.041803,35.528768],[77.042066,35.529077],[77.04233,35.529387],[77.042511,35.529713],[77.042009,35.529753],[77.04153,35.52988],[77.041101,35.530044],[77.04077,35.530286],[77.040538,35.530645],[77.040306,35.531003],[77.040123,35.531361],[77.039781,35.532196],[77.039516,35.532358],[77.039078,35.532501],[77.038587,35.532689],[77.038567,35.532698],[77.038563,35.532568],[77.038456,35.532137]],[[77.022729,35.536356],[77.022752,35.536182],[77.023453,35.536254],[77.026591,35.537192],[77.029032,35.537929],[77.031394,35.53895],[77.034363,35.540031],[77.037391,35.54005],[77.040441,35.540918],[77.04247,35.54244],[77.045457,35.544228],[77.048261,35.545594],[77.052191,35.547012],[77.055497,35.547734],[77.058011,35.547903],[77.057697,35.549182],[77.057401,35.54932],[77.057361,35.549636],[77.057095,35.550046],[77.056917,35.550353],[77.056756,35.550356],[77.056198,35.550365],[77.055752,35.550373],[77.055305,35.550381],[77.054859,35.550388],[77.054414,35.550487],[77.054087,35.550766],[77.053984,35.551133],[77.053535,35.55105],[77.053089,35.551057],[77.052642,35.551065],[77.052198,35.551164],[77.05187,35.551443],[77.051656,35.551812],[77.051422,35.552011],[77.05129,35.552032],[77.050897,35.552233],[77.050435,35.552116],[77.04992,35.552055],[77.049464,35.55201],[77.049312,35.551852],[77.04908,35.55149],[77.048738,35.551222],[77.048289,35.551139],[77.047947,35.550871],[77.047498,35.550787],[77.047049,35.550704],[77.046598,35.550529],[77.046145,35.550263],[77.045698,35.55027],[77.045252,35.550278],[77.044805,35.550285],[77.044359,35.550293],[77.043917,35.550483],[77.043783,35.550674],[77.043242,35.550683],[77.042731,35.550692],[77.042363,35.550698],[77.042434,35.5503],[77.042507,35.549888],[77.042331,35.549549],[77.041907,35.549351],[77.041483,35.549153],[77.041061,35.549023],[77.040557,35.548963],[77.040057,35.54904],[77.039641,35.549184],[77.039228,35.549396],[77.038813,35.54954],[77.038398,35.549684],[77.037894,35.549624],[77.03747,35.549426],[77.03721,35.549088],[77.037536,35.54874],[77.037952,35.548597],[77.038365,35.548384],[77.03878,35.54824],[77.039195,35.548096],[77.039781,35.548086],[77.040203,35.548216],[77.040625,35.548346],[77.041129,35.548406],[77.041551,35.548536],[77.042057,35.548664],[77.042561,35.548724],[77.042975,35.548512],[77.04288,35.548102],[77.042455,35.547836],[77.041865,35.547709],[77.041442,35.547511],[77.04102,35.547381],[77.040598,35.547251],[77.040175,35.547122],[77.039588,35.547063],[77.039091,35.547277],[77.038677,35.547489],[77.038262,35.547633],[77.037847,35.547777],[77.037435,35.548058],[77.036937,35.548203],[77.036525,35.548484],[77.036197,35.548763],[77.035785,35.549044],[77.035457,35.549323],[77.035129,35.549603],[77.034716,35.549815],[77.034301,35.549959],[77.033887,35.550171],[77.033385,35.55018],[77.033375,35.549769],[77.033703,35.54949],[77.034114,35.549209],[77.034357,35.548863],[77.034685,35.548583],[77.035098,35.548371],[77.035426,35.548092],[77.035669,35.547745],[77.036082,35.547533],[77.03641,35.547254],[77.036825,35.54711],[77.03724,35.546966],[77.037568,35.546687],[77.037474,35.546277],[77.037214,35.54594],[77.03679,35.545741],[77.036449,35.545473],[77.036107,35.545205],[77.035847,35.544867],[77.035425,35.544738],[77.03501,35.544882],[77.034684,35.545229],[77.03427,35.545442],[77.034028,35.545788],[77.033869,35.546133],[77.033627,35.546479],[77.033384,35.546826],[77.033143,35.54724],[77.032985,35.547585],[77.032658,35.547933],[77.032247,35.548214],[77.031833,35.548426],[77.031423,35.548775],[77.031008,35.548919],[77.030506,35.548928],[77.030005,35.549004],[77.029592,35.549217],[77.029264,35.549496],[77.029137,35.549583],[77.027497,35.54813],[77.025426,35.545273],[77.025352,35.545313],[77.025077,35.544859],[77.022246,35.542392],[77.018835,35.541318],[77.017881,35.540076],[77.01837,35.538479],[77.01988,35.536616],[77.020124,35.535975],[77.022729,35.536356]],[[76.883764,35.52568],[76.883891,35.525276],[76.883273,35.525213],[76.88259,35.525154],[76.882326,35.52481],[76.882062,35.524465],[76.881882,35.52405],[76.881703,35.523705],[76.881525,35.523359],[76.881346,35.523013],[76.881168,35.522668],[76.880989,35.522322],[76.880811,35.521977],[76.880801,35.521559],[76.880791,35.521141],[76.880782,35.520723],[76.880857,35.520304],[76.881019,35.519953],[76.881449,35.520086],[76.881577,35.520187],[76.881726,35.519913],[76.882512,35.520255],[76.883066,35.521731],[76.883823,35.5208],[76.884759,35.520149],[76.885727,35.520841],[76.888242,35.521155],[76.890153,35.521479],[76.890861,35.522175],[76.890605,35.52232],[76.890227,35.522505],[76.889974,35.522509],[76.889643,35.52279],[76.889613,35.522815],[76.889464,35.522968],[76.889254,35.523181],[76.88897,35.523607],[76.888686,35.524032],[76.888409,35.524508],[76.888265,35.52488],[76.8882,35.525241],[76.888061,35.525604],[76.887851,35.526028],[76.887639,35.526392],[76.8875,35.526755],[76.887215,35.52712],[76.887076,35.527482],[76.886939,35.527905],[76.886727,35.528269],[76.886588,35.528632],[76.886376,35.528996],[76.886351,35.529039],[76.886164,35.52936],[76.886017,35.529656],[76.885954,35.529784],[76.885742,35.530148],[76.885455,35.530453],[76.885316,35.530815],[76.885254,35.531297],[76.885264,35.531718],[76.885274,35.532138],[76.885283,35.532559],[76.885512,35.532916],[76.885741,35.533273],[76.886042,35.533569],[76.886322,35.533788],[76.88646,35.5337],[76.88742,35.534039],[76.889439,35.53528],[76.889448,35.535378],[76.88954,35.535377],[76.890056,35.535429],[76.890499,35.535482],[76.890942,35.535595],[76.891308,35.535639],[76.891519,35.53546],[76.893743,35.534364],[76.896399,35.533261],[76.898574,35.532708],[76.898839,35.532951],[76.898232,35.53394],[76.898244,35.534435],[76.899029,35.534705],[76.900786,35.534403],[76.900845,35.534434],[76.901112,35.534748],[76.90138,35.535063],[76.901777,35.535375],[76.902045,35.53569],[76.902312,35.536004],[76.902579,35.536319],[76.902979,35.536737],[76.903374,35.536943],[76.903901,35.537254],[76.904153,35.537647],[76.904028,35.537916],[76.903953,35.538336],[76.903956,35.538438],[76.903787,35.538524],[76.903366,35.53874],[76.903032,35.539024],[76.902869,35.539375],[76.902879,35.539792],[76.902806,35.540281],[76.902471,35.540565],[76.902049,35.540711],[76.901454,35.54079],[76.901058,35.54089],[76.901108,35.54061],[76.901356,35.540258],[76.901518,35.539907],[76.901851,35.539553],[76.902183,35.5392],[76.902346,35.538849],[76.901916,35.538716],[76.901484,35.538444],[76.901054,35.538312],[76.90079,35.537967],[76.900358,35.537696],[76.899927,35.537493],[76.899496,35.537291],[76.899066,35.537158],[76.898719,35.536885],[76.89829,35.536753],[76.897773,35.536552],[76.897342,35.53635],[76.896833,35.536427],[76.896412,35.536643],[76.896077,35.536927],[76.895484,35.537076],[76.894973,35.537084],[76.894462,35.537092],[76.893954,35.537239],[76.893446,35.537386],[76.893023,35.537532],[76.892431,35.537751],[76.89184,35.537969],[76.891623,35.538044],[76.891291,35.537933],[76.890848,35.53782],[76.89033,35.537708],[76.889741,35.537657],[76.889224,35.537545],[76.888781,35.537492],[76.888334,35.537259],[76.888281,35.537225],[76.888186,35.537201],[76.887744,35.537148],[76.887229,35.537156],[76.886641,35.537165],[76.886536,35.537167],[76.886529,35.536868],[76.886096,35.536596],[76.885498,35.536535],[76.884902,35.536545],[76.88439,35.536553],[76.883968,35.536699],[76.883374,35.536847],[76.882863,35.536855],[76.882352,35.536863],[76.881842,35.536941],[76.881247,35.53702],[76.880736,35.537028],[76.880313,35.537174],[76.879804,35.537251],[76.879671,35.537364],[76.879196,35.537371],[76.878811,35.53759],[76.878429,35.537914],[76.878179,35.538343],[76.878059,35.53877],[76.877807,35.539093],[76.877687,35.539519],[76.877434,35.539842],[76.87705,35.54006],[76.876533,35.540174],[76.876013,35.540183],[76.875493,35.540191],[76.874974,35.540199],[76.874454,35.540207],[76.874197,35.540317],[76.874192,35.540105],[76.873925,35.53979],[76.873771,35.539551],[76.873804,35.539505],[76.874136,35.539151],[76.874471,35.538867],[76.874804,35.538514],[76.875223,35.538228],[76.875558,35.537945],[76.875977,35.537659],[76.876311,35.537375],[76.876557,35.536954],[76.876678,35.536851],[76.876724,35.536773],[76.87675,35.536715],[76.877103,35.536767],[76.877622,35.536759],[76.878142,35.536751],[76.878789,35.536634],[76.879306,35.53652],[76.879691,35.536302],[76.880208,35.536187],[76.880723,35.535967],[76.88124,35.535853],[76.881757,35.535738],[76.881877,35.535312],[76.88161,35.534997],[76.881088,35.534899],[76.880565,35.534801],[76.880046,35.534809],[76.879524,35.534711],[76.879004,35.534719],[76.878482,35.534621],[76.877963,35.534629],[76.877446,35.534743],[76.876801,35.534966],[76.876416,35.535184],[76.876027,35.535351],[76.875664,35.53521],[76.875317,35.534937],[76.874863,35.534944],[76.874408,35.534951],[76.873949,35.534772],[76.873491,35.534594],[76.873227,35.534544],[76.873034,35.534508],[76.872687,35.534234],[76.872339,35.533961],[76.872331,35.53359],[76.872322,35.533218],[76.872656,35.532934],[76.873104,35.532649],[76.873399,35.532498],[76.873699,35.531848],[76.875053,35.530554],[76.87666,35.528974],[76.877545,35.527842],[76.877625,35.527879],[76.878137,35.527941],[76.878549,35.528046],[76.878652,35.528072],[76.879163,35.528064],[76.879674,35.528056],[76.880184,35.527979],[76.880692,35.527831],[76.881201,35.527754],[76.881714,35.527815],[76.882196,35.527938],[76.883023,35.527319],[76.883764,35.52568]],[[76.995081,35.570725],[76.995424,35.570813],[76.995861,35.570923],[76.996241,35.57072],[76.996719,35.570555],[76.996728,35.570594],[76.996735,35.570867],[76.996588,35.571069],[76.996597,35.571463],[76.996641,35.571562],[76.996751,35.571815],[76.996712,35.572209],[76.996625,35.572565],[76.996294,35.572846],[76.995963,35.573088],[76.995925,35.573102],[76.995533,35.573252],[76.995543,35.573646],[76.995957,35.573639],[76.996025,35.573638],[76.996507,35.57363],[76.996937,35.573505],[76.997418,35.573457],[76.997808,35.573648],[76.997721,35.574004],[76.99739,35.574285],[76.996813,35.574334],[76.996382,35.57442],[76.996237,35.574497],[76.996241,35.574688],[76.99603,35.575052],[76.995892,35.575415],[76.995827,35.575777],[76.995762,35.576138],[76.995698,35.5765],[76.99556,35.576863],[76.995572,35.577343],[76.995575,35.577464],[76.995432,35.577646],[76.995367,35.578008],[76.995378,35.578428],[76.995313,35.57879],[76.995321,35.579118],[76.995277,35.579133],[76.994854,35.57935],[76.99483,35.579371],[76.9946,35.579236],[76.994367,35.578875],[76.993914,35.578609],[76.993572,35.57834],[76.99323,35.578072],[76.993042,35.57778],[76.993545,35.575984],[76.993504,35.575858],[76.993698,35.575763],[76.993941,35.575451],[76.994058,35.57509],[76.993986,35.574732],[76.993976,35.574321],[76.993904,35.573963],[76.993894,35.573553],[76.994011,35.573191],[76.994254,35.572879],[76.994561,35.572566],[76.994803,35.572203],[76.994983,35.571841],[76.995037,35.57148],[76.99509,35.57112],[76.995081,35.570725]],[[76.999448,35.577531],[76.999872,35.577797],[76.999882,35.577738],[77.000035,35.577917],[77.000418,35.578167],[77.00086,35.578263],[77.001326,35.578255],[77.00122,35.578485],[77.001191,35.578645],[77.000996,35.578671],[77.000495,35.578731],[77.000056,35.57879],[76.999555,35.578849],[76.999117,35.578908],[76.998678,35.578966],[76.998629,35.578973],[76.998766,35.578613],[76.999048,35.578127],[76.999334,35.577762],[76.999448,35.577531]],[[77.00181,35.576516],[77.001578,35.576813],[77.001142,35.576975],[77.000701,35.576931],[77.000524,35.57688],[77.000959,35.576729],[77.001384,35.576582],[77.00181,35.576516]],[[77.064568,35.564464],[77.064815,35.564111],[77.065149,35.563827],[77.06531,35.563475],[77.065733,35.563329],[77.066244,35.56332],[77.066509,35.563664],[77.066175,35.563948],[77.065841,35.564233],[77.065594,35.564585],[77.065774,35.564931],[77.066205,35.565132],[77.066719,35.565193],[77.067313,35.565113],[77.067736,35.564967],[77.068159,35.56482],[77.068665,35.564602],[77.069084,35.564316],[77.069504,35.5641],[77.070014,35.564022],[77.070525,35.564013],[77.071037,35.564004],[77.071466,35.564136],[77.071392,35.564555],[77.07123,35.564907],[77.070723,35.565055],[77.0703,35.565201],[77.069877,35.565348],[77.069973,35.565764],[77.070322,35.566037],[77.070586,35.566381],[77.070851,35.566725],[77.07043,35.566941],[77.070009,35.567157],[77.069676,35.567442],[77.069342,35.567726],[77.06935,35.568051],[77.06807,35.568213],[77.066684,35.568142],[77.064706,35.567516],[77.064331,35.566391],[77.063424,35.565367],[77.063732,35.565105],[77.064066,35.564821],[77.064568,35.564464]],[[77.00947,35.550652],[77.00985,35.550983],[77.010271,35.551247],[77.010649,35.551477],[77.011028,35.551741],[77.011405,35.551938],[77.011782,35.552134],[77.012201,35.55233],[77.01229,35.552372],[77.012221,35.552409],[77.016945,35.55673],[77.019644,35.560079],[77.019707,35.562592],[77.018531,35.564749],[77.018245,35.565634],[77.011236,35.568391],[77.009207,35.570008],[77.009066,35.570168],[77.00888,35.570572],[77.008598,35.571057],[77.008314,35.571463],[77.008028,35.571788],[77.007742,35.572113],[77.007593,35.572326],[77.006811,35.572441],[77.006388,35.572658],[77.005879,35.572876],[77.005458,35.573163],[77.005246,35.573343],[77.00516,35.573368],[77.004566,35.573588],[77.004057,35.573807],[77.003549,35.574025],[77.003038,35.574174],[77.002823,35.574222],[77.00292,35.574097],[77.003281,35.57379],[77.003345,35.573428],[77.003483,35.573066],[77.003621,35.572703],[77.003759,35.57234],[77.003897,35.571977],[77.004108,35.571553],[77.004246,35.57119],[77.004384,35.570827],[77.004594,35.570403],[77.00473,35.56998],[77.004868,35.569617],[77.004933,35.569255],[77.005144,35.568891],[77.005283,35.568528],[77.005421,35.568166],[77.005559,35.567803],[77.005615,35.567487],[77.005937,35.567655],[77.00632,35.567905],[77.006702,35.568104],[77.007146,35.56825],[77.007589,35.568397],[77.008092,35.568389],[77.008657,35.568379],[77.009094,35.568269],[77.009464,35.568006],[77.009581,35.567645],[77.009322,35.567341],[77.009373,35.566879],[77.009873,35.566768],[77.010309,35.566606],[77.010552,35.566294],[77.010294,35.565991],[77.009912,35.565792],[77.009591,35.56554],[77.009332,35.565236],[77.008889,35.56509],[77.008447,35.564995],[77.008375,35.564636],[77.008809,35.564424],[77.009248,35.564365],[77.009683,35.564204],[77.009425,35.5639],[77.00892,35.563806],[77.008476,35.563659],[77.008033,35.563513],[77.007592,35.563469],[77.007394,35.563113],[77.007323,35.562755],[77.007439,35.562393],[77.007747,35.562131],[77.00799,35.561819],[77.008107,35.561458],[77.008097,35.561048],[77.007653,35.560901],[77.007151,35.560909],[77.006714,35.561019],[77.006278,35.56118],[77.005907,35.561392],[77.005727,35.561754],[77.005673,35.562115],[77.005619,35.562475],[77.005376,35.562787],[77.005004,35.562998],[77.004567,35.563108],[77.004195,35.56332],[77.003888,35.563582],[77.003765,35.563686],[77.003616,35.563628],[77.00317,35.563455],[77.002723,35.563223],[77.00235,35.562988],[77.001904,35.562815],[77.001531,35.562581],[77.001155,35.562287],[77.000926,35.56193],[77.000624,35.561635],[77.000321,35.561279],[77.000165,35.560921],[77.000009,35.560563],[76.999853,35.560205],[76.999771,35.559846],[76.999688,35.559487],[76.999606,35.559128],[76.999596,35.558707],[76.999585,35.558287],[76.999501,35.557867],[76.999494,35.55759],[76.9997,35.557402],[77.002098,35.554847],[77.002377,35.55448],[77.002449,35.554419],[77.002731,35.55411],[77.003098,35.553901],[77.003463,35.553625],[77.003872,35.553415],[77.004239,35.553206],[77.004606,35.552997],[77.005014,35.552788],[77.005381,35.552545],[77.005789,35.552335],[77.006155,35.552093],[77.006604,35.551849],[77.007055,35.551672],[77.007422,35.551463],[77.007786,35.551153],[77.008111,35.550877],[77.008392,35.550568],[77.008442,35.550504],[77.00927,35.550558],[77.00947,35.550652]],[[77.062598,35.564739],[77.062264,35.564515],[77.061872,35.564297],[77.061826,35.564276],[77.062173,35.564156],[77.062506,35.563872],[77.062753,35.563519],[77.063,35.563167],[77.063245,35.562744],[77.063403,35.562254],[77.063563,35.561833],[77.063572,35.561781],[77.063733,35.56183],[77.064243,35.561752],[77.064662,35.561466],[77.065171,35.561388],[77.065351,35.561733],[77.065104,35.562085],[77.06477,35.56237],[77.064438,35.562724],[77.064106,35.563078],[77.063774,35.563432],[77.06344,35.563716],[77.063194,35.564069],[77.06286,35.564353],[77.062613,35.564706],[77.062598,35.564739]],[[77.061008,35.561947],[77.061187,35.562292],[77.061198,35.56271],[77.061123,35.563129],[77.060702,35.563345],[77.060455,35.563698],[77.060391,35.56379],[77.060147,35.563695],[77.059755,35.563477],[77.059381,35.563332],[77.05942,35.563228],[77.059324,35.562811],[77.059143,35.562397],[77.058879,35.562053],[77.058614,35.561709],[77.058349,35.561365],[77.058253,35.560949],[77.058243,35.560531],[77.058232,35.560113],[77.058307,35.559694],[77.05864,35.559409],[77.059063,35.559263],[77.059411,35.559535],[77.059844,35.559807],[77.060109,35.56015],[77.060205,35.560567],[77.060384,35.560912],[77.060564,35.561257],[77.060743,35.561603],[77.061008,35.561947]],[[77.071743,35.551443],[77.071695,35.551512],[77.071537,35.551857],[77.071464,35.552269],[77.071221,35.552615],[77.070806,35.552759],[77.070306,35.552836],[77.069882,35.552638],[77.069772,35.552497],[77.070064,35.552423],[77.070511,35.55231],[77.070889,35.552041],[77.071204,35.551773],[77.071584,35.551557],[77.071743,35.551443]],[[77.0652,35.552993],[77.065544,35.553329],[77.065638,35.553738],[77.065814,35.554077],[77.065893,35.554227],[77.065548,35.554233],[77.064969,35.554191],[77.064519,35.554198],[77.064066,35.554049],[77.063615,35.554004],[77.063582,35.554004],[77.063839,35.553638],[77.064087,35.553283],[77.064249,35.55293],[77.064324,35.552509],[77.064333,35.552447],[77.064435,35.552527],[77.064858,35.552725],[77.0652,35.552993]],[[77.090464,35.551178],[77.09039,35.550812],[77.090252,35.550447],[77.090178,35.550081],[77.089726,35.549983],[77.089277,35.549991],[77.088827,35.549999],[77.088378,35.550007],[77.087931,35.55012],[77.087488,35.55039],[77.087239,35.550709],[77.086861,35.550978],[77.086612,35.551298],[77.086162,35.551305],[77.085897,35.550995],[77.085507,35.550792],[77.085082,35.550949],[77.084983,35.550653],[77.084972,35.550248],[77.085018,35.549886],[77.085064,35.549525],[77.085158,35.549307],[77.08522,35.549162],[77.085487,35.548841],[77.085868,35.548609],[77.086248,35.548378],[77.086629,35.548191],[77.08701,35.548004],[77.08739,35.547772],[77.087602,35.547453],[77.087703,35.54709],[77.08785,35.546749],[77.087832,35.546648],[77.08776,35.54629],[77.087813,35.545929],[77.088315,35.545921],[77.088532,35.546175],[77.088575,35.546224],[77.088585,35.546635],[77.088657,35.546993],[77.088668,35.547403],[77.088927,35.547707],[77.089431,35.547749],[77.089872,35.547793],[77.089944,35.548151],[77.090203,35.548455],[77.090645,35.54855],[77.091147,35.548541],[77.091326,35.548179],[77.091316,35.547768],[77.091495,35.547406],[77.091714,35.547218],[77.091872,35.547522],[77.092052,35.547867],[77.092063,35.548285],[77.092209,35.548567],[77.092159,35.548701],[77.091997,35.549052],[77.091925,35.549541],[77.091765,35.549962],[77.091607,35.550453],[77.091361,35.550805],[77.091201,35.551226],[77.091093,35.551512],[77.090856,35.551434],[77.090464,35.551178]],[[76.910231,35.540675],[76.910222,35.540257],[76.910043,35.539911],[76.90961,35.53964],[76.909263,35.539366],[76.908915,35.539093],[76.908486,35.538961],[76.908222,35.538616],[76.907958,35.538272],[76.907694,35.537928],[76.907516,35.537583],[76.907252,35.537238],[76.906988,35.536894],[76.90664,35.536621],[76.906209,35.536419],[76.905698,35.536427],[76.905364,35.536711],[76.905346,35.536723],[76.905053,35.536492],[76.904913,35.536069],[76.904773,35.535647],[76.904506,35.535332],[76.904366,35.534909],[76.904098,35.534595],[76.903828,35.534174],[76.903561,35.53386],[76.903294,35.533545],[76.903026,35.533231],[76.902838,35.533132],[76.90294,35.533063],[76.903058,35.532937],[76.90305,35.532567],[76.903212,35.532216],[76.903459,35.531864],[76.903792,35.53151],[76.903954,35.531159],[76.904288,35.530875],[76.904621,35.530521],[76.904868,35.530169],[76.904943,35.52975],[76.905106,35.529399],[76.905353,35.529047],[76.905687,35.528763],[76.905935,35.52841],[76.906443,35.528263],[76.906954,35.528255],[76.907383,35.528387],[76.907983,35.528517],[76.908496,35.528579],[76.908969,35.5287],[76.909645,35.52871],[76.912248,35.529891],[76.912194,35.529983],[76.911948,35.530405],[76.911616,35.530759],[76.911455,35.53118],[76.911293,35.531531],[76.911134,35.532021],[76.911229,35.532437],[76.911742,35.532499],[76.912165,35.532353],[76.912586,35.532137],[76.913007,35.531921],[76.91343,35.531775],[76.913851,35.53156],[76.914185,35.531276],[76.914353,35.53119],[76.91444,35.531258],[76.91459,35.531352],[76.916563,35.532207],[76.917063,35.532576],[76.917416,35.532713],[76.917861,35.532886],[76.917887,35.532897],[76.917813,35.533308],[76.917653,35.533729],[76.917493,35.53415],[76.917417,35.534569],[76.917255,35.53492],[76.916921,35.535204],[76.916674,35.535556],[76.916854,35.535971],[76.917277,35.535825],[76.917699,35.535679],[76.918206,35.535462],[76.918628,35.535316],[76.919136,35.535168],[76.919643,35.534951],[76.920152,35.534874],[76.920663,35.534865],[76.921175,35.534857],[76.921686,35.534849],[76.922282,35.53484],[76.922397,35.534822],[76.923299,35.535353],[76.924177,35.536288],[76.924117,35.536692],[76.924128,35.537179],[76.924138,35.537597],[76.924063,35.538016],[76.924073,35.538434],[76.924083,35.538852],[76.924347,35.539196],[76.924778,35.539398],[76.925207,35.539531],[76.925637,35.539663],[76.926066,35.539796],[76.926496,35.539928],[76.926843,35.540201],[76.927274,35.540404],[76.927622,35.540677],[76.928053,35.540879],[76.928182,35.540919],[76.928368,35.541071],[76.928578,35.542623],[76.928003,35.543905],[76.927772,35.545111],[76.929273,35.54636],[76.929636,35.547061],[76.928608,35.547502],[76.926897,35.548307],[76.925799,35.549456],[76.925687,35.549735],[76.925453,35.549816],[76.925032,35.550031],[76.9247,35.550385],[76.924279,35.550601],[76.924116,35.550952],[76.923954,35.551303],[76.923879,35.551722],[76.923804,35.552141],[76.923729,35.55256],[76.923653,35.55298],[76.923665,35.553467],[76.923615,35.553912],[76.923065,35.554521],[76.922421,35.55492],[76.922417,35.554741],[76.922321,35.554325],[76.921974,35.554052],[76.921544,35.553919],[76.921115,35.553787],[76.920685,35.553654],[76.920172,35.553593],[76.919741,35.55339],[76.919228,35.553329],[76.918799,35.553196],[76.918378,35.553412],[76.918304,35.553901],[76.918483,35.554247],[76.918663,35.554662],[76.918927,35.555006],[76.918852,35.555425],[76.918862,35.555843],[76.918959,35.556329],[76.919139,35.556744],[76.919247,35.556953],[76.918973,35.557132],[76.918626,35.556944],[76.91836,35.556917],[76.917845,35.556925],[76.917401,35.556812],[76.916957,35.556699],[76.916583,35.556405],[76.916282,35.556109],[76.91598,35.555813],[76.915678,35.555457],[76.915376,35.555162],[76.915338,35.555101],[76.915513,35.554851],[76.915588,35.554432],[76.915324,35.554088],[76.914726,35.554028],[76.914405,35.553995],[76.914316,35.553856],[76.914012,35.553441],[76.913956,35.553353],[76.914028,35.553342],[76.914447,35.553057],[76.914868,35.552841],[76.914944,35.552422],[76.915106,35.552071],[76.915096,35.551653],[76.915086,35.551235],[76.914991,35.550818],[76.914561,35.550686],[76.913963,35.550626],[76.913366,35.550635],[76.912683,35.550576],[76.912184,35.550483],[76.912098,35.550286],[76.912088,35.549865],[76.912375,35.54956],[76.912812,35.549373],[76.912845,35.549359],[76.912642,35.549242],[76.913152,35.54888],[76.914113,35.548537],[76.914333,35.548387],[76.914768,35.54814],[76.91513,35.547894],[76.915492,35.547648],[76.915929,35.54746],[76.916008,35.547406],[76.916451,35.547683],[76.916882,35.547885],[76.917395,35.547947],[76.917906,35.547939],[76.918417,35.54793],[76.91884,35.547784],[76.919001,35.547364],[76.918991,35.546946],[76.918981,35.546528],[76.919056,35.546109],[76.919044,35.545621],[76.919035,35.545203],[76.919025,35.544785],[76.919015,35.544368],[76.918836,35.544022],[76.918572,35.543678],[76.918306,35.543264],[76.917959,35.542991],[76.917695,35.542647],[76.917431,35.542302],[76.917167,35.541958],[76.916818,35.541615],[76.916469,35.541273],[76.916038,35.54107],[76.915608,35.540938],[76.915012,35.540947],[76.914499,35.540886],[76.913987,35.540894],[76.913476,35.540902],[76.912965,35.54091],[76.912631,35.541194],[76.912726,35.541611],[76.912821,35.542027],[76.912833,35.542515],[76.912804,35.542674],[76.912665,35.542657],[76.912154,35.542665],[76.911643,35.542673],[76.911222,35.542889],[76.910799,35.543035],[76.910289,35.543113],[76.909778,35.543121],[76.909345,35.542849],[76.908914,35.542647],[76.908609,35.542553],[76.908737,35.542371],[76.909071,35.542087],[76.909406,35.541803],[76.909568,35.541452],[76.909899,35.541029],[76.910231,35.540675]],[[76.89954,35.532275],[76.899097,35.532222],[76.898654,35.532109],[76.898584,35.532065],[76.897523,35.531943],[76.89747,35.531819],[76.897065,35.531825],[76.896553,35.531763],[76.896289,35.531419],[76.896194,35.531003],[76.896099,35.530586],[76.896089,35.530168],[76.896079,35.52975],[76.896069,35.529332],[76.895974,35.528916],[76.895794,35.528501],[76.895615,35.528155],[76.895437,35.527809],[76.895599,35.527459],[76.895969,35.527331],[76.895942,35.527229],[76.896358,35.526516],[76.896945,35.525728],[76.897563,35.526284],[76.899223,35.526965],[76.901398,35.527497],[76.903129,35.52754],[76.903141,35.528035],[76.903011,35.529876],[76.90218,35.531303],[76.901006,35.53208],[76.901007,35.532132],[76.900908,35.532145],[76.900535,35.532194],[76.900494,35.5322],[76.900054,35.532267],[76.89954,35.532275]],[[76.835283,35.522871],[76.834768,35.523091],[76.834254,35.523311],[76.834026,35.52344],[76.833858,35.523115],[76.833559,35.522801],[76.833355,35.522405],[76.83364,35.522082],[76.834225,35.522074],[76.834712,35.522066],[76.835199,35.522059],[76.835682,35.521892],[76.835889,35.521658],[76.835894,35.521903],[76.835904,35.52232],[76.835907,35.522481],[76.835796,35.522544],[76.835283,35.522871]],[[76.865747,35.522096],[76.865991,35.522416],[76.866424,35.522688],[76.866771,35.522961],[76.86695,35.523307],[76.867128,35.523653],[76.867138,35.52407],[76.86689,35.524423],[76.866643,35.524775],[76.866395,35.525127],[76.865886,35.525205],[76.865374,35.525213],[76.864945,35.52508],[76.864432,35.525018],[76.863919,35.524956],[76.863408,35.524964],[76.862812,35.524973],[76.862389,35.525119],[76.861966,35.525265],[76.861544,35.525411],[76.860949,35.52549],[76.860354,35.525569],[76.859841,35.525507],[76.85941,35.525305],[76.859232,35.524959],[76.859566,35.524675],[76.859899,35.524322],[76.86032,35.524106],[76.86083,35.524029],[76.861341,35.524021],[76.861852,35.524013],[76.862449,35.524004],[76.862958,35.523926],[76.863469,35.523918],[76.863977,35.523771],[76.8644,35.523625],[76.86491,35.523548],[76.865244,35.523264],[76.865405,35.522843],[76.865567,35.522492],[76.865729,35.522141],[76.865747,35.522096]],[[76.842324,35.516091],[76.842321,35.515955],[76.842433,35.515953],[76.843021,35.515944],[76.843511,35.515937],[76.844,35.515929],[76.84423,35.515888],[76.844198,35.516062],[76.844122,35.516482],[76.84396,35.516832],[76.843884,35.517252],[76.843722,35.517602],[76.84356,35.517953],[76.843225,35.518237],[76.842796,35.518104],[76.842532,35.51776],[76.842354,35.517414],[76.842259,35.516998],[76.84225,35.51658],[76.842324,35.516091]],[[76.844791,35.515787],[76.844977,35.515754],[76.845155,35.515692],[76.845318,35.515989],[76.845707,35.516192],[76.846157,35.516342],[76.846608,35.516492],[76.846799,35.516716],[76.846773,35.516859],[76.846614,35.517349],[76.846453,35.51777],[76.84603,35.517916],[76.845852,35.51757],[76.845588,35.517226],[76.845325,35.516881],[76.845061,35.516537],[76.844883,35.516191],[76.844791,35.515787]],[[76.99713,35.563814],[76.997567,35.563925],[76.998005,35.564075],[76.998348,35.564306],[76.998644,35.564576],[76.998931,35.564665],[76.999085,35.564785],[76.999532,35.565018],[76.999905,35.565252],[77.000102,35.565445],[77.000103,35.565493],[77.000113,35.565903],[77.00006,35.566315],[76.999882,35.566728],[76.999576,35.567042],[76.999204,35.567253],[76.998834,35.567516],[76.998719,35.567633],[76.99852,35.567374],[76.998177,35.567144],[76.997834,35.566913],[76.997503,35.567155],[76.99722,35.567435],[76.996938,35.567716],[76.996851,35.568072],[76.997052,35.568423],[76.996917,35.568819],[76.996435,35.568787],[76.995999,35.568716],[76.995619,35.568958],[76.995629,35.569352],[76.995542,35.569708],[76.995406,35.570065],[76.995074,35.570306],[76.995066,35.570343],[76.994693,35.570305],[76.994255,35.570364],[76.993883,35.570575],[76.993447,35.570737],[76.993075,35.570948],[76.992642,35.571212],[76.992208,35.571424],[76.992192,35.571438],[76.992176,35.571373],[76.991859,35.571125],[76.991521,35.570826],[76.991387,35.570457],[76.991335,35.570018],[76.991285,35.569647],[76.991234,35.569276],[76.991225,35.568904],[76.991216,35.568533],[76.991207,35.568161],[76.991197,35.567789],[76.991229,35.567417],[76.991386,35.567042],[76.991584,35.566701],[76.991783,35.56636],[76.99194,35.566019],[76.992096,35.565645],[76.992293,35.56527],[76.992534,35.564961],[76.992775,35.564653],[76.993015,35.564345],[76.993339,35.564069],[76.993621,35.56376],[76.994027,35.563449],[76.994264,35.563328],[76.994323,35.563348],[76.99476,35.563459],[76.995243,35.563491],[76.995775,35.563561],[76.996257,35.563592],[76.996694,35.563703],[76.99713,35.563814]],[[77.099089,35.534464],[77.100793,35.533444],[77.103538,35.532548],[77.107129,35.530929],[77.110925,35.530509],[77.115691,35.53085],[77.117227,35.53125],[77.117232,35.531421],[77.117241,35.531786],[77.117251,35.532151],[77.117252,35.532182],[77.116917,35.532187],[77.116406,35.532196],[77.115808,35.532137],[77.115297,35.532146],[77.114615,35.532158],[77.114019,35.532169],[77.113423,35.532179],[77.112826,35.532189],[77.112315,35.532198],[77.111804,35.532207],[77.111295,35.532286],[77.110872,35.532433],[77.110452,35.532649],[77.11012,35.533003],[77.109787,35.533288],[77.109544,35.53378],[77.109534,35.533806],[77.109121,35.533926],[77.108612,35.534005],[77.108101,35.534014],[77.10759,35.534023],[77.10708,35.534102],[77.106569,35.53411],[77.105888,35.534122],[77.105291,35.534133],[77.10478,35.534142],[77.104272,35.53429],[77.10368,35.53444],[77.103259,35.534656],[77.102753,35.534874],[77.102333,35.53509],[77.101999,35.535375],[77.101668,35.535729],[77.101504,35.535962],[77.100679,35.535709],[77.099288,35.53545],[77.099089,35.534464]],[[77.050582,35.541498],[77.048836,35.540988],[77.046034,35.539692],[77.045228,35.53906],[77.045127,35.539024],[77.04475,35.538827],[77.044342,35.538657],[77.043963,35.53841],[77.043616,35.538162],[77.043267,35.537864],[77.043234,35.537844],[77.043017,35.537767],[77.042578,35.537597],[77.04217,35.537401],[77.041822,35.537153],[77.041813,35.536773],[77.042278,35.536765],[77.042774,35.536757],[77.04324,35.536799],[77.043538,35.536906],[77.043647,35.536945],[77.044084,35.537064],[77.044551,35.537107],[77.045018,35.5372],[77.045039,35.537207],[77.047214,35.53847],[77.050711,35.539895],[77.052314,35.540086],[77.052155,35.540332],[77.051774,35.540536],[77.051343,35.540622],[77.050912,35.540747],[77.050432,35.540795],[77.050051,35.540998],[77.0503,35.541309],[77.050582,35.541498]],[[77.127754,35.46179],[77.127679,35.461791],[77.12715,35.461801],[77.126947,35.462151],[77.126528,35.462332],[77.126109,35.462512],[77.125582,35.462608],[77.125055,35.462704],[77.124526,35.462714],[77.123999,35.46281],[77.12358,35.46299],[77.123161,35.463171],[77.122422,35.463271],[77.121893,35.46328],[77.121474,35.463461],[77.120944,35.46347],[77.120526,35.46365],[77.120001,35.463833],[77.119753,35.464045],[77.119743,35.463652],[77.119736,35.463402],[77.119732,35.463247],[77.119721,35.462841],[77.119711,35.462436],[77.1197,35.46203],[77.119801,35.461668],[77.11992,35.461389],[77.119895,35.461346],[77.119934,35.461338],[77.120377,35.461239],[77.120719,35.461233],[77.120782,35.46129],[77.121034,35.461488],[77.121678,35.461509],[77.123208,35.460203],[77.123231,35.46012],[77.123276,35.459759],[77.123377,35.459397],[77.123478,35.459034],[77.123578,35.458672],[77.123567,35.458266],[77.123557,35.457861],[77.123547,35.457481],[77.12282,35.456106],[77.122975,35.456103],[77.12361,35.456092],[77.12414,35.456083],[77.124669,35.456073],[77.1252,35.456151],[77.125732,35.456228],[77.12616,35.456394],[77.126588,35.456559],[77.127016,35.456725],[77.127548,35.456802],[77.128077,35.456793],[77.128563,35.456785],[77.128612,35.456816],[77.128408,35.45699],[77.128529,35.457353],[77.128762,35.457714],[77.129106,35.458073],[77.129339,35.458434],[77.129761,35.458682],[77.129683,35.458793],[77.129469,35.459162],[77.129367,35.459529],[77.12937,35.45962],[77.129261,35.459713],[77.129047,35.460082],[77.128834,35.460451],[77.128393,35.460641],[77.128068,35.461012],[77.127855,35.461381],[77.127753,35.461748],[77.127754,35.46179]],[[77.167893,35.459188],[77.168347,35.45918],[77.168685,35.459445],[77.168983,35.459777],[77.169127,35.459965],[77.169201,35.460005],[77.168944,35.460225],[77.168633,35.46049],[77.168106,35.460587],[77.167572,35.460423],[77.167401,35.46037],[77.16745,35.460285],[77.167524,35.459864],[77.167686,35.459511],[77.167617,35.459214],[77.167893,35.459188]],[[76.959873,35.493583],[76.961474,35.49186],[76.962638,35.489932],[76.964276,35.488393],[76.964275,35.488335],[76.964412,35.487974],[76.964549,35.487614],[76.96476,35.487252],[76.965043,35.486888],[76.965328,35.486585],[76.965538,35.486223],[76.965823,35.48592],[76.96618,35.485555],[76.966464,35.485252],[76.966898,35.485065],[76.96707,35.484992],[76.966291,35.48372],[76.964696,35.482119],[76.962354,35.481804],[76.960288,35.482191],[76.959436,35.4827],[76.958514,35.483917],[76.956813,35.485076],[76.95705,35.485248],[76.956972,35.48549],[76.956982,35.485908],[76.957137,35.486264],[76.957508,35.486497],[76.957736,35.486852],[76.95789,35.487208],[76.958045,35.487564],[76.9582,35.48792],[76.958355,35.488276],[76.958436,35.488633],[76.958558,35.488957],[76.958221,35.48965],[76.956795,35.491441],[76.955698,35.49259],[76.95426,35.493887],[76.953114,35.492986],[76.952298,35.491443],[76.95089,35.490405],[76.949301,35.489087],[76.948135,35.487338],[76.947149,35.485869],[76.948162,35.484863],[76.950529,35.482632],[76.952108,35.47999],[76.953614,35.477915],[76.953908,35.475788],[76.955842,35.473537],[76.957294,35.472129],[76.957304,35.472074],[76.957441,35.471714],[76.957577,35.471293],[76.957786,35.470871],[76.957851,35.470512],[76.957988,35.470151],[76.958052,35.469791],[76.958263,35.469429],[76.9584,35.469069],[76.958537,35.468708],[76.958746,35.468286],[76.958957,35.467924],[76.959166,35.467502],[76.959376,35.46714],[76.959734,35.466836],[76.960093,35.466591],[76.960804,35.466463],[76.961534,35.465877],[76.962105,35.464454],[76.963306,35.464081],[76.964695,35.464341],[76.966854,35.464235],[76.967189,35.463266],[76.967049,35.463268],[76.966953,35.462852],[76.966943,35.462434],[76.967018,35.462015],[76.967093,35.461595],[76.967083,35.461178],[76.967073,35.46076],[76.967064,35.460382],[76.967173,35.46038],[76.967686,35.460432],[76.968123,35.460365],[76.968534,35.460302],[76.96843,35.460529],[76.968268,35.46088],[76.968193,35.461299],[76.968033,35.461719],[76.967958,35.462139],[76.967911,35.462241],[76.967922,35.462376],[76.968115,35.465885],[76.966314,35.466445],[76.966467,35.467397],[76.966485,35.468139],[76.966039,35.468464],[76.964705,35.4696],[76.964153,35.470882],[76.96393,35.472371],[76.964148,35.473375],[76.964131,35.473394],[76.964211,35.473549],[76.964049,35.473902],[76.963801,35.474256],[76.963725,35.474677],[76.963563,35.47503],[76.963315,35.475384],[76.963066,35.475738],[76.963023,35.475784],[76.962983,35.476099],[76.962616,35.477006],[76.9629,35.478009],[76.962581,35.478227],[76.959875,35.47896],[76.96053,35.479215],[76.962085,35.47919],[76.962331,35.479546],[76.962964,35.479536],[76.96348,35.479707],[76.963993,35.479758],[76.964403,35.479863],[76.964724,35.479782],[76.965232,35.479654],[76.965743,35.479646],[76.966183,35.479699],[76.966265,35.480056],[76.965905,35.480301],[76.965472,35.480487],[76.96496,35.480495],[76.964451,35.480564],[76.963868,35.480633],[76.9645,35.481007],[76.967035,35.480965],[76.968556,35.481883],[76.970307,35.482798],[76.971955,35.484185],[76.973815,35.484815],[76.97554,35.484786],[76.975789,35.484982],[76.976225,35.485325],[76.976658,35.485528],[76.977172,35.48552],[76.977685,35.485511],[76.978284,35.485501],[76.978375,35.485475],[76.979257,35.485763],[76.980545,35.48659],[76.982659,35.488158],[76.983397,35.490032],[76.983888,35.489996],[76.983393,35.491015],[76.983262,35.49157],[76.974511,35.496214],[76.968271,35.49883],[76.962773,35.500302],[76.959261,35.499154],[76.959485,35.498964],[76.958495,35.497354],[76.958296,35.496296],[76.958692,35.494805],[76.959873,35.493583]],[[77.13408,35.463576],[77.135579,35.463689],[77.136027,35.463629],[77.136536,35.463462],[77.136334,35.463098],[77.136006,35.462841],[77.13632,35.462573],[77.136771,35.462618],[77.137035,35.462928],[77.13724,35.46312],[77.13719,35.4634],[77.137284,35.463809],[77.137544,35.464147],[77.138046,35.464138],[77.13855,35.464198],[77.138973,35.464396],[77.139395,35.464525],[77.139899,35.464585],[77.1404,35.464576],[77.140906,35.464704],[77.141491,35.464693],[77.141906,35.464549],[77.142231,35.464201],[77.142558,35.463921],[77.142973,35.463777],[77.143473,35.4637],[77.143631,35.463355],[77.143789,35.46301],[77.144029,35.462595],[77.144102,35.462183],[77.14419,35.461906],[77.14465,35.462058],[77.145103,35.462207],[77.145412,35.462129],[77.145642,35.462486],[77.145946,35.462841],[77.146148,35.463154],[77.146585,35.463087],[77.147977,35.462273],[77.148018,35.462214],[77.148383,35.461971],[77.148792,35.461795],[77.149246,35.461787],[77.149742,35.461778],[77.150196,35.46177],[77.150279,35.461768],[77.15065,35.461762],[77.151017,35.461755],[77.151104,35.461754],[77.151559,35.461746],[77.152013,35.461737],[77.152467,35.461729],[77.152884,35.461857],[77.152976,35.462227],[77.152483,35.462304],[77.151826,35.462505],[77.15179,35.462688],[77.151639,35.462666],[77.151223,35.462934],[77.15102,35.463284],[77.150601,35.463465],[77.150291,35.46373],[77.149872,35.463911],[77.149347,35.464094],[77.148818,35.464103],[77.148291,35.464199],[77.147764,35.464295],[77.147234,35.464305],[77.146705,35.464314],[77.146176,35.464323],[77.146081,35.464758],[77.146199,35.46519],[77.146629,35.465442],[77.147161,35.465519],[77.147899,35.465419],[77.148424,35.465237],[77.148951,35.465141],[77.149481,35.465131],[77.150077,35.465121],[77.149959,35.46529],[77.149761,35.465631],[77.149564,35.465973],[77.149408,35.466314],[77.149335,35.466687],[77.149304,35.467059],[77.149231,35.467432],[77.149158,35.467805],[77.149168,35.468177],[77.149178,35.468549],[77.149312,35.468918],[77.149486,35.469253],[77.149742,35.469553],[77.149903,35.469862],[77.150222,35.470112],[77.150902,35.471544],[77.151411,35.472585],[77.153227,35.474457],[77.153818,35.475562],[77.153721,35.477011],[77.151486,35.478024],[77.145298,35.479407],[77.140998,35.480262],[77.134171,35.480383],[77.131504,35.480854],[77.130571,35.480906],[77.131292,35.480378],[77.133094,35.478705],[77.133851,35.476985],[77.13438,35.475728],[77.135065,35.474337],[77.136785,35.4726],[77.138422,35.471607],[77.138903,35.471499],[77.139189,35.471194],[77.139548,35.470887],[77.139834,35.470581],[77.14012,35.470276],[77.140257,35.469913],[77.140468,35.469549],[77.140752,35.469183],[77.140773,35.469126],[77.140977,35.469122],[77.141657,35.469041],[77.14199,35.468756],[77.142151,35.468405],[77.142225,35.467985],[77.142214,35.467567],[77.142203,35.46715],[77.142106,35.466733],[77.141923,35.466249],[77.14149,35.465978],[77.140978,35.465917],[77.140467,35.465926],[77.139956,35.465935],[77.139442,35.465805],[77.139012,35.465673],[77.1385,35.465613],[77.137985,35.465483],[77.137475,35.465492],[77.13696,35.465361],[77.136449,35.465371],[77.13618,35.465288],[77.136238,35.46502],[77.13612,35.464589],[77.135692,35.464423],[77.135161,35.464346],[77.134629,35.464268],[77.134097,35.464191],[77.134064,35.464186],[77.134062,35.4641],[77.134052,35.463735],[77.13408,35.463576]],[[77.121526,35.469473],[77.121431,35.469908],[77.121121,35.470174],[77.120796,35.46992],[77.120469,35.469579],[77.120041,35.469413],[77.11951,35.469336],[77.11898,35.469345],[77.11879,35.46938],[77.118624,35.469306],[77.118232,35.469087],[77.117841,35.468869],[77.117822,35.468858],[77.118011,35.468855],[77.118457,35.468847],[77.118901,35.468748],[77.119345,35.468649],[77.119672,35.46837],[77.120116,35.468271],[77.120559,35.468171],[77.121003,35.468072],[77.121556,35.46788],[77.121622,35.467879],[77.121878,35.468275],[77.122006,35.468355],[77.121715,35.468604],[77.12162,35.469038],[77.121526,35.469473]],[[77.154784,35.465758],[77.155201,35.465886],[77.155539,35.46615],[77.155876,35.466415],[77.156295,35.46661],[77.156711,35.466738],[77.157166,35.466764],[77.157659,35.466653],[77.158026,35.466444],[77.15848,35.466436],[77.158521,35.466435],[77.159143,35.466525],[77.159236,35.466896],[77.159287,35.467266],[77.159297,35.467638],[77.159266,35.46801],[77.159194,35.468417],[77.159204,35.468789],[77.159173,35.469161],[77.159059,35.469535],[77.158819,35.469844],[77.158411,35.470054],[77.157955,35.469995],[77.157457,35.469902],[77.157039,35.46974],[77.156702,35.469476],[77.156364,35.469212],[77.156026,35.468947],[77.155771,35.468648],[77.155472,35.468315],[77.155175,35.468016],[77.154959,35.467648],[77.154703,35.467348],[77.154486,35.46698],[77.154271,35.466646],[77.154219,35.466242],[77.154332,35.465834],[77.154784,35.465758]],[[77.192999,35.439095],[77.193518,35.439296],[77.194031,35.439287],[77.194538,35.439067],[77.19495,35.438855],[77.195168,35.438851],[77.195528,35.438942],[77.195826,35.438936],[77.196321,35.438927],[77.196816,35.438918],[77.197312,35.438909],[77.197807,35.4389],[77.198303,35.438891],[77.198744,35.438928],[77.199186,35.438965],[77.199681,35.438956],[77.200073,35.439175],[77.20041,35.439439],[77.200749,35.439748],[77.201033,35.440058],[77.201262,35.44037],[77.201382,35.440728],[77.201115,35.441049],[77.200903,35.441368],[77.200742,35.441506],[77.200391,35.441585],[77.199886,35.441594],[77.199757,35.441531],[77.19919,35.441279],[77.198863,35.441023],[77.198534,35.440702],[77.198285,35.440379],[77.19788,35.44019],[77.197399,35.440133],[77.196919,35.440142],[77.196442,35.440282],[77.195966,35.440421],[77.195488,35.440495],[77.195012,35.440635],[77.194532,35.440644],[77.194052,35.440653],[77.193492,35.440663],[77.192931,35.440607],[77.192451,35.440616],[77.191971,35.440625],[77.191491,35.440634],[77.191013,35.440708],[77.190453,35.440718],[77.189899,35.440924],[77.189342,35.441066],[77.188786,35.441207],[77.188228,35.441282],[77.187668,35.441292],[77.187028,35.441304],[77.186468,35.441314],[77.185987,35.441257],[77.185582,35.441068],[77.185098,35.440946],[77.184771,35.44069],[77.184364,35.440435],[77.183803,35.44038],[77.183518,35.44027],[77.183534,35.440247],[77.18404,35.439958],[77.184464,35.43981],[77.184977,35.439801],[77.185486,35.439652],[77.185995,35.439503],[77.186127,35.439457],[77.186151,35.439513],[77.186313,35.439883],[77.186627,35.440251],[77.187083,35.440242],[77.187536,35.44011],[77.187992,35.440102],[77.188445,35.439969],[77.188901,35.439961],[77.189353,35.439828],[77.189806,35.439695],[77.190255,35.439438],[77.190701,35.439057],[77.191154,35.438924],[77.191606,35.438791],[77.192062,35.438783],[77.192522,35.438899],[77.192843,35.438893],[77.192999,35.439095]],[[77.024659,35.512136],[77.025149,35.512128],[77.025639,35.512119],[77.026229,35.51219],[77.026719,35.512181],[77.02721,35.512253],[77.027455,35.512289],[77.028952,35.512832],[77.02899,35.512884],[77.029274,35.513195],[77.029557,35.513506],[77.029949,35.513725],[77.03039,35.513762],[77.030886,35.513754],[77.031382,35.513745],[77.031464,35.513744],[77.031878,35.513737],[77.032318,35.513685],[77.032814,35.513676],[77.033204,35.51385],[77.033594,35.514024],[77.033985,35.514197],[77.03431,35.514356],[77.037058,35.514384],[77.037131,35.51437],[77.037624,35.514226],[77.038116,35.514083],[77.03861,35.513984],[77.039048,35.513887],[77.039487,35.513789],[77.039926,35.513691],[77.040365,35.513639],[77.040805,35.513586],[77.041301,35.513578],[77.041745,35.513706],[77.042189,35.513833],[77.042527,35.514098],[77.042918,35.514317],[77.043027,35.514402],[77.043256,35.514582],[77.043647,35.5148],[77.044091,35.514928],[77.044587,35.51492],[77.045138,35.51491],[77.045634,35.514902],[77.046073,35.514804],[77.046433,35.514761],[77.046659,35.514785],[77.051959,35.51324],[77.052149,35.513123],[77.052588,35.513026],[77.053084,35.513017],[77.053526,35.513055],[77.054077,35.513046],[77.054519,35.513083],[77.055016,35.51312],[77.055513,35.513156],[77.055955,35.513194],[77.056397,35.513231],[77.056839,35.513269],[77.05728,35.513306],[77.057722,35.513344],[77.05822,35.513381],[77.058474,35.513551],[77.058929,35.51357],[77.060444,35.51497],[77.061604,35.516365],[77.062249,35.517909],[77.062986,35.519665],[77.063097,35.519748],[77.063157,35.519989],[77.06325,35.520393],[77.06329,35.520555],[77.063751,35.520916],[77.063904,35.521268],[77.064155,35.521657],[77.064357,35.522008],[77.064606,35.522319],[77.064759,35.522671],[77.064865,35.523024],[77.065018,35.523375],[77.065064,35.523685],[77.065359,35.523636],[77.065531,35.52362],[77.065544,35.523796],[77.065948,35.524372],[77.067144,35.525844],[77.068754,35.527938],[77.070546,35.530311],[77.070398,35.531304],[77.067502,35.533051],[77.065972,35.53421],[77.065471,35.534451],[77.06502,35.534594],[77.064612,35.534804],[77.064202,35.534946],[77.063835,35.535156],[77.06347,35.535432],[77.06323,35.535741],[77.063032,35.536082],[77.062859,35.53638],[77.062834,35.536423],[77.062594,35.536766],[77.062227,35.536975],[77.06212,35.537017],[77.061984,35.537148],[77.061617,35.537357],[77.061251,35.5376],[77.060886,35.537876],[77.060845,35.537929],[77.06067,35.537942],[77.060191,35.538069],[77.059714,35.538234],[77.059432,35.538515],[77.059634,35.538905],[77.060072,35.539055],[77.060507,35.539126],[77.061036,35.539078],[77.061466,35.538913],[77.06153,35.538849],[77.061747,35.538633],[77.062028,35.538313],[77.06231,35.538032],[77.06264,35.537751],[77.06297,35.53747],[77.063301,35.537228],[77.063681,35.536985],[77.06411,35.53682],[77.064546,35.536891],[77.06441,35.537248],[77.064032,35.53753],[77.063702,35.537812],[77.063422,35.538171],[77.063141,35.538491],[77.06316,35.538514],[77.06339,35.538801],[77.06392,35.538792],[77.064251,35.53855],[77.064317,35.538494],[77.064581,35.538269],[77.064958,35.537948],[77.06539,35.537861],[77.065821,35.537775],[77.066303,35.537767],[77.066832,35.537758],[77.066906,35.53777],[77.066999,35.537569],[77.067237,35.537193],[77.067477,35.536885],[77.067759,35.536576],[77.06804,35.536267],[77.068363,35.535957],[77.068686,35.535647],[77.068926,35.535339],[77.06925,35.535063],[77.069617,35.534854],[77.070026,35.534678],[77.070393,35.534468],[77.070572,35.534391],[77.070802,35.534292],[77.071211,35.534116],[77.071621,35.533974],[77.071876,35.533913],[77.071998,35.53417],[77.072008,35.534542],[77.07181,35.534884],[77.071486,35.53516],[77.071119,35.535369],[77.07071,35.535545],[77.070258,35.535654],[77.069848,35.535796],[77.069397,35.535939],[77.069157,35.536247],[77.069249,35.536618],[77.069546,35.536917],[77.069963,35.537045],[77.070418,35.537037],[77.070872,35.537029],[77.071327,35.537021],[77.071736,35.536845],[77.072101,35.536569],[77.072468,35.53636],[77.072874,35.536082],[77.073282,35.535872],[77.073692,35.535696],[77.074132,35.535592],[77.074109,35.535858],[77.074036,35.536231],[77.073965,35.536464],[77.073922,35.536605],[77.073807,35.536979],[77.073609,35.53732],[77.073411,35.537662],[77.073259,35.537777],[77.072348,35.539162],[77.069714,35.541046],[77.069498,35.541165],[77.069208,35.541486],[77.068886,35.541796],[77.068845,35.54183],[77.068562,35.542072],[77.068322,35.54238],[77.068082,35.542722],[77.067925,35.543063],[77.067769,35.543404],[77.067654,35.543778],[77.067622,35.54415],[77.067628,35.544383],[77.067576,35.544396],[77.067083,35.544747],[77.06684,35.545093],[77.0665,35.544893],[77.065996,35.544834],[77.065574,35.544704],[77.065232,35.544436],[77.064972,35.544098],[77.064796,35.543759],[77.064869,35.543347],[77.065112,35.543001],[77.065612,35.542924],[77.066196,35.542845],[77.066439,35.542499],[77.066681,35.542152],[77.06684,35.541808],[77.066663,35.541468],[77.06624,35.54127],[77.065737,35.541279],[77.065235,35.541287],[77.064733,35.541296],[77.064231,35.541305],[77.06373,35.541382],[77.06323,35.541459],[77.062727,35.541467],[77.062467,35.541129],[77.062208,35.540792],[77.061866,35.540524],[77.06144,35.540257],[77.061018,35.540128],[77.060511,35.539931],[77.060087,35.539733],[77.059663,35.539535],[77.059321,35.539267],[77.058896,35.539],[77.058388,35.538804],[77.058046,35.538536],[77.057541,35.538407],[77.057512,35.538408],[77.057594,35.538231],[77.057729,35.537874],[77.057718,35.537441],[77.057659,35.537009],[77.057409,35.536659],[77.05716,35.536348],[77.056629,35.536318],[77.056149,35.536365],[77.05562,35.536414],[77.055183,35.536264],[77.055029,35.535912],[77.055262,35.535593],[77.055592,35.535312],[77.055921,35.534991],[77.056251,35.53471],[77.056435,35.534352],[77.056465,35.534228],[77.05666,35.534201],[77.057164,35.534162],[77.057594,35.534007],[77.057657,35.533622],[77.057646,35.533209],[77.057708,35.532824],[77.057698,35.532411],[77.05758,35.532058],[77.057249,35.531798],[77.056775,35.531658],[77.056304,35.531607],[77.055936,35.531318],[77.055746,35.530967],[77.05552,35.530617],[77.055014,35.530596],[77.054622,35.530809],[77.054305,35.531139],[77.053875,35.531265],[77.053405,35.531273],[77.05305,35.531279],[77.052881,35.531049],[77.052871,35.530644],[77.052861,35.530239],[77.052854,35.529985],[77.052781,35.529871],[77.052849,35.529766],[77.052983,35.52937],[77.053162,35.528982],[77.053453,35.52891],[77.053694,35.528602],[77.053808,35.528228],[77.053799,35.527856],[77.053748,35.527485],[77.053656,35.527115],[77.053646,35.526743],[77.053637,35.526372],[77.053627,35.526],[77.053701,35.525627],[77.053899,35.525286],[77.054097,35.524944],[77.054337,35.524636],[77.05457,35.524526],[77.054586,35.524503],[77.054677,35.523558],[77.054881,35.522517],[77.054608,35.521512],[77.054417,35.521288],[77.054325,35.520918],[77.054245,35.520698],[77.054191,35.520548],[77.054178,35.520511],[77.054058,35.520491],[77.05362,35.520341],[77.05323,35.520151],[77.052887,35.51992],[77.052404,35.51985],[77.052046,35.519724],[77.052065,35.519874],[77.052158,35.520245],[77.05225,35.520615],[77.052259,35.520987],[77.052351,35.521357],[77.05236,35.521683],[77.052283,35.521933],[77.052127,35.522307],[77.052013,35.522681],[77.051856,35.523022],[77.051575,35.523331],[77.051334,35.523639],[77.051136,35.52398],[77.050939,35.524356],[77.050825,35.524729],[77.050668,35.52507],[77.050511,35.525411],[77.050229,35.52572],[77.050073,35.526061],[77.049958,35.526434],[77.049964,35.526674],[77.049834,35.526785],[77.049651,35.527143],[77.049613,35.527537],[77.049429,35.527895],[77.049147,35.528175],[77.049042,35.528452],[77.049011,35.528456],[77.048516,35.52851],[77.048076,35.528562],[77.047681,35.52865],[77.047675,35.528408],[77.047922,35.52809],[77.048105,35.527721],[77.048031,35.527356],[77.047643,35.527154],[77.047194,35.527109],[77.046747,35.527117],[77.0463,35.527125],[77.045851,35.52708],[77.0454,35.526931],[77.044949,35.526782],[77.0445,35.526737],[77.043991,35.52685],[77.043482,35.526911],[77.042973,35.527024],[77.042462,35.527033],[77.041952,35.527094],[77.041505,35.527101],[77.041056,35.527057],[77.041011,35.527042],[77.041055,35.527004],[77.040729,35.526749],[77.040339,35.526494],[77.040075,35.526185],[77.039749,35.525929],[77.039423,35.525673],[77.03916,35.525364],[77.03877,35.52511],[77.038506,35.524801],[77.037992,35.524705],[77.037541,35.524556],[77.037026,35.524408],[77.036578,35.524214],[77.036371,35.523792],[77.03617,35.523429],[77.035782,35.523227],[77.035393,35.523024],[77.034947,35.523084],[77.034501,35.523144],[77.034055,35.523204],[77.033612,35.523368],[77.033167,35.52348],[77.032855,35.523746],[77.032864,35.524112],[77.032809,35.524479],[77.032818,35.524844],[77.032827,35.525202],[77.032511,35.52532],[77.032065,35.52538],[77.031554,35.525388],[77.031106,35.525396],[77.03066,35.525455],[77.030491,35.525521],[77.030086,35.525486],[77.029644,35.525448],[77.029202,35.525411],[77.028706,35.525419],[77.02821,35.525427],[77.027766,35.525345],[77.02727,35.525353],[77.02683,35.525361],[77.026388,35.525323],[77.025946,35.525285],[77.025504,35.525248],[77.025062,35.52521],[77.024566,35.525218],[77.024519,35.52558],[77.024966,35.525797],[77.025356,35.525971],[77.025801,35.526099],[77.026245,35.526227],[77.026568,35.52632],[77.026745,35.526399],[77.027192,35.526616],[77.027582,35.52679],[77.028027,35.526918],[77.02847,35.527001],[77.028912,35.527038],[77.029463,35.527029],[77.030014,35.52702],[77.030565,35.52701],[77.031171,35.527],[77.031667,35.526992],[77.032163,35.526983],[77.032659,35.526975],[77.033101,35.527013],[77.033328,35.527009],[77.03344,35.526663],[77.033494,35.526296],[77.034,35.526079],[77.034446,35.526019],[77.034893,35.526011],[77.035043,35.525974],[77.035338,35.525899],[77.035781,35.525735],[77.036159,35.52552],[77.036382,35.525362],[77.036543,35.525513],[77.036806,35.525822],[77.037195,35.526025],[77.037583,35.526227],[77.037972,35.526429],[77.038423,35.526579],[77.038876,35.52678],[77.039328,35.526981],[77.039808,35.527167],[77.039781,35.527183],[77.039404,35.52745],[77.039026,35.527666],[77.038713,35.527932],[77.038728,35.528007],[77.038614,35.52803],[77.038087,35.528064],[77.037592,35.528098],[77.037128,35.528156],[77.036665,35.528215],[77.036169,35.528248],[77.035674,35.528307],[77.03521,35.528341],[77.034745,35.528348],[77.034313,35.528432],[77.033793,35.528711],[77.033443,35.528789],[77.033422,35.528776],[77.032986,35.528708],[77.032554,35.528791],[77.032124,35.52895],[77.031789,35.52921],[77.031612,35.529567],[77.031404,35.529901],[77.031132,35.530209],[77.031048,35.530566],[77.030902,35.530923],[77.030881,35.531304],[77.030797,35.53166],[77.030682,35.532017],[77.030504,35.53235],[77.030409,35.532556],[77.030353,35.53253],[77.029945,35.532334],[77.029568,35.532137],[77.029098,35.531942],[77.028756,35.531719],[77.02836,35.531645],[77.027916,35.531517],[77.027482,35.53148],[77.024903,35.531987],[77.023173,35.532016],[77.022633,35.53197],[77.02211,35.531547],[77.021457,35.529456],[77.021584,35.526756],[77.021688,35.526529],[77.021974,35.526203],[77.02216,35.525799],[77.022344,35.525316],[77.02253,35.524912],[77.022618,35.52451],[77.022706,35.524108],[77.022794,35.523706],[77.022882,35.523303],[77.023068,35.5229],[77.023155,35.522498],[77.023243,35.522095],[77.023331,35.521693],[77.023419,35.521291],[77.023601,35.520727],[77.023787,35.520323],[77.023777,35.519923],[77.023865,35.519521],[77.023953,35.519119],[77.024139,35.518715],[77.024226,35.518313],[77.024216,35.517912],[77.024304,35.51751],[77.024294,35.51711],[77.024282,35.516629],[77.024272,35.516229],[77.024262,35.515828],[77.024252,35.515428],[77.024242,35.515027],[77.024232,35.514627],[77.024222,35.514226],[77.024212,35.513826],[77.024202,35.513426],[77.024192,35.513025],[77.024182,35.512625],[77.024172,35.512224],[77.024659,35.512136]],[[76.965941,35.433215],[76.965678,35.432905],[76.965733,35.432539],[76.965851,35.432119],[76.965842,35.431735],[76.965351,35.431038],[76.965324,35.429957],[76.965415,35.429931],[76.965921,35.429766],[76.966362,35.429498],[76.96674,35.429282],[76.967052,35.429016],[76.9673,35.428698],[76.96761,35.428328],[76.967988,35.428112],[76.968365,35.427845],[76.968805,35.427576],[76.969183,35.427361],[76.969559,35.427094],[76.969872,35.426827],[76.970249,35.42656],[76.970693,35.426448],[76.97114,35.426441],[76.971714,35.426432],[76.972159,35.426372],[76.972669,35.426311],[76.973115,35.426304],[76.973752,35.426241],[76.974144,35.426203],[76.974307,35.426277],[76.975449,35.427956],[76.976697,35.428625],[76.976982,35.429681],[76.978265,35.431782],[76.976804,35.431733],[76.976758,35.431679],[76.976309,35.431582],[76.975861,35.431537],[76.975414,35.431544],[76.974967,35.431552],[76.974521,35.431559],[76.97407,35.43141],[76.973557,35.431314],[76.973108,35.431216],[76.972665,35.43138],[76.972352,35.431647],[76.972039,35.431913],[76.971726,35.43218],[76.971422,35.432439],[76.97016,35.431596],[76.969266,35.431368],[76.968902,35.431546],[76.968654,35.431864],[76.968599,35.432231],[76.96848,35.432598],[76.968091,35.432343],[76.967891,35.431981],[76.96769,35.431618],[76.9674,35.431522],[76.96724,35.431469],[76.967115,35.431629],[76.966992,35.431787],[76.966937,35.432153],[76.966818,35.432521],[76.9667,35.432889],[76.966387,35.433155],[76.965941,35.433215]],[[76.962066,35.434144],[76.962856,35.434626],[76.962964,35.434735],[76.963285,35.434251],[76.963531,35.433881],[76.963973,35.433665],[76.964415,35.433448],[76.964863,35.433493],[76.96511,35.433784],[76.966691,35.434423],[76.964406,35.436277],[76.961335,35.437929],[76.96057,35.439639],[76.960479,35.439683],[76.960424,35.440045],[76.960369,35.440412],[76.960122,35.44073],[76.959679,35.440894],[76.959234,35.441005],[76.958789,35.441065],[76.958276,35.440969],[76.957826,35.440871],[76.957378,35.440826],[76.95693,35.440781],[76.956483,35.440789],[76.955977,35.440954],[76.955534,35.441118],[76.95509,35.441282],[76.954647,35.441446],[76.95427,35.441661],[76.953825,35.441772],[76.953382,35.441936],[76.953004,35.442151],[76.952691,35.442418],[76.952248,35.442582],[76.9518,35.442537],[76.951693,35.442251],[76.951664,35.442173],[76.951497,35.442042],[76.951594,35.441588],[76.95453,35.440152],[76.954842,35.439069],[76.954972,35.439036],[76.95554,35.438766],[76.955918,35.438551],[76.956231,35.438284],[76.95635,35.437917],[76.956214,35.437553],[76.955888,35.437297],[76.955561,35.436989],[76.95545,35.436884],[76.955235,35.436681],[76.954949,35.436652],[76.95414,35.435121],[76.953668,35.433431],[76.954152,35.432009],[76.955501,35.430643],[76.956766,35.42935],[76.957264,35.428493],[76.958279,35.427628],[76.959905,35.426965],[76.959514,35.428669],[76.959483,35.430932],[76.960296,35.432404],[76.962066,35.434144]],[[77.194439,35.448946],[77.194008,35.448814],[77.193574,35.448611],[77.192972,35.448482],[77.192455,35.448352],[77.192024,35.44822],[77.191592,35.448087],[77.191345,35.448442],[77.191184,35.448795],[77.190762,35.449013],[77.190338,35.44916],[77.189825,35.44917],[77.189312,35.449179],[77.188628,35.449191],[77.18849,35.449175],[77.188447,35.449048],[77.188437,35.448676],[77.188427,35.448305],[77.188417,35.447933],[77.188407,35.447562],[77.18851,35.447189],[77.188533,35.447105],[77.188626,35.447103],[77.189104,35.447029],[77.189658,35.446822],[77.190053,35.446619],[77.190447,35.446415],[77.190842,35.446211],[77.191237,35.446008],[77.191795,35.445932],[77.192271,35.445793],[77.19226,35.4454],[77.19209,35.44501],[77.191999,35.444619],[77.192069,35.444225],[77.1923,35.443893],[77.192612,35.443625],[77.193089,35.443486],[77.193565,35.443346],[77.194043,35.443272],[77.194523,35.443263],[77.195003,35.443255],[77.194996,35.44333],[77.195008,35.44375],[77.194846,35.444103],[77.195021,35.444469],[77.195144,35.444839],[77.195381,35.445206],[77.195729,35.445478],[77.196186,35.445563],[77.196534,35.445835],[77.196992,35.446013],[77.197282,35.446066],[77.197345,35.44621],[77.197629,35.446521],[77.198072,35.446603],[77.198513,35.44664],[77.199009,35.446631],[77.199451,35.446668],[77.199947,35.446704],[77.200498,35.446694],[77.200939,35.446731],[77.201435,35.446722],[77.20193,35.446713],[77.202372,35.44675],[77.202815,35.446832],[77.203259,35.446959],[77.203543,35.447269],[77.203608,35.447628],[77.203619,35.448034],[77.203558,35.448176],[77.203298,35.448145],[77.202735,35.448025],[77.202329,35.447836],[77.201846,35.447714],[77.201284,35.447658],[77.200801,35.447536],[77.200239,35.447481],[77.199679,35.447491],[77.199119,35.447501],[77.198638,35.447445],[77.198156,35.447388],[77.197676,35.447397],[77.1972,35.447536],[77.196805,35.44774],[77.196574,35.448072],[77.196901,35.448328],[77.197306,35.448517],[77.197635,35.448838],[77.197962,35.449094],[77.198133,35.449484],[77.198144,35.449877],[77.198154,35.450269],[77.198177,35.450369],[77.197898,35.450283],[77.197548,35.450009],[77.197282,35.449664],[77.196849,35.449462],[77.196417,35.44933],[77.195986,35.449198],[77.195471,35.449137],[77.194872,35.449148],[77.194439,35.448946]],[[77.200684,35.44911],[77.201164,35.449101],[77.201727,35.449222],[77.202132,35.449411],[77.202612,35.449402],[77.202394,35.449589],[77.202073,35.44991],[77.202008,35.449965],[77.201738,35.449933],[77.201225,35.449942],[77.200712,35.449952],[77.200199,35.449961],[77.19971,35.450037],[77.199743,35.449847],[77.199813,35.449453],[77.200126,35.449186],[77.200684,35.44911]],[[76.940599,35.429597],[76.940275,35.429342],[76.940107,35.428955],[76.940016,35.428501],[76.939848,35.428114],[76.939447,35.427925],[76.939045,35.427737],[76.938798,35.427351],[76.938709,35.426962],[76.938779,35.426571],[76.938462,35.424326],[76.938508,35.424267],[76.938671,35.42384],[76.93883,35.423271],[76.938823,35.422954],[76.938924,35.423112],[76.939153,35.423469],[76.939457,35.423885],[76.93951,35.423948],[76.939517,35.42422],[76.939763,35.424541],[76.940086,35.424795],[76.940332,35.425116],[76.940578,35.425437],[76.940777,35.425748],[76.940651,35.42591],[76.940557,35.42603],[76.940759,35.426344],[76.941083,35.426599],[76.941406,35.426854],[76.94173,35.427109],[76.942132,35.427297],[76.942455,35.427552],[76.942544,35.427941],[76.942395,35.428333],[76.942164,35.428662],[76.941934,35.42899],[76.941542,35.429192],[76.941072,35.429459],[76.940599,35.429597]],[[76.917332,35.423691],[76.917404,35.424056],[76.917477,35.424421],[76.917549,35.424785],[76.917559,35.425203],[76.917568,35.425569],[76.917513,35.425936],[76.917521,35.426301],[76.917721,35.426664],[76.917922,35.427026],[76.918248,35.427335],[76.918636,35.427538],[76.919085,35.427635],[76.919536,35.427785],[76.919985,35.427882],[76.920248,35.428191],[76.920573,35.428448],[76.920709,35.428811],[76.920718,35.429177],[76.920606,35.429524],[76.920489,35.429526],[76.920094,35.42932],[76.919713,35.429644],[76.919329,35.429863],[76.918944,35.430082],[76.918428,35.430196],[76.918044,35.430415],[76.917648,35.430421],[76.917706,35.430304],[76.917997,35.430007],[76.918348,35.429757],[76.918639,35.42946],[76.91863,35.42907],[76.918266,35.428784],[76.918019,35.428446],[76.917597,35.428209],[76.917175,35.428021],[76.916813,35.427783],[76.91679,35.427777],[76.91678,35.427358],[76.91658,35.426996],[76.916571,35.42663],[76.916499,35.426265],[76.916425,35.425848],[76.916289,35.425485],[76.916153,35.425121],[76.916015,35.424705],[76.916006,35.42434],[76.915934,35.423975],[76.915861,35.42361],[76.915789,35.423246],[76.91578,35.42288],[76.915899,35.422512],[76.916018,35.422145],[76.916073,35.421778],[76.916127,35.421359],[76.916119,35.420993],[76.91611,35.420628],[76.916102,35.420588],[76.916367,35.420676],[76.916754,35.420879],[76.917014,35.421049],[76.917016,35.421136],[76.916961,35.421502],[76.916906,35.421869],[76.916914,35.422235],[76.917051,35.422598],[76.917187,35.422962],[76.917259,35.423327],[76.917332,35.423691]],[[76.913818,35.42359],[76.913304,35.423442],[76.912853,35.423292],[76.912403,35.423142],[76.911954,35.423045],[76.911503,35.422895],[76.910989,35.422747],[76.910937,35.422729],[76.910924,35.422696],[76.910911,35.422631],[76.91105,35.422537],[76.911431,35.422531],[76.911879,35.422576],[76.912327,35.422621],[76.912774,35.422614],[76.913188,35.422607],[76.913414,35.422708],[76.913803,35.422964],[76.914066,35.423273],[76.913818,35.42359]],[[77.217075,35.446356],[77.217023,35.445985],[77.217012,35.44558],[77.217001,35.445174],[77.21699,35.444769],[77.21698,35.444397],[77.21697,35.444025],[77.217001,35.443653],[77.21699,35.443281],[77.217021,35.442875],[77.21701,35.442504],[77.217041,35.442097],[77.217072,35.441725],[77.217103,35.441353],[77.217134,35.44098],[77.217225,35.44078],[77.217034,35.440691],[77.216628,35.440502],[77.216538,35.440111],[77.216687,35.439715],[77.216836,35.439319],[77.217067,35.438988],[77.217468,35.43887],[77.217543,35.438848],[77.217938,35.438644],[77.218169,35.438313],[77.218318,35.437917],[77.218307,35.437524],[77.218216,35.437133],[77.218045,35.436743],[77.217718,35.436488],[77.217694,35.436432],[77.217548,35.436098],[77.217537,35.435705],[77.217771,35.435584],[77.217931,35.435501],[77.218326,35.435298],[77.218639,35.43503],[77.218628,35.434637],[77.218301,35.434381],[77.21829,35.433989],[77.218439,35.433593],[77.218112,35.433337],[77.21775,35.433168],[77.217707,35.433148],[77.217458,35.432825],[77.217287,35.432436],[77.217037,35.432047],[77.217026,35.431655],[77.217418,35.431385],[77.217527,35.431229],[77.217649,35.431054],[77.217879,35.430657],[77.218028,35.430261],[77.218017,35.429868],[77.217688,35.429547],[77.217561,35.429448],[77.217361,35.429291],[77.216954,35.429037],[77.216783,35.428647],[77.216773,35.428254],[77.216922,35.427859],[77.217403,35.427915],[77.217652,35.428238],[77.217703,35.428317],[77.217775,35.428225],[77.218013,35.428167],[77.218104,35.428145],[77.218227,35.428115],[77.218448,35.428288],[77.218638,35.428368],[77.21902,35.428438],[77.219104,35.428476],[77.219489,35.428469],[77.219895,35.428637],[77.219985,35.428995],[77.219995,35.429332],[77.219605,35.429446],[77.219126,35.429455],[77.218649,35.429595],[77.218662,35.430053],[77.218673,35.430446],[77.218764,35.430837],[77.218776,35.431295],[77.218947,35.431685],[77.218959,35.432143],[77.219208,35.432466],[77.219688,35.432457],[77.220166,35.432383],[77.220318,35.432401],[77.220328,35.432437],[77.220368,35.43273],[77.220379,35.432808],[77.220431,35.433179],[77.220442,35.433584],[77.220493,35.433955],[77.220515,35.43411],[77.219973,35.434089],[77.21958,35.434358],[77.219511,35.434752],[77.219362,35.435148],[77.219293,35.435542],[77.219224,35.435936],[77.219154,35.43633],[77.219165,35.436723],[77.219178,35.437181],[77.219188,35.437574],[77.219199,35.437966],[77.21921,35.438359],[77.219252,35.438424],[77.218897,35.438627],[77.218588,35.439025],[77.218357,35.439357],[77.218368,35.43975],[77.218617,35.440072],[77.219097,35.440064],[77.219426,35.439967],[77.219421,35.440025],[77.219364,35.440351],[77.219349,35.440432],[77.219318,35.440805],[77.2193,35.441029],[77.219287,35.441177],[77.219257,35.441583],[77.219226,35.441956],[77.219155,35.442363],[77.219165,35.442734],[77.219134,35.443107],[77.219103,35.443513],[77.219114,35.443885],[77.219083,35.444257],[77.219094,35.444663],[77.219063,35.445035],[77.219032,35.445407],[77.219043,35.445813],[77.219012,35.446185],[77.218981,35.446558],[77.218949,35.44693],[77.218856,35.447237],[77.218922,35.447339],[77.218496,35.447784],[77.217612,35.447442],[77.217159,35.446894],[77.217243,35.446814],[77.217168,35.446726],[77.217075,35.446356]],[[76.912157,35.42623],[76.911831,35.425973],[76.911381,35.425824],[76.910992,35.425569],[76.910603,35.425314],[76.910278,35.425057],[76.910022,35.424923],[76.910082,35.424904],[76.910653,35.424738],[76.911095,35.424522],[76.911166,35.424303],[76.911413,35.424465],[76.911738,35.424721],[76.911938,35.425083],[76.912074,35.425447],[76.912148,35.425864],[76.912157,35.42623]],[[76.910252,35.429395],[76.909803,35.429298],[76.909415,35.429095],[76.90909,35.428839],[76.908701,35.428584],[76.908376,35.428327],[76.90805,35.428071],[76.907724,35.427763],[76.907336,35.42756],[76.907198,35.427514],[76.907152,35.427254],[76.907143,35.426864],[76.907064,35.426626],[76.907445,35.426774],[76.907896,35.426924],[76.908285,35.427179],[76.908547,35.427489],[76.90881,35.427798],[76.909135,35.428054],[76.909523,35.428257],[76.909848,35.428513],[76.9103,35.428715],[76.9105,35.429078],[76.910252,35.429395]],[[77.240541,35.431894],[77.240531,35.431527],[77.240584,35.431106],[77.240636,35.430685],[77.240884,35.430365],[77.241263,35.430148],[77.241773,35.430033],[77.242226,35.430182],[77.242555,35.430491],[77.24301,35.430693],[77.243275,35.431003],[77.243302,35.431073],[77.243398,35.431148],[77.243607,35.431245],[77.243672,35.431416],[77.243747,35.431834],[77.243759,35.432254],[77.243722,35.432274],[77.243492,35.432606],[77.243261,35.432938],[77.242948,35.433206],[77.242474,35.433411],[77.241998,35.433551],[77.241709,35.433676],[77.241553,35.43366],[77.241104,35.433669],[77.240839,35.433359],[77.240764,35.432992],[77.24069,35.432626],[77.240552,35.432261],[77.240541,35.431894]],[[77.037286,35.488422],[77.038721,35.487054],[77.04223,35.485651],[77.044811,35.485113],[77.051444,35.484151],[77.054897,35.483951],[77.060842,35.483143],[77.064961,35.481941],[77.067271,35.480982],[77.069755,35.480091],[77.070752,35.478518],[77.071558,35.476241],[77.073981,35.472946],[77.074888,35.471234],[77.077033,35.470631],[77.079447,35.470377],[77.080764,35.467809],[77.082765,35.464946],[77.084857,35.462293],[77.086286,35.460713],[77.086209,35.460682],[77.089252,35.456486],[77.092519,35.4536],[77.096141,35.451086],[77.099509,35.447633],[77.104571,35.442925],[77.108634,35.439648],[77.110518,35.436787],[77.112852,35.43354],[77.115517,35.429722],[77.118427,35.426465],[77.12012,35.425115],[77.123634,35.422979],[77.126875,35.421465],[77.127013,35.421491],[77.127237,35.421381],[77.127618,35.421194],[77.127997,35.420962],[77.128377,35.42073],[77.128757,35.420543],[77.129193,35.420355],[77.129573,35.420168],[77.129954,35.419981],[77.130277,35.419705],[77.130599,35.419384],[77.131035,35.419241],[77.131264,35.419552],[77.13133,35.419957],[77.131394,35.420316],[77.131514,35.420675],[77.131688,35.421032],[77.131918,35.421389],[77.132089,35.421687],[77.133043,35.422183],[77.135227,35.423827],[77.137246,35.425684],[77.139693,35.427534],[77.141798,35.429389],[77.142322,35.430018],[77.142642,35.43027],[77.14298,35.430534],[77.143317,35.430798],[77.143655,35.431063],[77.144033,35.431327],[77.144411,35.431557],[77.144789,35.431786],[77.145127,35.432051],[77.145382,35.432351],[77.14568,35.432683],[77.145938,35.433051],[77.146153,35.433385],[77.146198,35.43348],[77.146364,35.433584],[77.148208,35.435304],[77.149623,35.436962],[77.151572,35.439381],[77.152124,35.44029],[77.152161,35.440309],[77.152499,35.440573],[77.152796,35.440872],[77.153011,35.441206],[77.153228,35.441574],[77.153443,35.441909],[77.153617,35.442244],[77.153875,35.442611],[77.15409,35.442945],[77.154347,35.443278],[77.154562,35.443613],[77.154818,35.443912],[77.155115,35.444211],[77.155412,35.44451],[77.155791,35.444774],[77.156168,35.44497],[77.156546,35.4452],[77.156729,35.445311],[77.156924,35.44543],[77.15718,35.445729],[77.157478,35.446062],[77.157775,35.446361],[77.158115,35.446693],[77.158453,35.446991],[77.15879,35.447255],[77.159211,35.447518],[77.159588,35.447714],[77.160006,35.44791],[77.160464,35.448037],[77.160963,35.448163],[77.161251,35.448264],[77.161815,35.448331],[77.162031,35.448397],[77.163376,35.448311],[77.163472,35.448267],[77.163809,35.448011],[77.164174,35.447767],[77.164582,35.447557],[77.164734,35.447294],[77.164822,35.447249],[77.165186,35.446972],[77.165425,35.446663],[77.165495,35.446306],[77.165621,35.446333],[77.166068,35.44622],[77.166445,35.445951],[77.166889,35.445733],[77.167137,35.445414],[77.167529,35.445669],[77.167794,35.445979],[77.168184,35.446182],[77.168637,35.446332],[77.169089,35.446429],[77.169542,35.446578],[77.169933,35.446781],[77.170325,35.447037],[77.170654,35.447346],[77.170919,35.447656],[77.171184,35.447966],[77.171318,35.448124],[77.171179,35.448126],[77.170686,35.448225],[77.170567,35.448252],[77.170309,35.448536],[77.169986,35.448812],[77.169664,35.449122],[77.169341,35.449399],[77.169165,35.449567],[77.169133,35.449559],[77.168618,35.449429],[77.167936,35.449371],[77.167338,35.449312],[77.167264,35.449732],[77.167103,35.450083],[77.166859,35.450506],[77.16687,35.450923],[77.166967,35.45134],[77.167398,35.451541],[77.167829,35.451742],[77.167926,35.451819],[77.168177,35.452015],[77.168608,35.452216],[77.168878,35.452427],[77.168417,35.452435],[77.167888,35.452445],[77.16746,35.452279],[77.167135,35.452025],[77.166811,35.451771],[77.16659,35.451428],[77.165952,35.451353],[77.165755,35.451877],[77.165552,35.452227],[77.16535,35.452577],[77.16515,35.453014],[77.164839,35.45328],[77.164533,35.453718],[77.164362,35.454014],[77.164294,35.453808],[77.164283,35.453403],[77.164272,35.452998],[77.164317,35.452636],[77.164418,35.452274],[77.164798,35.452087],[77.164788,35.451681],[77.164397,35.451508],[77.163959,35.451606],[77.163412,35.451751],[77.162862,35.451761],[77.162472,35.451588],[77.161974,35.451506],[77.161478,35.451515],[77.161141,35.451251],[77.160909,35.450849],[77.160568,35.45045],[77.160125,35.450368],[77.159684,35.45033],[77.15924,35.450203],[77.159011,35.449892],[77.158782,35.44958],[77.158445,35.449316],[77.158216,35.449004],[77.157667,35.449059],[77.157175,35.449203],[77.156737,35.449301],[77.156356,35.449488],[77.155917,35.449541],[77.15558,35.449277],[77.155405,35.44892],[77.15523,35.448562],[77.155001,35.448251],[77.154718,35.44794],[77.154434,35.44763],[77.154043,35.447411],[77.153547,35.44742],[77.153167,35.447607],[77.152727,35.44766],[77.152347,35.447847],[77.152358,35.448253],[77.152369,35.448658],[77.152381,35.449109],[77.152391,35.449514],[77.152402,35.44992],[77.152241,35.450163],[77.152119,35.450106],[77.152036,35.450081],[77.151692,35.450158],[77.151401,35.450074],[77.151248,35.45003],[77.150858,35.449857],[77.150705,35.449771],[77.149907,35.449595],[77.149838,35.449568],[77.1497,35.449537],[77.149393,35.44916],[77.14918,35.449121],[77.148842,35.448856],[77.148613,35.4485],[77.148275,35.448235],[77.148225,35.448181],[77.147991,35.447925],[77.147763,35.447614],[77.147479,35.447303],[77.14725,35.446992],[77.146897,35.446794],[77.146896,35.446773],[77.146951,35.446405],[77.147132,35.445981],[77.147251,35.445612],[77.147305,35.445243],[77.147294,35.444823],[77.147348,35.444455],[77.147467,35.444085],[77.147585,35.443715],[77.147768,35.443344],[77.147886,35.442975],[77.147876,35.442607],[77.147674,35.442243],[77.1476,35.441877],[77.147525,35.441459],[77.147514,35.441039],[77.147503,35.440619],[77.147124,35.440836],[77.146875,35.441155],[77.146693,35.441526],[77.14651,35.441897],[77.146328,35.442267],[77.146014,35.442536],[77.145635,35.442752],[77.14512,35.442709],[77.144728,35.442453],[77.144275,35.442304],[77.143829,35.442417],[77.143515,35.442685],[77.143589,35.443051],[77.143917,35.443308],[77.144182,35.443618],[77.144447,35.443929],[77.144585,35.444294],[77.144787,35.444658],[77.144989,35.445022],[77.145254,35.445332],[77.145457,35.445748],[77.14566,35.446112],[77.145837,35.446476],[77.145751,35.446523],[77.145477,35.446723],[77.145373,35.4468],[77.145137,35.447035],[77.145097,35.447122],[77.144817,35.447465],[77.144451,35.447708],[77.144085,35.447918],[77.143676,35.44806],[77.143222,35.448068],[77.142877,35.448074],[77.142546,35.448202],[77.142165,35.448389],[77.141785,35.448576],[77.141289,35.448585],[77.141213,35.448586],[77.140216,35.449156],[77.13995,35.44929],[77.139904,35.44926],[77.139576,35.449003],[77.139374,35.448639],[77.139109,35.448329],[77.138907,35.447965],[77.138579,35.447708],[77.138249,35.447347],[77.138175,35.44698],[77.138229,35.446612],[77.138229,35.446579],[77.138522,35.446547],[77.138961,35.446494],[77.139399,35.446396],[77.139836,35.446253],[77.140217,35.446066],[77.140651,35.445833],[77.140975,35.445557],[77.141186,35.445238],[77.141176,35.444832],[77.141165,35.444427],[77.141154,35.444021],[77.14109,35.443662],[77.141025,35.443302],[77.140905,35.442944],[77.140677,35.442633],[77.140502,35.442275],[77.140489,35.442249],[77.139615,35.441336],[77.138689,35.439711],[77.136835,35.436331],[77.136061,35.434375],[77.134906,35.433148],[77.133583,35.431661],[77.133,35.430818],[77.132832,35.430644],[77.132493,35.430445],[77.132311,35.430404],[77.131963,35.430327],[77.131755,35.430661],[77.131762,35.430694],[77.131827,35.43104],[77.13193,35.431224],[77.132022,35.431391],[77.132309,35.43169],[77.132626,35.431964],[77.132913,35.432263],[77.13323,35.432561],[77.133379,35.432736],[77.133486,35.432861],[77.133869,35.433363],[77.13463,35.43486],[77.135318,35.43662],[77.135462,35.437808],[77.135541,35.437946],[77.135716,35.438303],[77.135835,35.438662],[77.135955,35.43902],[77.136131,35.439423],[77.13625,35.439781],[77.13648,35.440138],[77.136513,35.440237],[77.136539,35.440272],[77.136767,35.440584],[77.136887,35.440942],[77.137006,35.4413],[77.137181,35.441658],[77.137356,35.442015],[77.137391,35.44212],[77.137475,35.442374],[77.137595,35.442732],[77.13766,35.443092],[77.137724,35.443451],[77.137732,35.443744],[77.137516,35.443868],[77.137585,35.443473],[77.137147,35.44453],[77.137152,35.444723],[77.137163,35.445129],[77.137174,35.445534],[77.137182,35.445866],[77.136802,35.446007],[77.136489,35.446328],[77.136499,35.446695],[77.136509,35.447062],[77.13639,35.447432],[77.136077,35.4477],[77.135565,35.447762],[77.134988,35.447772],[77.134348,35.447836],[77.1339,35.447896],[77.134228,35.448153],[77.134618,35.448356],[77.135008,35.448559],[77.135459,35.448604],[77.13591,35.448701],[77.136426,35.448797],[77.136877,35.448841],[77.137327,35.448886],[77.13778,35.449035],[77.138045,35.449346],[77.138313,35.449761],[77.138578,35.450071],[77.139029,35.450168],[77.139478,35.45016],[77.139587,35.450158],[77.139571,35.450283],[77.139582,35.450688],[77.139611,35.45085],[77.139647,35.451048],[77.13993,35.451358],[77.140094,35.451486],[77.140012,35.451556],[77.139701,35.451822],[77.139282,35.452002],[77.1394,35.452434],[77.139411,35.452867],[77.139632,35.453209],[77.139853,35.453552],[77.140074,35.453895],[77.140398,35.454149],[77.140826,35.454315],[77.141188,35.454527],[77.141047,35.454868],[77.140847,35.455126],[77.140626,35.45504],[77.140061,35.454776],[77.139499,35.454604],[77.139048,35.454429],[77.138721,35.454709],[77.138282,35.454991],[77.137955,35.45527],[77.137853,35.455637],[77.138086,35.455998],[77.13821,35.456452],[77.138281,35.456665],[77.137817,35.456673],[77.137182,35.456684],[77.136549,35.456782],[77.136022,35.456878],[77.135387,35.456889],[77.13486,35.456985],[77.134225,35.456997],[77.133799,35.457004],[77.133576,35.456845],[77.133228,35.456572],[77.132941,35.456273],[77.132589,35.455848],[77.132576,35.455826],[77.13096,35.454938],[77.130893,35.454991],[77.130745,35.455181],[77.130701,35.455125],[77.130253,35.455041],[77.129911,35.454774],[77.129757,35.454714],[77.12971,35.454481],[77.129636,35.454115],[77.129498,35.45375],[77.129171,35.453493],[77.129053,35.453915],[77.128935,35.454285],[77.128753,35.454708],[77.128307,35.454821],[77.12798,35.454564],[77.127531,35.454572],[77.127259,35.45519],[77.126973,35.45508],[77.126542,35.454827],[77.126216,35.454486],[77.125891,35.454232],[77.12567,35.453889],[77.125659,35.453456],[77.125438,35.453114],[77.125321,35.452682],[77.1251,35.45234],[77.124879,35.451997],[77.124555,35.451743],[77.124244,35.452008],[77.124042,35.452358],[77.123841,35.452795],[77.123639,35.453145],[77.123328,35.453411],[77.122799,35.45342],[77.122269,35.453429],[77.121841,35.453263],[77.121312,35.453273],[77.120783,35.453282],[77.120256,35.453378],[77.119947,35.45373],[77.119957,35.454111],[77.119729,35.453992],[77.119337,35.453736],[77.118821,35.45364],[77.118431,35.453437],[77.118421,35.45307],[77.118604,35.452699],[77.118723,35.452329],[77.118777,35.451961],[77.118324,35.451811],[77.117874,35.451767],[77.117426,35.451827],[77.11698,35.45194],[77.116531,35.451948],[77.116217,35.452216],[77.115771,35.452329],[77.115323,35.452389],[77.114877,35.452502],[77.114563,35.45277],[77.114388,35.453125],[77.114233,35.453112],[77.114178,35.453113],[77.114122,35.453069],[77.113678,35.452941],[77.113236,35.452904],[77.11274,35.452913],[77.112299,35.452875],[77.111803,35.452884],[77.111308,35.452893],[77.11117,35.453101],[77.11112,35.453176],[77.1113,35.454339],[77.111964,35.45518],[77.113346,35.455878],[77.11488,35.456245],[77.116491,35.456467],[77.116634,35.45645],[77.11713,35.456441],[77.117626,35.456478],[77.11807,35.456605],[77.11846,35.456779],[77.118798,35.457043],[77.118809,35.457449],[77.118763,35.45781],[77.118722,35.457859],[77.118711,35.457946],[77.118723,35.458397],[77.118895,35.458664],[77.118954,35.458783],[77.118955,35.458843],[77.119076,35.459247],[77.119091,35.459332],[77.118662,35.459626],[77.118448,35.459995],[77.118353,35.46016],[77.118108,35.459996],[77.117216,35.460977],[77.117197,35.461128],[77.117042,35.461491],[77.116996,35.461852],[77.116615,35.462039],[77.116178,35.462182],[77.116078,35.462545],[77.115875,35.462788],[77.115408,35.46272],[77.114896,35.462781],[77.114648,35.463101],[77.114594,35.463469],[77.114731,35.463834],[77.114741,35.464202],[77.114427,35.46447],[77.11398,35.46453],[77.113535,35.464696],[77.113023,35.464757],[77.112574,35.464765],[77.112056,35.464616],[77.111666,35.464413],[77.11174,35.46478],[77.111879,35.465197],[77.112144,35.465508],[77.112471,35.465764],[77.112862,35.465968],[77.113316,35.46617],[77.113767,35.466214],[77.114219,35.466311],[77.114442,35.466359],[77.114415,35.46636],[77.11396,35.466368],[77.113701,35.466372],[77.114159,35.46647],[77.114609,35.466515],[77.114802,35.466511],[77.114811,35.466879],[77.114885,35.467245],[77.114895,35.467612],[77.114968,35.467978],[77.115106,35.468344],[77.115244,35.468709],[77.115446,35.469073],[77.115533,35.469301],[77.11591,35.469191],[77.115923,35.469263],[77.116098,35.46962],[77.116272,35.469978],[77.116501,35.470289],[77.116784,35.4706],[77.117068,35.470911],[77.117406,35.471175],[77.117488,35.471239],[77.117785,35.470943],[77.118165,35.470711],[77.118488,35.470435],[77.118507,35.470423],[77.118593,35.470738],[77.119021,35.470904],[77.119553,35.470981],[77.120082,35.470972],[77.120616,35.471136],[77.121148,35.471213],[77.121578,35.471466],[77.122006,35.471631],[77.122434,35.471797],[77.122678,35.471892],[77.122685,35.472146],[77.122696,35.472567],[77.122777,35.472751],[77.122789,35.473241],[77.123454,35.474083],[77.12372,35.475063],[77.123345,35.476054],[77.12241,35.477121],[77.120678,35.478399],[77.118526,35.478962],[77.115578,35.479801],[77.112448,35.47979],[77.109626,35.479315],[77.106475,35.478516],[77.103232,35.47726],[77.100791,35.475989],[77.09699,35.474874],[77.093055,35.474745],[77.088532,35.473642],[77.084972,35.472522],[77.085103,35.474489],[77.086427,35.476042],[77.088848,35.477181],[77.092475,35.477775],[77.096905,35.478877],[77.097464,35.479297],[77.098699,35.480744],[77.099293,35.481924],[77.099516,35.482646],[77.09853,35.482846],[77.094271,35.485325],[77.088584,35.48606],[77.083939,35.486989],[77.080066,35.487692],[77.076699,35.487892],[77.071939,35.487691],[77.067016,35.487916],[77.061582,35.488434],[77.054326,35.488699],[77.048885,35.488933],[77.043798,35.489514],[77.038445,35.489817],[77.037286,35.488422]],[[77.194987,35.430285],[77.194786,35.430223],[77.194357,35.430092],[77.193754,35.429824],[77.193325,35.429693],[77.193159,35.429642],[77.193056,35.429508],[77.192876,35.429161],[77.192779,35.428743],[77.192346,35.428541],[77.192535,35.42837],[77.192775,35.428365],[77.193251,35.428226],[77.193345,35.42809],[77.193535,35.428239],[77.193966,35.428371],[77.194399,35.428574],[77.194912,35.428564],[77.195425,35.428555],[77.196026,35.428614],[77.19654,35.428675],[77.197053,35.428665],[77.197487,35.428867],[77.19792,35.42907],[77.197956,35.429081],[77.197789,35.42937],[77.19734,35.429564],[77.196894,35.42985],[77.196442,35.429952],[77.195991,35.430053],[77.195426,35.430156],[77.194987,35.430285]],[[76.94989,35.434834],[76.950006,35.434791],[76.950276,35.434932],[76.950728,35.435134],[76.951054,35.435442],[76.951063,35.435808],[76.950685,35.436023],[76.950372,35.436289],[76.950317,35.436656],[76.950454,35.437019],[76.950654,35.437382],[76.950855,35.437744],[76.95118,35.438],[76.951444,35.438362],[76.951066,35.438577],[76.950616,35.438428],[76.950228,35.438225],[76.949778,35.438128],[76.949453,35.437872],[76.94919,35.437562],[76.948739,35.437413],[76.94829,35.437316],[76.947842,35.43727],[76.947391,35.437121],[76.947319,35.436756],[76.947565,35.436387],[76.947812,35.436017],[76.948058,35.435647],[76.948371,35.435381],[76.948818,35.435373],[76.949265,35.435366],[76.949578,35.4351],[76.94989,35.434834]],[[77.188026,35.430285],[77.188506,35.430276],[77.188986,35.430267],[77.189546,35.430257],[77.190185,35.430246],[77.190344,35.430205],[77.190397,35.430345],[77.190197,35.430516],[77.189953,35.430938],[77.189708,35.431291],[77.189586,35.431502],[77.189286,35.431438],[77.188774,35.431378],[77.188091,35.43132],[77.187495,35.431331],[77.186815,35.431343],[77.186219,35.431354],[77.186136,35.431364],[77.186285,35.430971],[77.186274,35.430579],[77.186587,35.430311],[77.187065,35.430237],[77.187545,35.430228],[77.188026,35.430285]],[[76.973498,35.439428],[76.973918,35.439278],[76.974,35.438988],[76.974118,35.43862],[76.974496,35.438405],[76.974943,35.438398],[76.97539,35.43839],[76.9759,35.438382],[76.976412,35.438426],[76.976923,35.438418],[76.97737,35.43841],[76.97788,35.438402],[76.978327,35.438395],[76.978842,35.438543],[76.978891,35.438674],[76.979357,35.438696],[76.981378,35.440077],[76.983774,35.442654],[76.98379,35.443291],[76.98111,35.443264],[76.97733,35.444175],[76.974435,35.445919],[76.973002,35.447428],[76.972255,35.449904],[76.972343,35.449874],[76.972438,35.450291],[76.972448,35.450708],[76.972288,35.451129],[76.972213,35.451548],[76.972392,35.451894],[76.972904,35.451955],[76.972952,35.451954],[76.97302,35.451671],[76.97455,35.450655],[76.974863,35.449307],[76.97629,35.447586],[76.979283,35.446264],[76.982282,35.445225],[76.9846,35.444621],[76.9861,35.445869],[76.988315,35.448096],[76.989306,35.449706],[76.990922,35.452154],[76.990932,35.452579],[76.988857,35.452542],[76.984806,35.452911],[76.98466,35.452684],[76.984433,35.452329],[76.984205,35.451974],[76.983834,35.451741],[76.983534,35.451447],[76.983453,35.45109],[76.983889,35.451023],[76.9844,35.451015],[76.984701,35.451368],[76.985,35.451662],[76.985228,35.452017],[76.985513,35.451714],[76.985945,35.451467],[76.986082,35.451107],[76.985641,35.450994],[76.985199,35.450822],[76.984755,35.450591],[76.984314,35.450478],[76.983799,35.450308],[76.983356,35.450136],[76.982917,35.450083],[76.982406,35.450091],[76.981895,35.4501],[76.981384,35.450108],[76.980873,35.450117],[76.980362,35.450125],[76.980224,35.450486],[76.980306,35.450843],[76.980606,35.451137],[76.980976,35.45137],[76.981276,35.451664],[76.981358,35.452021],[76.981412,35.452296],[76.981144,35.452263],[76.980703,35.452151],[76.980261,35.451979],[76.97982,35.451867],[76.979378,35.451695],[76.97915,35.45134],[76.979068,35.450983],[76.978629,35.45093],[76.978118,35.450939],[76.977681,35.451006],[76.977247,35.451192],[76.977037,35.451554],[76.977265,35.451909],[76.977564,35.452203],[76.978077,35.452254],[76.978588,35.452246],[76.979172,35.452236],[76.979611,35.452289],[76.980054,35.452461],[76.980425,35.452694],[76.98036,35.453053],[76.979927,35.45324],[76.979493,35.453426],[76.979134,35.453671],[76.978849,35.453974],[76.978821,35.45413],[76.976301,35.455082],[76.975603,35.455118],[76.975456,35.455327],[76.975036,35.455543],[76.974527,35.455621],[76.974098,35.455489],[76.973667,35.455287],[76.973236,35.455085],[76.972639,35.455025],[76.97213,35.455103],[76.971798,35.455457],[76.971551,35.455809],[76.971389,35.45616],[76.971227,35.456511],[76.97098,35.456864],[76.970647,35.457148],[76.970313,35.457432],[76.969892,35.457648],[76.969731,35.457999],[76.969484,35.458351],[76.969237,35.458704],[76.969085,35.459034],[76.968821,35.459039],[76.968237,35.459048],[76.967796,35.458936],[76.967353,35.458764],[76.96702,35.458724],[76.966927,35.458254],[76.966748,35.457908],[76.966482,35.457495],[76.966217,35.457081],[76.965953,35.456737],[76.965774,35.456391],[76.965695,35.456044],[76.965264,35.456182],[76.964974,35.454913],[76.965616,35.452852],[76.967214,35.451058],[76.96804,35.449489],[76.969628,35.447271],[76.971555,35.444764],[76.973202,35.443145],[76.973324,35.442709],[76.973443,35.442342],[76.973518,35.442075],[76.973108,35.441132],[76.973498,35.439428]],[[77.166758,35.479936],[77.166748,35.479568],[77.166867,35.479198],[77.167093,35.478908],[77.167115,35.478879],[77.167105,35.478512],[77.166967,35.478147],[77.166918,35.478],[77.167352,35.477132],[77.167547,35.476888],[77.167538,35.476556],[77.167473,35.476196],[77.167408,35.475837],[77.167398,35.475431],[77.167442,35.475025],[77.167487,35.474664],[77.167643,35.4743],[77.167743,35.473938],[77.167789,35.473576],[77.167778,35.473171],[77.167767,35.472766],[77.167867,35.472403],[77.167968,35.472041],[77.168291,35.471765],[77.16867,35.471532],[77.169029,35.47127],[77.169151,35.470983],[77.169141,35.470578],[77.169132,35.470266],[77.169062,35.470182],[77.168886,35.470072],[77.168584,35.469777],[77.168392,35.469552],[77.167996,35.469574],[77.167955,35.469518],[77.167503,35.469421],[77.167054,35.469429],[77.16661,35.469647],[77.166298,35.469967],[77.166244,35.470336],[77.166189,35.470704],[77.166201,35.471147],[77.166053,35.471472],[77.166022,35.471878],[77.165908,35.472252],[77.165836,35.472625],[77.165845,35.472997],[77.165814,35.473369],[77.165743,35.47381],[77.165712,35.474182],[77.165681,35.474555],[77.165608,35.474928],[77.165452,35.475269],[77.164998,35.475311],[77.164947,35.47494],[77.164896,35.474569],[77.164845,35.474198],[77.164793,35.473827],[77.164782,35.473422],[77.164772,35.473016],[77.164761,35.472611],[77.164751,35.472239],[77.164782,35.471867],[77.164896,35.471493],[77.16501,35.471119],[77.165083,35.470746],[77.165239,35.470405],[77.165436,35.470063],[77.165717,35.469754],[77.165957,35.469445],[77.166044,35.469327],[77.166075,35.46928],[77.166065,35.468875],[77.166054,35.46847],[77.166043,35.468064],[77.165923,35.467706],[77.165803,35.467347],[77.165738,35.466988],[77.165674,35.466628],[77.165663,35.466223],[77.165652,35.465818],[77.165641,35.465412],[77.165632,35.465067],[77.165621,35.464909],[77.165538,35.46455],[77.165455,35.464191],[77.16531,35.464049],[77.165107,35.463979],[77.16481,35.463955],[77.164801,35.463623],[77.164621,35.463276],[77.164268,35.462863],[77.164171,35.462444],[77.164332,35.462091],[77.164756,35.461944],[77.165266,35.461795],[77.165779,35.461785],[77.16629,35.461706],[77.166625,35.46142],[77.16687,35.460996],[77.166986,35.460897],[77.167165,35.461037],[77.167386,35.461379],[77.167814,35.461545],[77.168242,35.461711],[77.168671,35.461876],[77.169099,35.462042],[77.169529,35.462294],[77.170061,35.462371],[77.170588,35.462275],[77.171007,35.462094],[77.171425,35.461913],[77.171736,35.461648],[77.172234,35.461557],[77.172308,35.461931],[77.172189,35.4623],[77.171943,35.462672],[77.17163,35.462993],[77.171576,35.463361],[77.171522,35.46373],[77.171596,35.464096],[77.171542,35.464465],[77.171359,35.464836],[77.171111,35.465155],[77.170863,35.465475],[77.170549,35.465743],[77.170237,35.466063],[77.170054,35.466434],[77.169806,35.466754],[77.169558,35.467073],[77.169113,35.467239],[77.168799,35.467507],[77.168617,35.467878],[77.168434,35.468249],[77.168699,35.468559],[77.169027,35.468816],[77.169356,35.469125],[77.169559,35.469489],[77.169761,35.469853],[77.17009,35.470162],[77.171125,35.470458],[77.171189,35.470457],[77.171641,35.470554],[77.172086,35.470388],[77.172443,35.470424],[77.172449,35.470636],[77.172461,35.471086],[77.172472,35.471492],[77.172483,35.471897],[77.172547,35.472257],[77.172553,35.472482],[77.172728,35.472839],[77.172957,35.473151],[77.172981,35.47317],[77.172962,35.473204],[77.174081,35.475118],[77.176788,35.476746],[77.176845,35.476939],[77.176282,35.478103],[77.175101,35.479185],[77.17466,35.479232],[77.174572,35.47927],[77.174127,35.479435],[77.173683,35.479653],[77.173172,35.479715],[77.172724,35.479776],[77.172211,35.479785],[77.171697,35.479794],[77.171248,35.479802],[77.1708,35.479863],[77.170351,35.479871],[77.169774,35.479881],[77.169196,35.479892],[77.168747,35.4799],[77.168301,35.480013],[77.167789,35.480075],[77.167344,35.48024],[77.166896,35.480301],[77.166758,35.479936]],[[76.944923,35.446042],[76.944088,35.44593],[76.943705,35.445803],[76.943317,35.4456],[76.942804,35.445504],[76.942356,35.445459],[76.941913,35.445623],[76.941601,35.445941],[76.941546,35.446308],[76.941491,35.446675],[76.941494,35.446815],[76.938394,35.447229],[76.938779,35.445078],[76.938764,35.444442],[76.939071,35.44431],[76.939642,35.444144],[76.940087,35.444032],[76.940532,35.443973],[76.940974,35.443756],[76.941482,35.443644],[76.941926,35.443532],[76.942337,35.443282],[76.942691,35.443468],[76.943017,35.443724],[76.943217,35.444086],[76.94348,35.444395],[76.943743,35.444705],[76.944007,35.445066],[76.944332,35.445322],[76.94472,35.445525],[76.945001,35.445578],[76.944923,35.446042]],[[76.908276,35.429531],[76.908539,35.42984],[76.908802,35.43015],[76.909064,35.430459],[76.90939,35.430715],[76.90959,35.431078],[76.909726,35.431442],[76.909728,35.431506],[76.909514,35.431457],[76.908975,35.43132],[76.908436,35.431182],[76.90796,35.431189],[76.907487,35.431343],[76.906951,35.431352],[76.906475,35.431359],[76.905939,35.431368],[76.905406,35.431522],[76.904994,35.431724],[76.904582,35.431925],[76.904169,35.432078],[76.903694,35.432134],[76.903221,35.432142],[76.903209,35.432114],[76.903125,35.431695],[76.903115,35.431274],[76.903105,35.430854],[76.903096,35.430433],[76.90311,35.430351],[76.90316,35.430071],[76.903224,35.42965],[76.903362,35.429287],[76.903457,35.429038],[76.903501,35.428924],[76.903675,35.428663],[76.903978,35.428658],[76.904425,35.428651],[76.90487,35.428592],[76.905317,35.428585],[76.905765,35.42863],[76.906212,35.428623],[76.906661,35.42872],[76.907111,35.42887],[76.907499,35.429073],[76.907887,35.429276],[76.908276,35.429531]],[[76.950154,35.449638],[76.948955,35.450081],[76.948255,35.449739],[76.947466,35.449257],[76.947369,35.448834],[76.94786,35.447695],[76.949069,35.447675],[76.950203,35.448081],[76.950154,35.449638]],[[76.988519,35.456366],[76.992331,35.456728],[76.993475,35.457557],[76.994123,35.459315],[76.994936,35.460716],[76.99383,35.461441],[76.991698,35.462608],[76.9887,35.463718],[76.98569,35.464333],[76.981986,35.464889],[76.979577,35.465353],[76.976628,35.464906],[76.974671,35.466211],[76.972392,35.468441],[76.970624,35.470379],[76.970311,35.468192],[76.97055,35.46734],[76.971993,35.466255],[76.974115,35.464665],[76.973298,35.463052],[76.971887,35.461943],[76.972893,35.460654],[76.974279,35.460773],[76.976009,35.460815],[76.977975,35.459934],[76.980083,35.457778],[76.982565,35.456747],[76.988519,35.456366]],[[76.942011,35.450888],[76.942012,35.450923],[76.9424,35.451126],[76.942788,35.451329],[76.943139,35.451405],[76.943237,35.451426],[76.943276,35.451426],[76.943154,35.451746],[76.943156,35.451832],[76.942991,35.451796],[76.942819,35.451799],[76.940278,35.45278],[76.940013,35.452784],[76.939502,35.452793],[76.938989,35.452696],[76.938541,35.452651],[76.93797,35.452661],[76.938037,35.452538],[76.937966,35.449617],[76.938028,35.449273],[76.94008,35.450003],[76.942011,35.450888]],[[76.957009,35.461478],[76.955713,35.461499],[76.95441,35.461237],[76.9538,35.461035],[76.954208,35.460038],[76.955145,35.459458],[76.956204,35.46036],[76.957009,35.461478]],[[76.944609,35.451483],[76.944729,35.451277],[76.945084,35.451187],[76.94553,35.45118],[76.94598,35.451277],[76.946305,35.451533],[76.94682,35.451682],[76.947083,35.451991],[76.947346,35.452301],[76.947546,35.452663],[76.947102,35.452775],[76.946655,35.452782],[76.94614,35.452634],[76.945688,35.452432],[76.945238,35.452282],[76.944788,35.452185],[76.944436,35.452001],[76.944473,35.451904],[76.944609,35.451483]],[[76.951643,35.450462],[76.951194,35.449762],[76.952576,35.44974],[76.953167,35.449165],[76.954095,35.44823],[76.954627,35.448787],[76.95456,35.449566],[76.953886,35.450285],[76.955119,35.451255],[76.956327,35.451164],[76.957162,35.449949],[76.958805,35.449993],[76.957792,35.450999],[76.957388,35.452137],[76.957522,35.454115],[76.956494,35.454485],[76.954932,35.454228],[76.953617,35.453471],[76.952472,35.45257],[76.952272,35.451442],[76.951643,35.450462]],[[76.942566,35.454624],[76.942055,35.454632],[76.941918,35.454993],[76.941853,35.455352],[76.941857,35.455502],[76.941608,35.455372],[76.94122,35.455169],[76.940957,35.45486],[76.940505,35.454658],[76.940117,35.454455],[76.939729,35.454252],[76.939214,35.454104],[76.938764,35.453954],[76.9384,35.453886],[76.938697,35.453851],[76.939144,35.453844],[76.93959,35.453784],[76.940101,35.453776],[76.940547,35.453769],[76.941122,35.453759],[76.941633,35.453751],[76.941737,35.45375],[76.94187,35.453827],[76.942146,35.453848],[76.942534,35.45405],[76.942596,35.454162],[76.942734,35.454413],[76.942738,35.45458],[76.942566,35.454624]],[[76.99373,35.464969],[76.996126,35.463987],[76.997734,35.463771],[76.998218,35.464706],[76.999539,35.466853],[77.000272,35.468538],[77.000427,35.470139],[77.001218,35.472241],[77.000786,35.472718],[76.998496,35.473322],[76.996017,35.475626],[76.995361,35.47662],[76.995284,35.476541],[76.992055,35.4765],[76.990529,35.476268],[76.990041,35.476276],[76.989526,35.476215],[76.989012,35.476223],[76.988408,35.476023],[76.987808,35.475963],[76.987292,35.475901],[76.986777,35.47584],[76.986346,35.475707],[76.985915,35.475574],[76.985484,35.475441],[76.985053,35.475308],[76.984538,35.475247],[76.984272,35.474901],[76.984262,35.474481],[76.984597,35.474196],[76.984805,35.473899],[76.984742,35.473837],[76.984442,35.473543],[76.984288,35.473187],[76.984206,35.47283],[76.984094,35.472574],[76.982387,35.472416],[76.980106,35.473397],[76.977834,35.474754],[76.975193,35.475175],[76.972129,35.476095],[76.971812,35.476366],[76.971388,35.476512],[76.970876,35.476591],[76.970363,35.476599],[76.969931,35.476466],[76.969416,35.476405],[76.968903,35.476413],[76.96839,35.476421],[76.967875,35.47636],[76.967526,35.476085],[76.96726,35.47574],[76.96725,35.47532],[76.967671,35.475033],[76.968184,35.475024],[76.968616,35.475157],[76.969129,35.475149],[76.969644,35.475211],[76.970325,35.47506],[76.970837,35.474981],[76.971692,35.474967],[76.972117,35.47482],[76.972399,35.474787],[76.973559,35.474353],[76.974896,35.472445],[76.977389,35.470707],[76.979654,35.469067],[76.982152,35.467517],[76.985813,35.46642],[76.989147,35.466082],[76.99373,35.464969]],[[76.946903,35.458797],[76.947345,35.458969],[76.947788,35.459141],[76.947869,35.459498],[76.947433,35.459565],[76.946922,35.459573],[76.946569,35.459531],[76.946592,35.459217],[76.945277,35.457976],[76.945349,35.457985],[76.945789,35.458038],[76.94623,35.45815],[76.946675,35.458442],[76.946903,35.458797]],[[76.982588,35.475902],[76.983512,35.475981],[76.985713,35.476416],[76.98884,35.477025],[76.991281,35.477833],[76.993932,35.479002],[76.993578,35.479933],[76.991906,35.479803],[76.991259,35.481605],[76.989916,35.48323],[76.989194,35.48342],[76.989004,35.483747],[76.988646,35.484051],[76.988275,35.483819],[76.9881,35.483708],[76.987904,35.483586],[76.987613,35.483357],[76.987532,35.483293],[76.987304,35.482938],[76.987149,35.482582],[76.987067,35.482225],[76.986912,35.481869],[76.98683,35.481512],[76.986748,35.481155],[76.986667,35.480797],[76.986585,35.48044],[76.986574,35.480022],[76.986564,35.479604],[76.986121,35.479432],[76.985685,35.479499],[76.98525,35.479625],[76.984738,35.479634],[76.98451,35.479279],[76.984795,35.478976],[76.985079,35.478612],[76.985363,35.478309],[76.985721,35.478004],[76.985987,35.477906],[76.985621,35.477361],[76.982588,35.475902]],[[76.906382,35.452094],[76.905934,35.452049],[76.905546,35.451846],[76.905283,35.451537],[76.905275,35.451171],[76.905202,35.450806],[76.905257,35.45044],[76.905504,35.45007],[76.905881,35.449803],[76.906259,35.449588],[76.906553,35.449379],[76.90655,35.449246],[76.906885,35.449055],[76.907004,35.448688],[76.907187,35.448319],[76.90737,35.44795],[76.907553,35.447582],[76.907931,35.447367],[76.908377,35.447307],[76.908884,35.447142],[76.909329,35.447083],[76.90984,35.447075],[76.910284,35.446963],[76.910794,35.446903],[76.911241,35.446896],[76.911688,35.446889],[76.912198,35.446881],[76.912645,35.446874],[76.913093,35.446919],[76.913542,35.447016],[76.91393,35.447219],[76.914381,35.447369],[76.914832,35.447519],[76.91522,35.447721],[76.915546,35.44803],[76.915745,35.448303],[76.915426,35.448345],[76.914916,35.448406],[76.914472,35.448517],[76.914029,35.448681],[76.913522,35.448846],[76.913078,35.448957],[76.912571,35.449122],[76.912064,35.449287],[76.911555,35.449399],[76.911112,35.449563],[76.910668,35.449675],[76.910161,35.44984],[76.909718,35.450003],[76.909274,35.450167],[76.908766,35.45028],[76.908324,35.450496],[76.907881,35.450659],[76.907503,35.450874],[76.907127,35.451194],[76.90699,35.451311],[76.906942,35.451458],[76.906685,35.45172],[76.90663,35.451777],[76.906539,35.451894],[76.906382,35.452094]],[[76.982089,35.452069],[76.982079,35.451651],[76.982518,35.451703],[76.982958,35.451756],[76.9834,35.451928],[76.983771,35.452161],[76.98407,35.452454],[76.984667,35.452923],[76.983165,35.45306],[76.983113,35.453069],[76.982911,35.452832],[76.982466,35.452541],[76.982035,35.452373],[76.982089,35.452069]],[[77.049212,35.401257],[77.04859,35.401267],[77.048111,35.401275],[77.047633,35.401283],[77.04706,35.401332],[77.046484,35.401264],[77.046258,35.401186],[77.045788,35.401194],[77.042767,35.401245],[77.040177,35.401289],[77.037065,35.4012],[77.035409,35.400592],[77.032801,35.399928],[77.029688,35.399769],[77.026823,35.39918],[77.024566,35.398723],[77.022913,35.398256],[77.022286,35.397954],[77.022093,35.397989],[77.022006,35.398005],[77.021892,35.397915],[77.021457,35.397766],[77.021117,35.397537],[77.020728,35.397308],[77.020292,35.397119],[77.019858,35.39697],[77.019423,35.39682],[77.018989,35.396671],[77.018601,35.396481],[77.018213,35.396253],[77.017825,35.396063],[77.017391,35.395953],[77.017625,35.395714],[77.018052,35.39555],[77.018479,35.395425],[77.018906,35.395261],[77.019186,35.394982],[77.019466,35.394703],[77.019698,35.394386],[77.019978,35.394107],[77.020307,35.393866],[77.020785,35.393858],[77.020986,35.394207],[77.020851,35.394562],[77.020717,35.394957],[77.020582,35.395311],[77.02064,35.395702],[77.02084,35.396052],[77.021088,35.3964],[77.021382,35.39667],[77.021723,35.396899],[77.022111,35.397089],[77.022544,35.397199],[77.022977,35.39727],[77.023454,35.397223],[77.023542,35.397244],[77.023624,35.397544],[77.023933,35.397602],[77.027582,35.39846],[77.030884,35.399254],[77.034788,35.399966],[77.037993,35.400336],[77.041004,35.399861],[77.04403,35.399951],[77.046879,35.399903],[77.049997,35.400274],[77.050263,35.400885],[77.050498,35.401],[77.050885,35.401189],[77.050895,35.401581],[77.050858,35.402012],[77.050676,35.402368],[77.050298,35.402571],[77.049865,35.40246],[77.04976,35.402109],[77.049798,35.401717],[77.049693,35.401366],[77.049212,35.401257]],[[77.025591,35.436291],[77.023744,35.434996],[77.023084,35.434478],[77.023049,35.434482],[77.02257,35.43449],[77.022135,35.43434],[77.021841,35.434071],[77.021737,35.43372],[77.021775,35.433327],[77.021957,35.432971],[77.022189,35.432654],[77.022324,35.432299],[77.022335,35.432178],[77.022007,35.431813],[77.02174,35.431956],[77.021312,35.432042],[77.020971,35.431812],[77.020961,35.43142],[77.021191,35.431064],[77.02152,35.430784],[77.021898,35.430582],[77.022375,35.430535],[77.022564,35.430664],[77.022765,35.430802],[77.023108,35.43111],[77.023402,35.43138],[77.023836,35.43149],[77.024319,35.431678],[77.024803,35.431866],[77.025043,35.431948],[77.025698,35.432789],[77.026786,35.434839],[77.027458,35.435783],[77.027637,35.436024],[77.02764,35.436168],[77.027652,35.436638],[77.0279,35.436987],[77.028288,35.437176],[77.028316,35.437184],[77.028722,35.437287],[77.028826,35.437638],[77.028836,35.438029],[77.028846,35.438421],[77.02876,35.438814],[77.028732,35.438853],[77.028529,35.439132],[77.028491,35.439524],[77.028595,35.439875],[77.028842,35.440185],[77.029138,35.440533],[77.029339,35.440882],[77.029396,35.440982],[77.029542,35.44137],[77.031338,35.443196],[77.031506,35.444731],[77.030269,35.444487],[77.028498,35.443668],[77.027375,35.442838],[77.027382,35.442714],[77.027228,35.442642],[77.026745,35.442493],[77.026357,35.442304],[77.026204,35.441914],[77.02629,35.441521],[77.026377,35.441167],[77.026415,35.440774],[77.026502,35.44042],[77.026624,35.440183],[77.026595,35.440146],[77.026506,35.439193],[77.027067,35.438282],[77.026587,35.437229],[77.025591,35.436291]],[[77.031417,35.432591],[77.031623,35.432692],[77.032011,35.432881],[77.032399,35.43307],[77.03274,35.4333],[77.033034,35.433569],[77.033282,35.433918],[77.033402,35.434086],[77.033194,35.434519],[77.032353,35.434586],[77.031893,35.434329],[77.030965,35.433496],[77.031011,35.432753],[77.031417,35.432591]],[[77.046526,35.426202],[77.046693,35.42625],[77.047208,35.426421],[77.047651,35.426593],[77.048087,35.426525],[77.048005,35.426168],[77.047923,35.425811],[77.047841,35.425454],[77.04783,35.425036],[77.047894,35.424676],[77.048055,35.424399],[77.048984,35.425051],[77.04923,35.426681],[77.049043,35.426808],[77.048906,35.427169],[77.049207,35.427522],[77.04958,35.427815],[77.049808,35.428169],[77.050109,35.428523],[77.05048,35.428756],[77.050852,35.429048],[77.051152,35.429342],[77.051451,35.429635],[77.051541,35.429741],[77.0515,35.429728],[77.04843,35.428773],[77.048206,35.42761],[77.046496,35.426631],[77.046526,35.426202]],[[76.869846,35.495079],[76.869953,35.495476],[76.869865,35.495876],[76.869382,35.496042],[76.868895,35.49605],[76.868886,35.495652],[76.868876,35.495254],[76.868867,35.494856],[76.868948,35.494489],[76.869267,35.494595],[76.869781,35.494727],[76.869839,35.494745],[76.869846,35.495079]],[[77.08014,35.389754],[77.0801,35.388199],[77.080743,35.38635],[77.081058,35.385156],[77.081165,35.382609],[77.08118,35.37985],[77.079919,35.377821],[77.079006,35.375857],[77.078536,35.374778],[77.078522,35.374762],[77.078452,35.374707],[77.078608,35.374626],[77.078837,35.37423],[77.078907,35.373836],[77.079137,35.373439],[77.079368,35.373107],[77.079599,35.372776],[77.079831,35.372444],[77.079981,35.372049],[77.080209,35.371587],[77.080522,35.371319],[77.081001,35.371311],[77.081327,35.371567],[77.081576,35.371891],[77.08198,35.37208],[77.082465,35.372268],[77.082869,35.372458],[77.083196,35.372714],[77.0836,35.372903],[77.083451,35.373299],[77.083219,35.37363],[77.082908,35.373963],[77.082515,35.374232],[77.082202,35.374499],[77.082292,35.37489],[77.082697,35.37508],[77.083176,35.375072],[77.083571,35.374868],[77.083964,35.3746],[77.08444,35.37446],[77.084753,35.374193],[77.084984,35.373862],[77.085464,35.373853],[77.085868,35.374043],[77.085719,35.374438],[77.085572,35.374965],[77.085341,35.375296],[77.08503,35.375629],[77.084798,35.37596],[77.084567,35.376292],[77.084254,35.376559],[77.084023,35.376891],[77.083791,35.377222],[77.08348,35.377555],[77.083412,35.378014],[77.083422,35.378407],[77.083512,35.378798],[77.083682,35.379188],[77.084008,35.379445],[77.084257,35.379768],[77.08444,35.379854],[77.084257,35.380136],[77.084696,35.383674],[77.085007,35.383986],[77.085103,35.384308],[77.085161,35.384666],[77.085317,35.385023],[77.085616,35.385297],[77.086011,35.38549],[77.086451,35.385562],[77.086819,35.385589],[77.086891,35.385594],[77.087332,35.385706],[77.087774,35.385819],[77.088073,35.386093],[77.088278,35.386449],[77.088384,35.386806],[77.088442,35.387164],[77.088453,35.387563],[77.088463,35.387962],[77.088465,35.388031],[77.088653,35.388483],[77.088943,35.389743],[77.089152,35.390105],[77.0895,35.390379],[77.089943,35.390531],[77.090339,35.390763],[77.090735,35.390996],[77.091083,35.391269],[77.09143,35.391503],[77.09173,35.391777],[77.091928,35.391863],[77.092173,35.391969],[77.092568,35.392162],[77.093011,35.392314],[77.093502,35.392465],[77.093942,35.392497],[77.094381,35.392529],[77.094821,35.392562],[77.095032,35.392577],[77.09526,35.392594],[77.095698,35.392547],[77.095446,35.392232],[77.09505,35.391999],[77.094655,35.391806],[77.09426,35.391614],[77.093913,35.39138],[77.093565,35.391147],[77.093266,35.390872],[77.092918,35.390599],[77.092852,35.390506],[77.092069,35.390355],[77.090985,35.388517],[77.091056,35.386235],[77.091063,35.384007],[77.090572,35.382531],[77.090388,35.38221],[77.090581,35.379543],[77.089763,35.378811],[77.088534,35.377132],[77.089311,35.376708],[77.089448,35.376869],[77.089775,35.377177],[77.090227,35.377378],[77.090677,35.377527],[77.091124,35.377519],[77.09157,35.377512],[77.09208,35.377503],[77.092527,35.377495],[77.092973,35.377487],[77.09342,35.37748],[77.093866,35.377472],[77.094376,35.377463],[77.094891,35.377611],[77.095141,35.377694],[77.095059,35.377909],[77.094888,35.378244],[77.095004,35.378365],[77.094085,35.380044],[77.094112,35.381094],[77.095333,35.382823],[77.096865,35.384197],[77.097252,35.384262],[77.097418,35.384334],[77.097813,35.384527],[77.098161,35.38476],[77.098555,35.384953],[77.099048,35.385144],[77.09949,35.385296],[77.099983,35.385487],[77.10007,35.38553],[77.100547,35.386059],[77.102716,35.387247],[77.105753,35.388944],[77.108347,35.390037],[77.108905,35.390264],[77.10893,35.39032],[77.109071,35.390744],[77.109211,35.391114],[77.109221,35.391486],[77.10923,35.391859],[77.108912,35.39213],[77.108528,35.39235],[77.108079,35.39257],[77.107695,35.39279],[77.107311,35.39301],[77.106993,35.393281],[77.10661,35.393554],[77.106156,35.393615],[77.105702,35.393623],[77.105247,35.393631],[77.104792,35.393639],[77.10434,35.393753],[77.103892,35.394027],[77.103641,35.394351],[77.103586,35.394724],[77.10353,35.395098],[77.103491,35.395364],[77.103457,35.395354],[77.103184,35.39553],[77.102748,35.395617],[77.102707,35.395625],[77.102311,35.395704],[77.101877,35.395872],[77.101442,35.396039],[77.101157,35.396323],[77.101069,35.396684],[77.10108,35.397083],[77.10105,35.397349],[77.10104,35.397443],[77.101051,35.397842],[77.101011,35.398202],[77.100972,35.398562],[77.100837,35.398918],[77.100848,35.39936],[77.099975,35.400648],[77.097218,35.401757],[77.09495,35.404236],[77.093001,35.406497],[77.092385,35.407728],[77.090723,35.408605],[77.088842,35.408532],[77.087134,35.407607],[77.08708,35.407599],[77.087068,35.407584],[77.086864,35.407228],[77.086563,35.406914],[77.086311,35.406599],[77.086012,35.406325],[77.085905,35.405967],[77.085605,35.405693],[77.085258,35.40546],[77.08491,35.405186],[77.084656,35.405016],[77.083857,35.404117],[77.08242,35.401973],[77.079829,35.399754],[77.079599,35.399602],[77.079593,35.399397],[77.079584,35.399025],[77.079573,35.398599],[77.079563,35.398227],[77.079554,35.397855],[77.079544,35.397482],[77.079535,35.39711],[77.079525,35.396738],[77.079521,35.396569],[77.079515,35.396365],[77.079441,35.395994],[77.079431,35.395622],[77.07942,35.395196],[77.079409,35.394771],[77.0794,35.394398],[77.07939,35.394026],[77.079381,35.393653],[77.079371,35.393281],[77.079362,35.392909],[77.079352,35.392536],[77.079343,35.392164],[77.079333,35.391792],[77.079323,35.391419],[77.079323,35.391386],[77.08014,35.389754]],[[77.069987,35.370793],[77.069929,35.370756],[77.069845,35.370555],[77.069636,35.370474],[77.069311,35.370348],[77.069305,35.370109],[77.069296,35.369743],[77.069286,35.369378],[77.069277,35.369012],[77.069266,35.368594],[77.069321,35.368228],[77.069439,35.36786],[77.069685,35.36749],[77.069929,35.367067],[77.070176,35.36675],[77.070358,35.366381],[77.070605,35.366063],[77.070917,35.365796],[77.071424,35.365631],[77.071869,35.365571],[77.072311,35.365407],[77.072756,35.365347],[77.072851,35.365334],[77.072856,35.365528],[77.073103,35.365837],[77.073397,35.366107],[77.073832,35.366256],[77.074311,35.366287],[77.074516,35.366299],[77.074477,35.366316],[77.074164,35.366583],[77.07369,35.366787],[77.073215,35.366992],[77.072986,35.367389],[77.072988,35.367485],[77.072839,35.367488],[77.072357,35.367655],[77.071875,35.367823],[77.071393,35.367991],[77.07101,35.368236],[77.070825,35.368638],[77.071225,35.369029],[77.071717,35.36926],[77.072017,35.369573],[77.072221,35.369968],[77.071839,35.370214],[77.071356,35.370382],[77.070682,35.370632],[77.070198,35.37072],[77.069987,35.370793]],[[77.013172,35.374511],[77.013085,35.374865],[77.012657,35.37499],[77.012553,35.374639],[77.012353,35.374289],[77.012247,35.37386],[77.012094,35.37351],[77.011948,35.373173],[77.012039,35.373161],[77.01249,35.372994],[77.012699,35.372815],[77.012703,35.37299],[77.012951,35.373339],[77.013105,35.373728],[77.013162,35.374119],[77.013172,35.374511]],[[77.008016,35.374989],[77.007628,35.374799],[77.007571,35.374408],[77.007512,35.373978],[77.007408,35.373627],[77.007332,35.373345],[77.007366,35.373345],[77.007884,35.373283],[77.008301,35.373276],[77.008218,35.373496],[77.008131,35.37385],[77.008141,35.374242],[77.008054,35.374596],[77.008016,35.374989]],[[77.074561,35.390901],[77.073421,35.389382],[77.07236,35.388446],[77.072335,35.388366],[77.072175,35.388283],[77.071844,35.388022],[77.071511,35.387709],[77.071179,35.387448],[77.070784,35.387242],[77.070324,35.387037],[77.069904,35.386898],[77.069699,35.386641],[77.069451,35.386332],[77.069156,35.386024],[77.069004,35.385673],[77.068804,35.385324],[77.068555,35.384976],[77.068215,35.384746],[77.06778,35.384597],[77.067286,35.384605],[77.067251,35.384488],[77.067004,35.384179],[77.06671,35.38391],[77.066322,35.383721],[77.066075,35.383411],[77.065874,35.383062],[77.066057,35.382706],[77.066535,35.382698],[77.067061,35.382689],[77.06749,35.382603],[77.067819,35.382362],[77.067809,35.381971],[77.06756,35.381622],[77.067266,35.381353],[77.066925,35.381084],[77.06649,35.380935],[77.066058,35.380864],[77.065623,35.380715],[77.065093,35.380567],[77.064659,35.380457],[77.064272,35.380267],[77.063837,35.380118],[77.063359,35.380126],[77.062882,35.380174],[77.062355,35.380183],[77.061828,35.380152],[77.061301,35.380122],[77.060868,35.380012],[77.060435,35.379941],[77.060003,35.37987],[77.059524,35.379878],[77.059092,35.379807],[77.058658,35.379697],[77.058225,35.379587],[77.057792,35.379516],[77.057314,35.379524],[77.056741,35.379573],[77.056263,35.379581],[77.055738,35.379668],[77.055261,35.379716],[77.054783,35.379724],[77.054307,35.37985],[77.054027,35.380129],[77.054276,35.380477],[77.054569,35.380746],[77.054911,35.381015],[77.055158,35.381324],[77.055216,35.381715],[77.055185,35.381807],[77.055083,35.381757],[77.054649,35.381607],[77.054167,35.381498],[77.053734,35.381388],[77.053301,35.381317],[77.052961,35.381087],[77.052526,35.380938],[77.052094,35.380867],[77.051615,35.380875],[77.051138,35.380922],[77.05071,35.381047],[77.050284,35.381211],[77.049956,35.381491],[77.049725,35.381809],[77.049494,35.382165],[77.04936,35.38252],[77.049081,35.382839],[77.048752,35.383079],[77.048569,35.383435],[77.048339,35.383792],[77.048205,35.384147],[77.04807,35.384502],[77.047935,35.384857],[77.047801,35.385212],[77.047811,35.385603],[77.047724,35.385958],[77.047589,35.386313],[77.047385,35.386593],[77.047163,35.386477],[77.046822,35.386247],[77.046481,35.386018],[77.046047,35.385869],[77.045894,35.385518],[77.045884,35.385127],[77.045971,35.384772],[77.046154,35.384417],[77.046336,35.384061],[77.046616,35.383782],[77.046799,35.383426],[77.046694,35.383075],[77.046589,35.382724],[77.046437,35.382374],[77.046048,35.382145],[77.045801,35.381836],[77.045368,35.381726],[77.044842,35.381735],[77.044364,35.381782],[77.043938,35.381946],[77.043511,35.38211],[77.043033,35.382118],[77.042508,35.382205],[77.041983,35.382253],[77.041457,35.382262],[77.040979,35.38227],[77.040454,35.382318],[77.039977,35.382405],[77.039503,35.38257],[77.039075,35.382694],[77.03865,35.382897],[77.038448,35.382956],[77.038461,35.382885],[77.03845,35.382449],[77.038225,35.382016],[77.038214,35.38158],[77.038419,35.381227],[77.038838,35.380958],[77.03926,35.380776],[77.039573,35.380509],[77.039669,35.380071],[77.039795,35.379893],[77.040023,35.379698],[77.040067,35.379183],[77.043922,35.377951],[77.047203,35.3771],[77.050809,35.376296],[77.054867,35.375432],[77.059007,35.375255],[77.062123,35.375573],[77.066418,35.376402],[77.070278,35.377927],[77.072477,35.380329],[77.073869,35.384124],[77.074909,35.386811],[77.074991,35.389992],[77.074561,35.390901]],[[77.008785,35.3822],[77.008274,35.382209],[77.007846,35.382077],[77.007835,35.381659],[77.007488,35.381386],[77.007327,35.381737],[77.007279,35.381529],[77.00724,35.381423],[77.007361,35.381388],[77.007834,35.381184],[77.008263,35.381099],[77.008691,35.381013],[77.009069,35.380811],[77.009544,35.380646],[77.010018,35.380481],[77.010341,35.380387],[77.010192,35.380644],[77.010031,35.380995],[77.009698,35.381279],[77.009364,35.381564],[77.009031,35.381848],[77.008785,35.3822]],[[77.062071,35.43185],[77.061139,35.431633],[77.059703,35.431233],[77.057305,35.431221],[77.055221,35.430832],[77.052814,35.430118],[77.052772,35.429912],[77.052689,35.429495],[77.052678,35.429077],[77.052596,35.42872],[77.052586,35.428301],[77.052575,35.427883],[77.052571,35.427711],[77.052671,35.427375],[77.053224,35.426199],[77.053072,35.425299],[77.052091,35.424945],[77.051599,35.423415],[77.049449,35.422974],[77.047255,35.42333],[77.045516,35.423731],[77.043373,35.423555],[77.042217,35.423946],[77.040682,35.424767],[77.040216,35.426843],[77.040327,35.428645],[77.041207,35.430168],[77.045241,35.430789],[77.049342,35.431515],[77.053445,35.432347],[77.056084,35.434159],[77.057282,35.43481],[77.057346,35.435026],[77.057408,35.435429],[77.057465,35.43582],[77.057475,35.436212],[77.057485,35.436604],[77.057399,35.436958],[77.057118,35.437237],[77.056838,35.437516],[77.056463,35.438097],[77.056257,35.439043],[77.055132,35.4401],[77.053294,35.44032],[77.052161,35.441093],[77.051033,35.442055],[77.050452,35.442387],[77.050264,35.442645],[77.049887,35.442886],[77.049458,35.442972],[77.049023,35.442822],[77.048729,35.442553],[77.04871,35.44252],[77.047261,35.443251],[77.046459,35.443799],[77.046418,35.443964],[77.046285,35.444397],[77.046247,35.44479],[77.046113,35.445145],[77.045832,35.445424],[77.045601,35.445741],[77.045224,35.445983],[77.044895,35.446224],[77.044567,35.446504],[77.044286,35.446783],[77.044055,35.4471],[77.043776,35.447418],[77.043544,35.447736],[77.043116,35.447861],[77.042594,35.448026],[77.042165,35.448112],[77.041595,35.448318],[77.04112,35.448482],[77.040598,35.448648],[77.04017,35.448773],[77.039743,35.448937],[77.039217,35.448985],[77.038738,35.448993],[77.038304,35.448844],[77.037868,35.448655],[77.037574,35.448386],[77.037326,35.448076],[77.037126,35.447727],[77.036916,35.447539],[77.035839,35.447215],[77.035554,35.44736],[77.035172,35.447038],[77.034789,35.44556],[77.034799,35.442519],[77.036487,35.440934],[77.038861,35.439126],[77.039257,35.438038],[77.039322,35.437968],[77.039532,35.437606],[77.039817,35.437302],[77.040101,35.436999],[77.040533,35.436753],[77.040966,35.436566],[77.041477,35.436557],[77.041917,35.43661],[77.042359,35.436781],[77.042796,35.436714],[77.042785,35.436296],[77.042703,35.435939],[77.042548,35.435583],[77.042393,35.435227],[77.042238,35.434871],[77.042083,35.434515],[77.041783,35.434221],[77.04135,35.434408],[77.040993,35.434713],[77.040783,35.435075],[77.040498,35.435379],[77.040214,35.435682],[77.039929,35.435986],[77.03972,35.436348],[77.039361,35.436593],[77.039151,35.436955],[77.038941,35.437317],[77.038819,35.437501],[77.037446,35.437807],[77.035916,35.438822],[77.034758,35.440893],[77.034333,35.441183],[77.033609,35.439851],[77.034862,35.438133],[77.03687,35.435553],[77.037852,35.433345],[77.037695,35.433026],[77.037802,35.432744],[77.037936,35.43235],[77.037974,35.431957],[77.037963,35.431527],[77.038001,35.431134],[77.037983,35.430429],[77.038021,35.430036],[77.038299,35.429679],[77.038482,35.429323],[77.038617,35.428968],[77.038607,35.428576],[77.038502,35.428225],[77.038397,35.427874],[77.038293,35.427523],[77.038187,35.427133],[77.038177,35.426741],[77.038167,35.42635],[77.038157,35.425919],[77.038052,35.425568],[77.037805,35.425258],[77.037415,35.424991],[77.037027,35.424801],[77.036592,35.424652],[77.036159,35.424542],[77.035676,35.424393],[77.035243,35.424283],[77.034808,35.424133],[77.034327,35.424063],[77.033848,35.424032],[77.033414,35.423922],[77.03298,35.423811],[77.032548,35.42374],[77.032018,35.423632],[77.031541,35.423679],[77.031112,35.423764],[77.030916,35.423804],[77.029538,35.42357],[77.029495,35.423583],[77.029048,35.42359],[77.028602,35.423598],[77.028152,35.423501],[77.027704,35.423456],[77.027256,35.423411],[77.026868,35.423209],[77.026416,35.423007],[77.026091,35.422751],[77.025638,35.422498],[77.025312,35.422242],[77.024986,35.421986],[77.024723,35.421677],[77.024398,35.421421],[77.024071,35.421113],[77.023744,35.420805],[77.023418,35.420549],[77.023155,35.42024],[77.02283,35.419984],[77.022379,35.419835],[77.021927,35.419634],[77.021539,35.419431],[77.021088,35.419282],[77.020698,35.418975],[77.020371,35.418667],[77.020234,35.418303],[77.020154,35.41809],[77.018711,35.417684],[77.019097,35.419304],[77.018253,35.420609],[77.01825,35.420649],[77.018164,35.421042],[77.018078,35.421436],[77.017896,35.42183],[77.017665,35.422148],[77.017483,35.422543],[77.017396,35.422897],[77.017358,35.42329],[77.017369,35.423721],[77.017282,35.424075],[77.017195,35.424429],[77.017159,35.4249],[77.017072,35.425254],[77.017034,35.425647],[77.017044,35.426038],[77.017101,35.426429],[77.017206,35.42678],[77.017263,35.427171],[77.017369,35.427561],[77.017379,35.427953],[77.017388,35.428345],[77.017446,35.428736],[77.017551,35.429087],[77.017703,35.429437],[77.017808,35.429788],[77.017866,35.430218],[77.017876,35.43061],[77.017547,35.430851],[77.017253,35.430581],[77.016958,35.430272],[77.016664,35.430003],[77.016499,35.429796],[77.016175,35.430314],[77.016395,35.43222],[77.014772,35.432954],[77.01263,35.433697],[77.010321,35.434655],[77.008184,35.43561],[77.008151,35.437732],[77.009268,35.437501],[77.010437,35.435855],[77.010865,35.435813],[77.010825,35.435901],[77.010596,35.436336],[77.010413,35.436692],[77.010279,35.437047],[77.010144,35.437402],[77.009816,35.437681],[77.009535,35.43796],[77.009256,35.438279],[77.009265,35.43867],[77.009699,35.438781],[77.010178,35.438773],[77.010606,35.438648],[77.011033,35.438484],[77.011508,35.438319],[77.011936,35.438234],[77.012363,35.43807],[77.01279,35.437906],[77.013167,35.437665],[77.013494,35.437386],[77.013824,35.43738],[77.014335,35.437372],[77.014918,35.437362],[77.015358,35.437415],[77.015797,35.437467],[77.016238,35.437579],[77.016752,35.43769],[77.016848,35.437701],[77.016958,35.437954],[77.017299,35.438184],[77.017732,35.438294],[77.018165,35.438365],[77.018693,35.438395],[77.019172,35.438387],[77.01965,35.438379],[77.020078,35.438255],[77.020068,35.437863],[77.020012,35.437479],[77.020756,35.437309],[77.021881,35.437361],[77.021899,35.437404],[77.021694,35.437757],[77.021462,35.438075],[77.021183,35.438393],[77.020903,35.438672],[77.020622,35.438951],[77.020536,35.439344],[77.020737,35.439694],[77.021078,35.439923],[77.021287,35.440025],[77.02162,35.44076],[77.023319,35.442474],[77.023393,35.44251],[77.02383,35.442738],[77.024219,35.442967],[77.02456,35.443196],[77.024902,35.443465],[77.025069,35.443618],[77.025196,35.443734],[77.02549,35.444004],[77.025784,35.444273],[77.02622,35.444462],[77.026656,35.44465],[77.027044,35.44484],[77.027575,35.445027],[77.028011,35.445215],[77.028447,35.445404],[77.028834,35.445593],[77.029268,35.445704],[77.029355,35.445721],[77.029798,35.445812],[77.030232,35.445923],[77.030336,35.446274],[77.03032,35.446341],[77.030584,35.446583],[77.030831,35.446892],[77.030935,35.447243],[77.030945,35.447635],[77.030955,35.448027],[77.030966,35.448458],[77.030976,35.44885],[77.031034,35.44928],[77.031093,35.44971],[77.031198,35.450061],[77.031302,35.450412],[77.031455,35.450762],[77.031655,35.451111],[77.031808,35.451461],[77.03196,35.451812],[77.032113,35.452162],[77.03236,35.452471],[77.032371,35.452902],[77.031993,35.453104],[77.031514,35.453112],[77.03145,35.453113],[77.031324,35.453194],[77.030898,35.453397],[77.03047,35.453483],[77.030042,35.453607],[77.029567,35.453772],[77.02914,35.453936],[77.028762,35.454138],[77.028335,35.454302],[77.027957,35.454505],[77.027578,35.454707],[77.0272,35.454909],[77.026723,35.454957],[77.026244,35.454965],[77.026125,35.455016],[77.025989,35.455339],[77.026066,35.455516],[77.026124,35.455907],[77.026134,35.456299],[77.026048,35.456692],[77.025816,35.45701],[77.025438,35.457212],[77.025062,35.457493],[77.024732,35.457733],[77.024453,35.458052],[77.024148,35.458215],[77.024029,35.458333],[77.023749,35.458612],[77.02337,35.458814],[77.022891,35.458783],[77.022457,35.458673],[77.022175,35.458576],[77.022022,35.458524],[77.021543,35.458532],[77.021065,35.458579],[77.020638,35.458743],[77.020261,35.458984],[77.020161,35.459059],[77.019784,35.45903],[77.019454,35.459272],[77.018979,35.459437],[77.018501,35.459484],[77.018022,35.459492],[77.017681,35.459262],[77.01734,35.459033],[77.016907,35.458962],[77.01638,35.458931],[77.015853,35.45894],[77.015373,35.458909],[77.014938,35.45876],[77.014834,35.458409],[77.014729,35.458058],[77.014435,35.457788],[77.014094,35.457559],[77.013753,35.457329],[77.013459,35.45706],[77.013212,35.45675],[77.012965,35.456441],[77.012717,35.456132],[77.01266,35.455741],[77.012649,35.45531],[77.012639,35.454918],[77.012671,35.454505],[77.012491,35.453547],[77.012233,35.452823],[77.012155,35.45277],[77.011907,35.452461],[77.011707,35.452112],[77.011412,35.451803],[77.011308,35.451452],[77.011155,35.451102],[77.011051,35.450751],[77.010898,35.450401],[77.01084,35.449971],[77.010832,35.449656],[77.010657,35.449335],[77.009209,35.446719],[77.008112,35.444286],[77.005971,35.441587],[77.003964,35.43964],[77.002876,35.437584],[77.002237,35.435468],[77.002878,35.435415],[77.004079,35.433513],[77.005585,35.431508],[77.007351,35.429569],[77.00852,35.427923],[77.010087,35.424927],[77.012176,35.422063],[77.014362,35.419655],[77.014252,35.419442],[77.014038,35.41911],[77.014193,35.418798],[77.014247,35.418431],[77.01443,35.418062],[77.014677,35.417744],[77.015055,35.417529],[77.015367,35.417263],[77.01568,35.416996],[77.015862,35.416627],[77.016108,35.416257],[77.016356,35.41594],[77.016603,35.415622],[77.016896,35.415372],[77.017274,35.415489],[77.017301,35.415501],[77.017238,35.415443],[77.017408,35.41545],[77.017477,35.415266],[77.017658,35.414845],[77.017713,35.414478],[77.017895,35.41411],[77.018143,35.413792],[77.01839,35.413474],[77.018703,35.413208],[77.019144,35.412991],[77.019587,35.412827],[77.020031,35.412715],[77.020225,35.41262],[77.020803,35.411751],[77.023307,35.410578],[77.027664,35.4094],[77.028118,35.409392],[77.028628,35.409383],[77.029074,35.409324],[77.029579,35.409106],[77.029891,35.40884],[77.030269,35.408624],[77.03045,35.408528],[77.031883,35.408076],[77.035444,35.407734],[77.042472,35.407803],[77.049033,35.407692],[77.053087,35.408566],[77.054938,35.409696],[77.055068,35.409929],[77.055268,35.410292],[77.055719,35.410441],[77.055861,35.410258],[77.055966,35.410123],[77.056279,35.409856],[77.056792,35.409952],[77.056865,35.410317],[77.057002,35.41068],[77.057138,35.411044],[77.057402,35.411353],[77.057475,35.411717],[77.057479,35.411882],[77.05793,35.41239],[77.05794,35.412441],[77.057952,35.412911],[77.057961,35.413277],[77.057971,35.413642],[77.057916,35.414009],[77.057862,35.414376],[77.05787,35.41472],[77.057872,35.414793],[77.057883,35.415211],[77.05757,35.415478],[77.057122,35.415433],[77.056676,35.415441],[77.056226,35.415344],[77.055777,35.415247],[77.055718,35.415235],[77.052568,35.415364],[77.05036,35.415221],[77.050597,35.414865],[77.050843,35.414495],[77.05109,35.414177],[77.051337,35.41386],[77.051585,35.413542],[77.051639,35.413175],[77.051187,35.412974],[77.050798,35.412719],[77.050349,35.412622],[77.049901,35.412578],[77.049454,35.412585],[77.048942,35.412542],[77.048494,35.412497],[77.048045,35.4124],[77.047596,35.412303],[77.047208,35.412101],[77.046761,35.412108],[77.046314,35.412116],[77.045868,35.412123],[77.045356,35.41208],[77.044908,35.412035],[77.044461,35.412043],[77.044016,35.412103],[77.04351,35.412268],[77.043066,35.41238],[77.04262,35.41244],[77.042174,35.412447],[77.04173,35.412559],[77.041284,35.412619],[77.040775,35.41268],[77.040202,35.412742],[77.039756,35.412749],[77.039309,35.412757],[77.038862,35.412765],[77.038352,35.412773],[77.037905,35.412781],[77.037459,35.412788],[77.037013,35.412848],[77.036567,35.412856],[77.03612,35.412863],[77.035611,35.412924],[77.035101,35.412932],[77.034654,35.41294],[77.034145,35.413001],[77.033636,35.413062],[77.033189,35.413069],[77.032742,35.413077],[77.032235,35.41319],[77.031789,35.41325],[77.031344,35.413309],[77.030897,35.413317],[77.030387,35.413325],[77.030195,35.413329],[77.030065,35.413226],[77.029616,35.413129],[77.029168,35.413085],[77.028719,35.412988],[77.028331,35.412785],[77.027879,35.412584],[77.027491,35.412381],[77.027103,35.412179],[77.026653,35.412082],[77.026203,35.411933],[77.025688,35.411784],[77.025238,35.411635],[77.024789,35.411538],[77.024342,35.411546],[77.023895,35.411553],[77.023449,35.411561],[77.023003,35.41162],[77.022558,35.41168],[77.022181,35.411895],[77.021803,35.412111],[77.02149,35.412377],[77.021178,35.412644],[77.020865,35.41291],[77.020811,35.413277],[77.021011,35.413639],[77.021088,35.413682],[77.020537,35.413843],[77.019767,35.414174],[77.019384,35.41442],[77.019588,35.414815],[77.020079,35.414966],[77.020186,35.415362],[77.020001,35.415764],[77.020011,35.416162],[77.020021,35.41656],[77.020129,35.416957],[77.020333,35.417352],[77.02073,35.417664],[77.021127,35.417976],[77.021717,35.418205],[77.022204,35.418197],[77.022672,35.418189],[77.022689,35.418272],[77.022893,35.418641],[77.024457,35.419705],[77.0277,35.420404],[77.028003,35.420394],[77.028398,35.42057],[77.028846,35.420615],[77.029294,35.42066],[77.029741,35.420652],[77.030188,35.420645],[77.030634,35.420637],[77.031143,35.420576],[77.03159,35.420569],[77.032099,35.420508],[77.032546,35.4205],[77.032993,35.420493],[77.033439,35.420485],[77.034014,35.420476],[77.034463,35.420573],[77.03491,35.420565],[77.035358,35.42061],[77.035733,35.42029],[77.035851,35.419922],[77.035807,35.419703],[77.035778,35.419558],[77.03596,35.419189],[77.036407,35.419181],[77.036917,35.419173],[77.037428,35.419164],[77.037877,35.419261],[77.038168,35.419315],[77.04068,35.41896],[77.046194,35.418395],[77.051013,35.417653],[77.054695,35.417497],[77.055753,35.417756],[77.05616,35.417749],[77.05667,35.41774],[77.057181,35.417732],[77.057629,35.417776],[77.05808,35.417925],[77.05828,35.418288],[77.058299,35.418381],[77.058551,35.418461],[77.059342,35.419944],[77.060405,35.420963],[77.061024,35.42265],[77.061851,35.423484],[77.062688,35.424696],[77.063403,35.425627],[77.064473,35.426928],[77.065071,35.427767],[77.065452,35.429175],[77.065469,35.429834],[77.064797,35.4306],[77.064932,35.431352],[77.062518,35.431582],[77.062071,35.43185]],[[76.92469,35.426059],[76.924576,35.425715],[76.924779,35.425454],[76.924898,35.425086],[76.92485,35.42502],[76.924634,35.424725],[76.924309,35.424469],[76.924108,35.424054],[76.924099,35.423688],[76.924347,35.423371],[76.924792,35.423311],[76.925181,35.423566],[76.925254,35.423931],[76.925326,35.424296],[76.925335,35.424661],[76.925384,35.424905],[76.925408,35.425026],[76.925481,35.425443],[76.925491,35.425861],[76.925565,35.426278],[76.925639,35.426695],[76.925646,35.426979],[76.925489,35.426896],[76.92497,35.426905],[76.92483,35.426482],[76.92469,35.426059]],[[76.922749,35.426303],[76.922563,35.426221],[76.922175,35.426018],[76.921724,35.425816],[76.921586,35.4254],[76.921578,35.425081],[76.921619,35.425091],[76.92177,35.425089],[76.921825,35.424717],[76.922268,35.424554],[76.922712,35.424442],[76.923038,35.424698],[76.923238,35.425061],[76.923314,35.425263],[76.922988,35.425449],[76.922868,35.425876],[76.922749,35.426303]],[[77.194982,35.423569],[77.195225,35.423649],[77.195677,35.42385],[77.19613,35.42405],[77.196518,35.424252],[77.196908,35.424507],[77.197046,35.42487],[77.197119,35.425234],[77.197167,35.425377],[77.197135,35.425373],[77.196704,35.425241],[77.196187,35.42511],[77.195672,35.42505],[77.195074,35.425061],[77.194563,35.42514],[77.194141,35.425358],[77.193808,35.425714],[77.193649,35.425943],[77.1935,35.425602],[77.193251,35.425279],[77.193,35.424891],[77.192769,35.42459],[77.192949,35.424474],[77.193454,35.424256],[77.193895,35.424039],[77.194272,35.423823],[77.194778,35.423657],[77.194982,35.423569]],[[77.216883,35.421947],[77.216682,35.421585],[77.216672,35.421219],[77.216918,35.420901],[77.217293,35.420581],[77.21767,35.420365],[77.218111,35.420147],[77.218302,35.420065],[77.218434,35.420366],[77.218524,35.420757],[77.218615,35.421148],[77.218628,35.421606],[77.2188,35.422062],[77.218928,35.422401],[77.218747,35.422383],[77.218297,35.422286],[77.217784,35.422191],[77.217334,35.422095],[77.216883,35.421947]],[[77.076955,35.373239],[77.076875,35.373155],[77.076505,35.372923],[77.076719,35.372694],[77.077029,35.372296],[77.07726,35.371965],[77.077573,35.371697],[77.077804,35.371366],[77.078036,35.371035],[77.078267,35.370703],[77.07858,35.370436],[77.078811,35.370105],[77.079043,35.369773],[77.079517,35.369569],[77.08,35.369691],[77.080248,35.370014],[77.080098,35.37041],[77.079785,35.370677],[77.079391,35.37088],[77.078998,35.371149],[77.078687,35.371482],[77.078374,35.371749],[77.078061,35.372017],[77.077748,35.372284],[77.077517,35.372615],[77.077285,35.372947],[77.076972,35.373214],[77.076955,35.373239]],[[77.000589,35.381901],[77.001039,35.38205],[77.001175,35.382414],[77.000667,35.382474],[77.000156,35.382483],[76.999643,35.382387],[76.999194,35.38229],[76.998869,35.382034],[76.998549,35.381867],[76.998601,35.381516],[76.998594,35.381217],[76.998787,35.381304],[76.999239,35.381505],[76.999688,35.381602],[77.000139,35.381804],[77.000589,35.381901]],[[77.037506,35.383076],[77.03765,35.383189],[77.037367,35.383272],[77.036889,35.383319],[77.036363,35.383328],[77.035886,35.383375],[77.03536,35.383384],[77.035281,35.383407],[77.035377,35.383199],[77.035581,35.382846],[77.036001,35.382577],[77.036527,35.382307],[77.036958,35.382474],[77.037284,35.38273],[77.037506,35.383076]],[[77.113019,35.522634],[77.112584,35.522362],[77.11215,35.522159],[77.111637,35.522168],[77.111125,35.522247],[77.110615,35.522396],[77.110357,35.522529],[77.110192,35.522614],[77.109768,35.522761],[77.109251,35.52263],[77.109499,35.522276],[77.109923,35.522128],[77.110431,35.521909],[77.110549,35.521868],[77.110589,35.521638],[77.110751,35.521287],[77.111081,35.520863],[77.111503,35.520717],[77.111923,35.5205],[77.112345,35.520354],[77.112705,35.520108],[77.112873,35.520326],[77.113306,35.520529],[77.113656,35.520803],[77.114008,35.521147],[77.114104,35.521565],[77.114287,35.521982],[77.114469,35.522399],[77.114649,35.522746],[77.114709,35.522861],[77.114632,35.523031],[77.114497,35.523324],[77.11432,35.523242],[77.11397,35.522968],[77.113453,35.522837],[77.113019,35.522634]],[[77.051471,35.38272],[77.051949,35.382711],[77.052428,35.382742],[77.052861,35.382814],[77.05334,35.382845],[77.053867,35.382875],[77.0543,35.382946],[77.054733,35.383056],[77.054838,35.383407],[77.054559,35.383725],[77.054131,35.38385],[77.053704,35.383975],[77.053277,35.384139],[77.052852,35.384342],[77.052718,35.384736],[77.052824,35.385126],[77.053257,35.385237],[77.053736,35.385229],[77.054262,35.38522],[77.054612,35.385185],[77.054421,35.385233],[77.053968,35.385294],[77.053727,35.385355],[77.053516,35.385408],[77.053063,35.385469],[77.052612,35.385636],[77.052545,35.385674],[77.052228,35.385856],[77.051776,35.38597],[77.051496,35.386074],[77.051261,35.38578],[77.050966,35.385472],[77.050622,35.385125],[77.050518,35.384774],[77.050556,35.384381],[77.050642,35.384027],[77.050825,35.383671],[77.051007,35.383315],[77.051142,35.38296],[77.051471,35.38272]],[[77.196117,35.468519],[77.196388,35.468514],[77.196922,35.468504],[77.19726,35.468498],[77.19727,35.468882],[77.197282,35.469302],[77.197439,35.469586],[77.19741,35.469693],[77.197193,35.470069],[77.196976,35.470444],[77.196872,35.470818],[77.196771,35.471284],[77.196555,35.47166],[77.196451,35.472033],[77.196234,35.472409],[77.196017,35.472784],[77.1958,35.47316],[77.195697,35.473533],[77.19548,35.473909],[77.195263,35.474284],[77.195046,35.47466],[77.194829,35.475035],[77.194613,35.475411],[77.194509,35.475784],[77.194292,35.47616],[77.194075,35.476535],[77.19375,35.477099],[77.193646,35.477472],[77.193543,35.477846],[77.193426,35.478102],[77.193242,35.47816],[77.193255,35.476251],[77.193385,35.475669],[77.193294,35.475397],[77.193173,35.474993],[77.193162,35.474588],[77.193151,35.474182],[77.19314,35.473777],[77.193129,35.473372],[77.193118,35.472966],[77.193107,35.472561],[77.193094,35.47211],[77.193093,35.472078],[77.19312,35.472056],[77.193368,35.471736],[77.19368,35.471415],[77.193928,35.471096],[77.194111,35.470725],[77.194358,35.470353],[77.194671,35.470085],[77.194985,35.469816],[77.195298,35.469548],[77.195676,35.469279],[77.195924,35.468959],[77.196107,35.468588],[77.196117,35.468519]],[[77.11919,35.520125],[77.119505,35.520247],[77.119957,35.520422],[77.120405,35.520505],[77.120856,35.52068],[77.121308,35.520854],[77.121761,35.52112],[77.122103,35.521388],[77.122552,35.521471],[77.122894,35.521739],[77.123126,35.5221],[77.123359,35.522461],[77.123463,35.522772],[77.12315,35.522881],[77.12268,35.522954],[77.122641,35.52296],[77.12213,35.522969],[77.12162,35.523047],[77.121113,35.523196],[77.120602,35.523205],[77.120172,35.523073],[77.119824,35.5228],[77.119393,35.522599],[77.118963,35.522467],[77.118636,35.522367],[77.118619,35.522334],[77.118269,35.521991],[77.117767,35.521731],[77.118086,35.521459],[77.1183,35.52109],[77.118513,35.520721],[77.118841,35.520441],[77.119168,35.520162],[77.11919,35.520125]],[[77.243652,35.473669],[77.243971,35.473767],[77.244393,35.473896],[77.244735,35.474163],[77.245161,35.474429],[77.245585,35.474626],[77.24601,35.474892],[77.246432,35.475021],[77.246856,35.475219],[77.247198,35.475486],[77.247375,35.475825],[77.247635,35.476163],[77.247878,35.476399],[77.247787,35.476383],[77.247217,35.4763],[77.246647,35.476218],[77.246074,35.476043],[77.24562,35.476051],[77.245166,35.47606],[77.244604,35.476256],[77.244614,35.476627],[77.244738,35.476997],[77.244975,35.477364],[77.245437,35.477634],[77.245743,35.477953],[77.245609,35.477955],[77.245082,35.478052],[77.24488,35.478402],[77.244678,35.478752],[77.244557,35.478672],[77.244098,35.478495],[77.24375,35.478223],[77.243288,35.477953],[77.242937,35.477588],[77.242473,35.477225],[77.242122,35.47686],[77.241998,35.47649],[77.241874,35.476121],[77.241637,35.475754],[77.241513,35.475385],[77.241372,35.475166],[77.24142,35.475125],[77.241903,35.474876],[77.242288,35.474628],[77.24241,35.474549],[77.242673,35.474381],[77.242802,35.47427],[77.243056,35.474053],[77.24344,35.473806],[77.243652,35.473669]],[[77.063036,35.382483],[77.063464,35.382358],[77.063792,35.382079],[77.063974,35.381723],[77.064315,35.381952],[77.064611,35.3823],[77.064811,35.382649],[77.064964,35.382999],[77.064975,35.38343],[77.064938,35.383862],[77.064936,35.383883],[77.0647,35.383905],[77.064223,35.383992],[77.063697,35.384001],[77.063522,35.384004],[77.063454,35.383848],[77.06316,35.383579],[77.062819,35.383349],[77.062386,35.383278],[77.061951,35.38309],[77.062182,35.382772],[77.062608,35.382569],[77.063036,35.382483]],[[77.121568,35.518021],[77.121335,35.51766],[77.121189,35.517433],[77.122078,35.517281],[77.123642,35.517395],[77.123564,35.517529],[77.123574,35.517894],[77.123472,35.518261],[77.123258,35.51863],[77.122931,35.518909],[77.122484,35.518917],[77.122033,35.518743],[77.121689,35.518384],[77.121568,35.518021]],[[77.115882,35.518303],[77.115436,35.518311],[77.11499,35.518319],[77.114543,35.518327],[77.114092,35.518152],[77.113971,35.517789],[77.113962,35.517424],[77.113952,35.517059],[77.113942,35.516694],[77.113933,35.51633],[77.113923,35.515965],[77.113914,35.5156],[77.113681,35.515239],[77.113742,35.515104],[77.114075,35.514819],[77.114099,35.514811],[77.114497,35.514672],[77.11492,35.514526],[77.115429,35.514447],[77.11586,35.514648],[77.116125,35.514992],[77.116221,35.515409],[77.116651,35.51554],[77.117165,35.515671],[77.117597,35.515872],[77.117693,35.516288],[77.117698,35.516474],[77.117622,35.516539],[77.117294,35.516818],[77.116967,35.517098],[77.116528,35.517379],[77.116314,35.517748],[77.115989,35.518119],[77.115882,35.518303]],[[77.037811,35.578311],[77.037798,35.578349],[77.03621,35.576958],[77.035529,35.576226],[77.03562,35.576192],[77.036056,35.57603],[77.036555,35.575868],[77.036993,35.575809],[77.03743,35.575699],[77.037867,35.575589],[77.03837,35.575581],[77.038872,35.575572],[77.039375,35.575564],[77.039877,35.575555],[77.040317,35.575548],[77.040255,35.5756],[77.039821,35.575813],[77.039322,35.575975],[77.038951,35.576187],[77.038643,35.576449],[77.0384,35.576761],[77.038284,35.577174],[77.038168,35.577535],[77.037989,35.577897],[77.037811,35.578311]],[[76.817914,35.54943],[76.818364,35.549605],[76.818811,35.549599],[76.819152,35.549867],[76.819714,35.550041],[76.820165,35.550217],[76.820396,35.550579],[76.820711,35.550826],[76.820682,35.550836],[76.820225,35.550843],[76.819657,35.550945],[76.819202,35.551045],[76.818635,35.551241],[76.81818,35.551341],[76.81773,35.551628],[76.817277,35.551821],[76.817049,35.551825],[76.81648,35.551927],[76.816144,35.552212],[76.815579,35.5525],[76.815243,35.552785],[76.815137,35.55316],[76.81549,35.553622],[76.815841,35.55399],[76.815875,35.554056],[76.815588,35.5543],[76.815579,35.553873],[76.815061,35.553987],[76.814679,35.554311],[76.814294,35.554529],[76.813909,35.554748],[76.813523,35.554966],[76.813006,35.55508],[76.812623,35.555404],[76.812238,35.555623],[76.811853,35.555841],[76.811468,35.556059],[76.811083,35.556277],[76.8107,35.556602],[76.810315,35.55682],[76.80993,35.557038],[76.809547,35.557363],[76.809162,35.557581],[76.808777,35.557799],[76.808608,35.558015],[76.808474,35.557945],[76.808314,35.557576],[76.808294,35.557516],[76.808655,35.557287],[76.808842,35.556883],[76.809129,35.556558],[76.809386,35.556267],[76.809382,35.556129],[76.809372,35.555678],[76.809363,35.555273],[76.809409,35.554866],[76.8094,35.554461],[76.809446,35.554055],[76.809467,35.55398],[76.809476,35.553947],[76.809548,35.553692],[76.809817,35.553373],[76.810199,35.553187],[76.810637,35.553045],[76.811075,35.552903],[76.811568,35.552761],[76.812006,35.552619],[76.812444,35.552477],[76.812777,35.552369],[76.812927,35.551884],[76.813139,35.551475],[76.813407,35.551155],[76.813621,35.550837],[76.813779,35.550702],[76.813863,35.550631],[76.813945,35.550561],[76.814326,35.55033],[76.814764,35.550188],[76.815313,35.550045],[76.815751,35.549903],[76.816188,35.549716],[76.816626,35.549574],[76.816714,35.549546],[76.816835,35.549365],[76.816917,35.549151],[76.817014,35.549169],[76.817463,35.549254],[76.817914,35.54943]],[[77.040128,35.578015],[77.04057,35.57811],[77.040891,35.578361],[77.041213,35.578664],[77.041285,35.579022],[77.041419,35.579379],[77.041554,35.579736],[77.041781,35.580002],[77.041674,35.580004],[77.04122,35.580011],[77.040765,35.580019],[77.040201,35.580214],[77.039955,35.580259],[77.039937,35.580223],[77.038682,35.579123],[77.038767,35.578859],[77.038946,35.578497],[77.039254,35.578235],[77.039691,35.578125],[77.040128,35.578015]],[[76.814528,35.556559],[76.814532,35.556717],[76.814657,35.557182],[76.814768,35.557596],[76.814305,35.557789],[76.813862,35.557979],[76.81342,35.558168],[76.813205,35.558536],[76.813213,35.558901],[76.813554,35.55917],[76.813674,35.559533],[76.813906,35.559895],[76.814026,35.560258],[76.814034,35.560623],[76.814042,35.560988],[76.813602,35.561268],[76.813119,35.561275],[76.813095,35.56122],[76.812935,35.560851],[76.812775,35.560481],[76.812315,35.560241],[76.811855,35.56],[76.811695,35.559631],[76.811535,35.559261],[76.81142,35.559125],[76.81166,35.558819],[76.811913,35.558496],[76.812296,35.558172],[76.812676,35.557741],[76.812929,35.557418],[76.813314,35.5572],[76.813566,35.556878],[76.814082,35.556657],[76.814528,35.556559]],[[77.245472,35.473602],[77.245461,35.473191],[77.245366,35.472782],[77.245189,35.472444],[77.245356,35.472248],[77.24541,35.47221],[77.245641,35.471913],[77.245954,35.471645],[77.246268,35.471377],[77.246257,35.471009],[77.246055,35.470645],[77.246044,35.470278],[77.246162,35.469908],[77.246613,35.469952],[77.246878,35.470263],[77.246953,35.470629],[77.247027,35.470995],[77.247069,35.471027],[77.247355,35.471251],[77.247685,35.47156],[77.248131,35.471447],[77.248313,35.471076],[77.248367,35.470707],[77.248357,35.470343],[77.248475,35.46997],[77.248788,35.469702],[77.24924,35.469798],[77.249692,35.469895],[77.249825,35.47005],[77.249956,35.470153],[77.250348,35.470408],[77.250797,35.4704],[77.251247,35.470391],[77.251693,35.470278],[77.252072,35.470061],[77.252451,35.469844],[77.252897,35.46973],[77.253342,35.469564],[77.253788,35.469451],[77.254232,35.469285],[77.254611,35.469068],[77.254665,35.46903],[77.254989,35.468799],[77.255235,35.468426],[77.255417,35.468055],[77.255859,35.467785],[77.256307,35.467724],[77.25676,35.467873],[77.257151,35.468076],[77.257728,35.468065],[77.258176,35.468004],[77.258688,35.467942],[77.259137,35.467933],[77.259583,35.46782],[77.2601,35.467968],[77.260047,35.468336],[77.259823,35.468674],[77.2598,35.468709],[77.259291,35.468876],[77.258978,35.469144],[77.258665,35.469412],[77.258351,35.469681],[77.257909,35.469952],[77.25753,35.470169],[77.257087,35.470387],[77.256643,35.470553],[77.256264,35.47077],[77.256016,35.47109],[77.255898,35.471459],[77.255943,35.471681],[77.255613,35.471963],[77.255167,35.47225],[77.254715,35.472352],[77.254156,35.472641],[77.253704,35.472742],[77.253139,35.472846],[77.252574,35.472949],[77.252126,35.473143],[77.251674,35.473245],[77.251342,35.473529],[77.250895,35.473817],[77.250446,35.474011],[77.249998,35.474205],[77.249665,35.47449],[77.249335,35.474867],[77.249118,35.475243],[77.248957,35.475427],[77.248616,35.475323],[77.248192,35.475125],[77.24785,35.474858],[77.247508,35.474591],[77.247084,35.474393],[77.246662,35.474264],[77.246238,35.474067],[77.245814,35.473869],[77.245472,35.473602]],[[77.130429,35.528038],[77.130087,35.52777],[77.129893,35.527649],[77.129923,35.527639],[77.130427,35.527492],[77.130576,35.527524],[77.131025,35.527516],[77.131479,35.527665],[77.131869,35.527868],[77.132135,35.528179],[77.132144,35.528546],[77.132149,35.528733],[77.131782,35.528561],[77.13136,35.528432],[77.130936,35.528234],[77.130429,35.528038]],[[77.04941,35.579757],[77.049275,35.5794],[77.049264,35.578989],[77.049318,35.578629],[77.049435,35.578268],[77.049613,35.577854],[77.049855,35.577491],[77.050034,35.577128],[77.050277,35.576816],[77.050519,35.576453],[77.05076,35.576038],[77.051006,35.575828],[77.050884,35.575984],[77.050706,35.576398],[77.050717,35.576809],[77.050727,35.577219],[77.050738,35.57763],[77.050684,35.57799],[77.050695,35.5784],[77.050641,35.578761],[77.050525,35.579122],[77.050472,35.579534],[77.050483,35.579944],[77.050617,35.580301],[77.050877,35.580605],[77.050964,35.580707],[77.050865,35.580907],[77.05068,35.580873],[77.050112,35.580882],[77.049754,35.580888],[77.049681,35.580522],[77.049544,35.580114],[77.04941,35.579757]],[[77.126919,35.528305],[77.126332,35.528247],[77.125908,35.528049],[77.125981,35.527637],[77.125972,35.527318],[77.126255,35.527494],[77.126686,35.527696],[77.127118,35.527897],[77.127547,35.528029],[77.127418,35.528159],[77.126919,35.528305]],[[77.122553,35.527834],[77.122369,35.527838],[77.122289,35.527715],[77.122148,35.52729],[77.122008,35.526873],[77.121899,35.526781],[77.121967,35.52675],[77.121892,35.526526],[77.122223,35.52652],[77.122821,35.526579],[77.123418,35.526569],[77.12369,35.526601],[77.123931,35.52663],[77.124065,35.526664],[77.12403,35.526713],[77.12379,35.527128],[77.123379,35.527409],[77.122968,35.52769],[77.122553,35.527834]],[[76.843548,35.560629],[76.843564,35.560665],[76.8437,35.561028],[76.843963,35.561338],[76.844353,35.561593],[76.844616,35.561903],[76.844816,35.562265],[76.844952,35.562629],[76.844962,35.563047],[76.844907,35.563466],[76.844852,35.563833],[76.844796,35.564199],[76.844484,35.564518],[76.84404,35.564681],[76.843593,35.56474],[76.843146,35.564747],[76.842701,35.564858],[76.842388,35.565177],[76.842009,35.565392],[76.841562,35.565398],[76.841114,35.565405],[76.840986,35.565407],[76.841013,35.565335],[76.841108,35.565145],[76.841268,35.564028],[76.842082,35.563504],[76.842146,35.563395],[76.842332,35.562991],[76.842519,35.562588],[76.842806,35.562263],[76.842991,35.561779],[76.843178,35.561376],[76.843363,35.560892],[76.843548,35.560629]],[[77.058432,35.574884],[77.05949,35.574732],[77.059524,35.574759],[77.059784,35.575063],[77.060106,35.575365],[77.06049,35.575666],[77.060811,35.575918],[77.061008,35.576274],[77.06127,35.57668],[77.061531,35.577035],[77.06109,35.576991],[77.060769,35.57674],[77.060328,35.576696],[77.060149,35.577058],[77.059713,35.57722],[77.059277,35.577381],[77.058907,35.577644],[77.05887,35.577676],[77.058036,35.577436],[77.057435,35.576504],[77.058432,35.574884]],[[77.104668,35.52007],[77.105179,35.520061],[77.105609,35.520193],[77.10612,35.520184],[77.106537,35.519828],[77.107018,35.519554],[77.107042,35.51961],[77.10739,35.519883],[77.107655,35.520227],[77.107581,35.520646],[77.107506,35.521065],[77.107345,35.521417],[77.107184,35.521768],[77.106939,35.52219],[77.106608,35.522544],[77.106446,35.522895],[77.1062,35.523248],[77.106039,35.523599],[77.105936,35.523598],[77.105419,35.523467],[77.104816,35.523338],[77.104212,35.523138],[77.103808,35.523015],[77.103797,35.522593],[77.103786,35.522175],[77.103945,35.521755],[77.104019,35.521335],[77.104008,35.520917],[77.103998,35.5205],[77.104159,35.520148],[77.104668,35.52007]],[[77.051103,35.575703],[77.051205,35.575499],[77.051251,35.575546],[77.051128,35.575672],[77.051103,35.575703]],[[76.848897,35.564554],[76.84934,35.564339],[76.849653,35.56402],[76.85003,35.563753],[76.850279,35.563436],[76.850336,35.563337],[76.850725,35.563377],[76.851172,35.56337],[76.85162,35.563363],[76.852131,35.563355],[76.852831,35.563188],[76.853277,35.563129],[76.853723,35.563017],[76.854099,35.56295],[76.854107,35.563291],[76.854116,35.563692],[76.854126,35.564092],[76.854037,35.564494],[76.853948,35.564896],[76.853761,35.5653],[76.853574,35.565703],[76.853388,35.566107],[76.853203,35.566591],[76.853165,35.566579],[76.852964,35.566164],[76.852701,35.565855],[76.852564,35.565491],[76.852492,35.565126],[76.85242,35.564762],[76.852347,35.564397],[76.852147,35.564034],[76.851697,35.563937],[76.851186,35.563945],[76.850614,35.56411],[76.85017,35.564274],[76.849988,35.564695],[76.849932,35.565061],[76.850322,35.565316],[76.85071,35.56552],[76.851099,35.565723],[76.851424,35.565979],[76.851497,35.566344],[76.851118,35.566558],[76.850668,35.566461],[76.850342,35.566205],[76.849954,35.566001],[76.849564,35.565746],[76.849176,35.565543],[76.84885,35.565287],[76.848714,35.564923],[76.848897,35.564554]],[[76.998875,35.580694],[76.998361,35.580702],[76.997849,35.580781],[76.997429,35.580788],[76.997635,35.580434],[76.997846,35.58007],[76.998133,35.579765],[76.998215,35.5796],[76.998699,35.579787],[76.99914,35.579831],[76.999582,35.579927],[77.000023,35.579971],[77.000526,35.579962],[77.001,35.579998],[77.001003,35.58011],[77.000576,35.580176],[76.999809,35.580328],[76.9993,35.580547],[76.998875,35.580694]],[[76.811378,35.566686],[76.810935,35.566876],[76.810493,35.567065],[76.810164,35.567343],[76.809835,35.567622],[76.809693,35.567783],[76.808308,35.568069],[76.808308,35.568029],[76.808201,35.56763],[76.8082,35.567589],[76.808385,35.567484],[76.808834,35.567229],[76.809283,35.566975],[76.809732,35.566721],[76.810181,35.566466],[76.810779,35.566085],[76.810948,35.56599],[76.811029,35.566053],[76.81137,35.566321],[76.811378,35.566686]],[[76.841664,35.572661],[76.842115,35.57281],[76.842565,35.572908],[76.842954,35.573111],[76.84309,35.573475],[76.843108,35.573523],[76.842898,35.573478],[76.842449,35.573432],[76.842005,35.573596],[76.84156,35.573707],[76.841115,35.573819],[76.840667,35.573825],[76.84022,35.573832],[76.839772,35.573839],[76.839417,35.573886],[76.839127,35.573659],[76.839342,35.57329],[76.839789,35.573284],[76.840236,35.573277],[76.840678,35.573087],[76.84023,35.573003],[76.839886,35.572643],[76.83999,35.572277],[76.840294,35.572146],[76.840375,35.57221],[76.840825,35.572308],[76.841276,35.572457],[76.841664,35.572661]],[[76.814277,35.56646],[76.814724,35.566453],[76.81517,35.566447],[76.815114,35.566702],[76.815122,35.567073],[76.81513,35.567444],[76.815252,35.567814],[76.815261,35.568186],[76.815385,35.568648],[76.814797,35.568475],[76.81422,35.568204],[76.813757,35.567931],[76.813745,35.567655],[76.813737,35.56729],[76.813729,35.566925],[76.813721,35.56656],[76.814277,35.56646]],[[76.844498,35.573506],[76.844746,35.573188],[76.844995,35.572871],[76.845244,35.572554],[76.845267,35.572524],[76.845474,35.57274],[76.845819,35.573191],[76.84627,35.573367],[76.846833,35.573541],[76.847284,35.573716],[76.847735,35.573892],[76.848188,35.574159],[76.848638,35.574335],[76.849089,35.57451],[76.84954,35.574686],[76.849991,35.574861],[76.850279,35.574915],[76.850226,35.575038],[76.850234,35.575403],[76.850244,35.575821],[76.850381,35.576237],[76.850454,35.576602],[76.85059,35.576966],[76.850853,35.577275],[76.850957,35.577397],[76.850866,35.577474],[76.850931,35.577741],[76.851156,35.580001],[76.850849,35.579872],[76.850857,35.580254],[76.850738,35.580621],[76.850287,35.580471],[76.849961,35.580215],[76.849698,35.579906],[76.849247,35.579756],[76.84916,35.579707],[76.848897,35.579798],[76.848408,35.579886],[76.847816,35.579735],[76.847515,35.579419],[76.847349,35.579245],[76.847436,35.578895],[76.847489,35.578424],[76.84748,35.578006],[76.847471,35.577641],[76.847527,35.577274],[76.847518,35.576908],[76.84751,35.576543],[76.847438,35.576178],[76.847111,35.575869],[76.846722,35.575666],[76.846396,35.57541],[76.846007,35.575155],[76.845618,35.574952],[76.84523,35.574749],[76.844904,35.574492],[76.844579,35.574236],[76.844226,35.574052],[76.844314,35.573874],[76.844498,35.573506]],[[76.848721,35.568006],[76.849232,35.567998],[76.84968,35.567991],[76.850127,35.567985],[76.85058,35.568187],[76.851032,35.568389],[76.851285,35.568473],[76.850668,35.568609],[76.850332,35.568894],[76.849822,35.569041],[76.849832,35.569461],[76.84984,35.569814],[76.849539,35.569757],[76.849088,35.569582],[76.848746,35.569313],[76.848626,35.56895],[76.848395,35.568588],[76.848051,35.568229],[76.848041,35.568198],[76.848275,35.568065],[76.848721,35.568006]],[[76.837625,35.575021],[76.837175,35.574924],[76.837113,35.574919],[76.83711,35.57477],[76.837101,35.574369],[76.837147,35.57416],[76.837469,35.574414],[76.83792,35.57459],[76.838367,35.574853],[76.838071,35.574962],[76.837625,35.575021]],[[77.007839,35.237155],[77.008024,35.237491],[77.00821,35.237827],[77.008571,35.238112],[77.008931,35.238348],[77.00935,35.238583],[77.009767,35.238722],[77.010071,35.239056],[77.010256,35.239392],[77.010266,35.239779],[77.010038,35.240122],[77.009691,35.240419],[77.009281,35.240571],[77.009114,35.240961],[77.009123,35.241349],[77.009074,35.241737],[77.008599,35.241648],[77.008326,35.241469],[77.008255,35.241575],[77.008239,35.241626],[77.008182,35.24151],[77.007938,35.241175],[77.00775,35.240742],[77.007622,35.240356],[77.007553,35.239921],[77.007366,35.239537],[77.006947,35.239302],[77.006643,35.238968],[77.006399,35.238632],[77.006154,35.238297],[77.005622,35.238258],[77.005151,35.238314],[77.00468,35.23837],[77.004272,35.238571],[77.003923,35.238819],[77.003755,35.239161],[77.003408,35.239457],[77.003059,35.239705],[77.002593,35.239955],[77.002554,35.239968],[77.002506,35.239786],[77.002302,35.239391],[77.002098,35.238996],[77.002088,35.238598],[77.001884,35.238203],[77.001874,35.237805],[77.001961,35.237405],[77.002245,35.237082],[77.00273,35.237074],[77.003211,35.236906],[77.003396,35.236505],[77.003444,35.236284],[77.003703,35.236118],[77.004084,35.235793],[77.004367,35.235469],[77.00465,35.235146],[77.004447,35.234751],[77.004052,35.234519],[77.003815,35.234269],[77.004051,35.234266],[77.004536,35.234258],[77.005021,35.234249],[77.005506,35.234241],[77.005994,35.234313],[77.006388,35.234545],[77.006687,35.234859],[77.007083,35.235171],[77.007382,35.235485],[77.007586,35.23588],[77.007587,35.235954],[77.007457,35.236047],[77.007467,35.236435],[77.007594,35.23682],[77.007839,35.237155]],[[76.842476,35.577399],[76.842367,35.577334],[76.841873,35.577181],[76.841458,35.57712],[76.841315,35.576951],[76.841052,35.576641],[76.840663,35.576438],[76.840212,35.576288],[76.83976,35.576086],[76.839751,35.575721],[76.840195,35.575557],[76.840639,35.575394],[76.841215,35.575385],[76.841662,35.575378],[76.842174,35.57537],[76.842622,35.575363],[76.842758,35.575727],[76.842638,35.576095],[76.842583,35.576461],[76.842528,35.57688],[76.842473,35.577247],[76.842476,35.577399]],[[76.844834,35.569191],[76.844387,35.569197],[76.843936,35.569022],[76.843486,35.568846],[76.843309,35.568813],[76.843552,35.568503],[76.843931,35.568289],[76.844441,35.568228],[76.844952,35.568221],[76.845402,35.568318],[76.845461,35.568345],[76.84538,35.568635],[76.845276,35.569001],[76.844834,35.569191]],[[76.875411,35.566131],[76.87566,35.565813],[76.875779,35.565446],[76.876158,35.565231],[76.876664,35.565014],[76.876829,35.564977],[76.877523,35.564388],[76.879478,35.564186],[76.879591,35.564341],[76.879854,35.56465],[76.880054,35.565013],[76.880254,35.565376],[76.880391,35.565739],[76.88046,35.56576],[76.880328,35.565793],[76.879883,35.565904],[76.879439,35.566068],[76.878995,35.566232],[76.878486,35.566344],[76.87804,35.566403],[76.877595,35.566515],[76.877465,35.566563],[76.877343,35.566404],[76.877019,35.566524],[76.876576,35.566687],[76.876197,35.566902],[76.875818,35.567117],[76.875374,35.567281],[76.874929,35.567392],[76.874483,35.567451],[76.873971,35.567459],[76.873835,35.567096],[76.874147,35.566777],[76.874525,35.56651],[76.874969,35.566346],[76.875411,35.566131]],[[76.94537,35.589463],[76.94576,35.589637],[76.946257,35.589629],[76.946425,35.589546],[76.946638,35.589442],[76.946862,35.589369],[76.947029,35.589566],[76.947227,35.589922],[76.947424,35.590278],[76.94758,35.5906],[76.947095,35.590608],[76.946674,35.590824],[76.946251,35.59097],[76.945741,35.591048],[76.945312,35.590915],[76.94488,35.590713],[76.944718,35.591064],[76.944643,35.591484],[76.944396,35.591836],[76.943973,35.591982],[76.94369,35.59208],[76.943612,35.59206],[76.943167,35.591932],[76.942724,35.591849],[76.942227,35.591857],[76.941731,35.591865],[76.941234,35.591873],[76.941069,35.591876],[76.940956,35.591787],[76.940405,35.591796],[76.939961,35.591713],[76.93957,35.591494],[76.939342,35.591182],[76.939332,35.590777],[76.939322,35.590371],[76.939312,35.589966],[76.939302,35.58956],[76.939349,35.589199],[76.939562,35.58888],[76.939827,35.588425],[76.94004,35.588106],[76.940364,35.587831],[76.940746,35.587644],[76.941184,35.587502],[76.94145,35.587372],[76.941923,35.586971],[76.943491,35.586945],[76.943715,35.587191],[76.943998,35.587502],[76.944282,35.587812],[76.94451,35.588124],[76.944684,35.588482],[76.944913,35.588839],[76.945032,35.589198],[76.94537,35.589463]],[[77.017002,35.276739],[77.016669,35.276477],[77.016322,35.276204],[77.016023,35.275929],[77.015819,35.275573],[77.016055,35.27525],[77.016488,35.275043],[77.016872,35.274837],[77.016954,35.274798],[77.01696,35.275043],[77.01697,35.275441],[77.01698,35.275839],[77.01699,35.276237],[77.016999,35.276635],[77.017002,35.276739]],[[77.013978,35.281285],[77.013616,35.281232],[77.013135,35.2814],[77.012754,35.281725],[77.012667,35.282124],[77.012482,35.282526],[77.012298,35.282927],[77.011916,35.283172],[77.011434,35.28334],[77.010978,35.283498],[77.010849,35.2832],[77.010723,35.282911],[77.010448,35.282768],[77.01015,35.282493],[77.009851,35.282219],[77.009552,35.281944],[77.009253,35.28167],[77.008953,35.281356],[77.008702,35.28104],[77.008692,35.280642],[77.008732,35.280282],[77.008869,35.27992],[77.008958,35.279559],[77.009142,35.279157],[77.009279,35.278796],[77.009416,35.278434],[77.009652,35.278111],[77.009887,35.277788],[77.010321,35.277621],[77.010643,35.277645],[77.01076,35.277653],[77.0112,35.277726],[77.011687,35.277758],[77.012034,35.277991],[77.012202,35.278167],[77.012331,35.278186],[77.012772,35.278299],[77.013214,35.278451],[77.013655,35.278603],[77.013954,35.278878],[77.014093,35.279198],[77.014312,35.279217],[77.014678,35.27938],[77.014668,35.279397],[77.014447,35.279779],[77.014148,35.280099],[77.013925,35.280418],[77.013857,35.280798],[77.013867,35.281176],[77.013978,35.281285]],[[76.864081,35.39977],[76.863619,35.399778],[76.863156,35.399722],[76.862697,35.399855],[76.862235,35.399862],[76.86177,35.399743],[76.861307,35.399687],[76.860992,35.399377],[76.860599,35.399067],[76.860134,35.398948],[76.859673,35.398956],[76.859211,35.398963],[76.858747,35.398907],[76.858284,35.398851],[76.85782,35.398795],[76.857357,35.398739],[76.856968,35.398556],[76.856504,35.3985],[76.85604,35.398381],[76.855575,35.398262],[76.855337,35.39795],[76.855794,35.397754],[76.856253,35.397621],[76.856717,35.397677],[76.857181,35.397796],[76.857646,35.397915],[76.858188,35.398032],[76.85873,35.39815],[76.859193,35.398206],[76.859812,35.398323],[76.860277,35.398442],[76.86074,35.398498],[76.861205,35.398617],[76.861594,35.3988],[76.861984,35.398983],[76.862449,35.399102],[76.86291,35.399095],[76.863372,35.399088],[76.863834,35.399081],[76.864296,35.399073],[76.864761,35.399192],[76.86515,35.399376],[76.865543,35.399685],[76.865858,35.399995],[76.866249,35.400241],[76.866712,35.400297],[76.867093,35.400102],[76.867473,35.399907],[76.867854,35.399712],[76.868234,35.399517],[76.868693,35.399384],[76.869157,35.39944],[76.869088,35.399819],[76.86909,35.399873],[76.868708,35.400014],[76.868327,35.400209],[76.867947,35.400404],[76.867646,35.400724],[76.867267,35.400982],[76.866886,35.401177],[76.866424,35.401185],[76.866109,35.400874],[76.865718,35.400628],[76.865403,35.400318],[76.864937,35.400136],[76.864546,35.399889],[76.864081,35.39977]],[[77.003661,35.287653],[77.003802,35.287628],[77.004121,35.287623],[77.004126,35.287816],[77.004136,35.288204],[77.004147,35.288688],[77.004276,35.289122],[77.004286,35.289509],[77.004177,35.289899],[77.003949,35.290241],[77.003781,35.290361],[77.003372,35.290108],[77.003056,35.289798],[77.00297,35.289421],[77.002884,35.289045],[77.00295,35.288602],[77.003093,35.288158],[77.003237,35.287777],[77.003305,35.287398],[77.003303,35.287337],[77.003346,35.287345],[77.003649,35.28763],[77.003661,35.287653]],[[77.009963,35.237071],[77.009489,35.237031],[77.009424,35.236912],[77.009352,35.236647],[77.009342,35.236249],[77.009236,35.235852],[77.009032,35.235458],[77.008733,35.235144],[77.008626,35.234747],[77.008327,35.234434],[77.00822,35.234037],[77.00821,35.233639],[77.008105,35.233435],[77.008173,35.233484],[77.00858,35.233687],[77.008746,35.233745],[77.0088,35.233948],[77.009004,35.234343],[77.009303,35.234656],[77.00941,35.235053],[77.009517,35.235449],[77.009721,35.235844],[77.009925,35.236239],[77.010032,35.236636],[77.010106,35.23678],[77.009963,35.237071]],[[77.001349,35.289196],[77.00073,35.289017],[77.000341,35.288834],[76.999952,35.288652],[76.999409,35.288471],[76.998945,35.288291],[76.999109,35.288045],[76.999518,35.287844],[76.999989,35.287788],[77.000204,35.287784],[77.000462,35.28778],[77.000993,35.287771],[77.001466,35.287763],[77.001849,35.287638],[77.001858,35.28799],[77.001867,35.288368],[77.001877,35.288746],[77.001809,35.289125],[77.001349,35.289196]],[[76.99203,35.24869],[76.991923,35.248293],[76.991622,35.2479],[76.991228,35.247667],[76.990834,35.247435],[76.990437,35.247123],[76.990162,35.246834],[76.990331,35.246726],[76.990814,35.246639],[76.991299,35.246631],[76.991787,35.246702],[76.991874,35.246754],[76.991895,35.246818],[76.99208,35.247154],[76.992208,35.247539],[76.992511,35.247873],[76.992872,35.24811],[76.993232,35.248346],[76.993649,35.248484],[76.994068,35.24872],[76.994485,35.248858],[76.994904,35.249094],[76.995264,35.24933],[76.995683,35.249565],[76.995985,35.249851],[76.996019,35.249862],[76.996138,35.250078],[76.996405,35.250393],[76.99635,35.250766],[76.996032,35.251038],[76.995698,35.251083],[76.995639,35.251063],[76.995123,35.250832],[76.994678,35.250481],[76.994092,35.250371],[76.994174,35.250729],[76.994184,35.251147],[76.994189,35.251171],[76.994154,35.251175],[76.9937,35.251183],[76.993433,35.251218],[76.993382,35.2511],[76.993227,35.250744],[76.993073,35.250388],[76.992846,35.250034],[76.992547,35.24974],[76.992176,35.249447],[76.992045,35.249318],[76.992039,35.249088],[76.99203,35.24869]],[[77.071133,35.21767],[77.070668,35.217594],[77.069347,35.216989],[77.068936,35.216254],[77.068917,35.216221],[77.068876,35.216147],[77.069988,35.215648],[77.071185,35.215555],[77.071756,35.216172],[77.072048,35.216191],[77.072042,35.21622],[77.071833,35.216582],[77.071551,35.216946],[77.071342,35.217308],[77.071133,35.21767]],[[77.094399,35.228453],[77.093958,35.228341],[77.093469,35.22823],[77.092934,35.228239],[77.092497,35.228287],[77.092061,35.228334],[77.091577,35.228422],[77.09109,35.228431],[77.090605,35.228479],[77.09012,35.228527],[77.089635,35.228576],[77.0891,35.228585],[77.088614,35.228593],[77.088127,35.228602],[77.087689,35.228569],[77.08745,35.228487],[77.08678,35.227288],[77.086372,35.225424],[77.086162,35.224246],[77.08602,35.223362],[77.086153,35.221538],[77.086342,35.219565],[77.085947,35.218193],[77.085922,35.217203],[77.085834,35.216906],[77.085678,35.21655],[77.085523,35.216193],[77.085368,35.215837],[77.085213,35.21548],[77.085058,35.215124],[77.084952,35.214766],[77.084942,35.214367],[77.085177,35.214044],[77.085613,35.213996],[77.085791,35.213993],[77.085824,35.213693],[77.085961,35.213332],[77.086049,35.212971],[77.086137,35.21261],[77.086274,35.212249],[77.08641,35.211887],[77.086449,35.211727],[77.086406,35.211728],[77.086288,35.21174],[77.086201,35.211689],[77.084643,35.211765],[77.084381,35.211806],[77.084375,35.21157],[77.084364,35.211152],[77.084282,35.210795],[77.084442,35.210641],[77.084735,35.210344],[77.085029,35.21007],[77.085323,35.209795],[77.085589,35.209499],[77.085827,35.209181],[77.086038,35.208863],[77.086248,35.2085],[77.086403,35.20816],[77.086476,35.2078],[77.086521,35.207417],[77.086511,35.207036],[77.086529,35.206654],[77.086684,35.206314],[77.086894,35.205974],[77.087132,35.205655],[77.087538,35.205491],[77.088027,35.205348],[77.088462,35.205251],[77.088927,35.205243],[77.089392,35.205235],[77.089857,35.205227],[77.090322,35.205241],[77.090366,35.205249],[77.090568,35.205216],[77.093328,35.205357],[77.096059,35.205933],[77.096409,35.206154],[77.09653,35.206205],[77.099016,35.208094],[77.099167,35.208441],[77.099394,35.208766],[77.099681,35.209048],[77.100041,35.211746],[77.099999,35.214576],[77.099816,35.216371],[77.099449,35.21996],[77.098725,35.223084],[77.098365,35.226956],[77.097139,35.229007],[77.095412,35.229037],[77.095183,35.229031],[77.094944,35.228843],[77.094399,35.228453]],[[77.06826,35.217534],[77.068348,35.217496],[77.069679,35.219487],[77.069926,35.220796],[77.070004,35.221086],[77.069838,35.221157],[77.069555,35.221461],[77.069124,35.221707],[77.069106,35.221808],[77.068615,35.221716],[77.068173,35.221544],[77.067802,35.221252],[77.067432,35.221019],[77.067228,35.22094],[77.067277,35.220663],[77.067267,35.220245],[77.067403,35.219884],[77.06754,35.219524],[77.067529,35.219106],[77.067593,35.218746],[77.067152,35.218574],[77.066855,35.218579],[77.066867,35.218266],[77.066871,35.218134],[77.06695,35.2181],[77.06712,35.217761],[77.06733,35.217399],[77.067624,35.217102],[77.067811,35.217159],[77.068037,35.217229],[77.06826,35.217534]],[[77.013683,35.203555],[77.013286,35.203453],[77.012916,35.203242],[77.012807,35.202889],[77.012898,35.202533],[77.012906,35.202508],[77.012905,35.202444],[77.012991,35.202049],[77.013176,35.201642],[77.013166,35.201244],[77.013253,35.200844],[77.013243,35.200446],[77.012943,35.200053],[77.012547,35.199741],[77.01206,35.199669],[77.011575,35.199677],[77.011563,35.199302],[77.011553,35.198878],[77.011542,35.198453],[77.011532,35.198028],[77.011521,35.197604],[77.011901,35.197279],[77.012416,35.197164],[77.012891,35.197156],[77.012899,35.197175],[77.012908,35.197557],[77.012984,35.197937],[77.013159,35.198288],[77.013498,35.198583],[77.013574,35.198963],[77.01355,35.199345],[77.013953,35.199529],[77.014387,35.199631],[77.014855,35.199759],[77.015323,35.199888],[77.015792,35.200043],[77.016253,35.199927],[77.01635,35.19976],[77.016561,35.199834],[77.016885,35.200118],[77.016667,35.200519],[77.016478,35.200931],[77.016487,35.201313],[77.016431,35.201722],[77.016441,35.202131],[77.016417,35.202513],[77.016408,35.202574],[77.015214,35.202978],[77.014817,35.203066],[77.01431,35.203225],[77.013914,35.203411],[77.013683,35.203555]],[[77.057686,35.189614],[77.058373,35.19187],[77.058619,35.193934],[77.05832,35.19553],[77.056598,35.196435],[77.055426,35.196057],[77.054769,35.194994],[77.054458,35.194204],[77.054729,35.193403],[77.055345,35.192876],[77.056191,35.191827],[77.056409,35.190869],[77.05618,35.189441],[77.055538,35.188974],[77.054459,35.188475],[77.053223,35.189411],[77.052331,35.19054],[77.051297,35.189881],[77.051258,35.189306],[77.051341,35.189381],[77.051785,35.189446],[77.052229,35.189475],[77.052621,35.18925],[77.052656,35.188886],[77.052691,35.188522],[77.052994,35.188226],[77.052634,35.188015],[77.05219,35.187949],[77.051745,35.187848],[77.051299,35.18771],[77.050854,35.187609],[77.050608,35.187553],[77.050582,35.187508],[77.050432,35.187318],[77.050331,35.187193],[77.050312,35.187175],[77.050236,35.187105],[77.049695,35.187004],[77.049643,35.187005],[77.049634,35.186636],[77.049623,35.1862],[77.049614,35.185813],[77.049545,35.185426],[77.049543,35.185358],[77.049802,35.185485],[77.050197,35.185718],[77.050591,35.185911],[77.051031,35.186023],[77.05113,35.18609],[77.05118,35.186183],[77.051224,35.186476],[77.051233,35.186839],[77.05133,35.187201],[77.051775,35.187266],[77.052217,35.187259],[77.05249,35.187231],[77.053937,35.187286],[77.054332,35.186888],[77.054359,35.186885],[77.054794,35.186798],[77.055104,35.186707],[77.055188,35.186627],[77.055609,35.18662],[77.056095,35.186575],[77.056536,35.186531],[77.057068,35.186559],[77.057397,35.187749],[77.057686,35.189614]],[[77.0111,35.203653],[77.01101,35.204064],[77.01092,35.204447],[77.010796,35.204803],[77.010639,35.20516],[77.010582,35.205542],[77.010493,35.20598],[77.010504,35.206416],[77.010546,35.206796],[77.010622,35.207177],[77.010764,35.207556],[77.010873,35.207936],[77.010949,35.208316],[77.010992,35.208724],[77.011069,35.209132],[77.011276,35.209455],[77.011484,35.209806],[77.011789,35.210073],[77.012063,35.210396],[77.012336,35.210718],[77.01261,35.211041],[77.013015,35.211307],[77.013353,35.211546],[77.013692,35.211813],[77.013891,35.211954],[77.013531,35.211921],[77.013173,35.211805],[77.012586,35.211695],[77.012182,35.211552],[77.011777,35.211409],[77.011298,35.211238],[77.010858,35.211125],[77.010452,35.210953],[77.010083,35.210749],[77.009676,35.210546],[77.009237,35.210494],[77.009028,35.210497],[77.008796,35.210351],[77.008502,35.210226],[77.008486,35.210171],[77.0083,35.209835],[77.008056,35.209499],[77.00787,35.209115],[77.007566,35.208781],[77.007321,35.208397],[77.007135,35.208061],[77.00695,35.207725],[77.006705,35.20739],[77.00646,35.207007],[77.006332,35.206621],[77.006028,35.206239],[77.005726,35.205953],[77.005422,35.205619],[77.005178,35.205284],[77.004993,35.204948],[77.004807,35.204612],[77.004622,35.204276],[77.004582,35.204155],[77.004616,35.204033],[77.004724,35.203644],[77.005072,35.203396],[77.005664,35.203435],[77.006256,35.203522],[77.006673,35.20366],[77.007092,35.203895],[77.007566,35.203984],[77.007984,35.204171],[77.008458,35.20426],[77.00893,35.204253],[77.009277,35.203956],[77.009384,35.203518],[77.009493,35.203129],[77.009542,35.20274],[77.009533,35.202353],[77.009523,35.201966],[77.009692,35.201624],[77.009859,35.201233],[77.010147,35.200938],[77.010195,35.200501],[77.010245,35.200113],[77.010294,35.199724],[77.010284,35.199288],[77.010282,35.199236],[77.010534,35.199532],[77.0108,35.199846],[77.011176,35.200043],[77.01101,35.200404],[77.010923,35.200804],[77.010739,35.201205],[77.010846,35.201601],[77.011147,35.201995],[77.01135,35.20239],[77.011462,35.202648],[77.011313,35.202887],[77.011189,35.203243],[77.0111,35.203653]],[[77.044578,35.188015],[77.044391,35.187832],[77.044092,35.187518],[77.043696,35.187206],[77.043108,35.186977],[77.04296,35.186931],[77.042974,35.186697],[77.042965,35.186316],[77.043055,35.185933],[77.043279,35.185602],[77.043777,35.185594],[77.044212,35.185723],[77.044582,35.185934],[77.044775,35.185954],[77.044671,35.186381],[77.04468,35.186768],[77.044749,35.187155],[77.044759,35.187542],[77.044976,35.187748],[77.044949,35.187763],[77.044615,35.188008],[77.044578,35.188015]],[[77.031244,35.186186],[77.031277,35.186186],[77.031741,35.18615],[77.032204,35.186088],[77.032668,35.18608],[77.032987,35.186112],[77.033138,35.186291],[77.033313,35.186642],[77.033449,35.186749],[77.033389,35.187022],[77.033232,35.187379],[77.033142,35.187762],[77.033118,35.188144],[77.033147,35.188237],[77.033129,35.188256],[77.033092,35.188542],[77.033016,35.188776],[77.033028,35.188871],[77.033037,35.18926],[77.033084,35.189649],[77.033165,35.190007],[77.033212,35.190395],[77.033217,35.1906],[77.033343,35.190845],[77.033516,35.191712],[77.033504,35.191887],[77.033477,35.192277],[77.033225,35.192448],[77.032831,35.192618],[77.032437,35.192788],[77.032043,35.192958],[77.031652,35.193265],[77.031492,35.193416],[77.03109,35.193329],[77.03104,35.193327],[77.031032,35.192996],[77.031022,35.192597],[77.030818,35.192203],[77.030786,35.192161],[77.030892,35.192078],[77.031218,35.191828],[77.031543,35.19155],[77.031901,35.191271],[77.032261,35.191047],[77.032385,35.190691],[77.032079,35.190423],[77.031742,35.190184],[77.031436,35.189916],[77.031098,35.189677],[77.03076,35.189437],[77.030358,35.18928],[77.030053,35.189013],[77.02998,35.18895],[77.030054,35.18879],[77.030141,35.18839],[77.030325,35.187989],[77.030315,35.187591],[77.030305,35.187193],[77.030198,35.186796],[77.029897,35.186403],[77.029693,35.186008],[77.029684,35.18561],[77.02978,35.185548],[77.030164,35.185468],[77.030466,35.185348],[77.030649,35.185434],[77.030875,35.185567],[77.031244,35.186186]],[[77.026751,35.189845],[77.026648,35.189588],[77.026374,35.189265],[77.026003,35.189026],[77.025569,35.188925],[77.025497,35.188922],[77.025535,35.188898],[77.025592,35.188515],[77.025582,35.188134],[77.025908,35.187883],[77.026372,35.187848],[77.026837,35.187868],[77.02724,35.188052],[77.027579,35.188319],[77.027786,35.188642],[77.027894,35.188995],[77.027804,35.189351],[77.027444,35.189575],[77.02705,35.189745],[77.026751,35.189845]],[[77.030772,35.2256],[77.030553,35.22536],[77.030254,35.225066],[77.030027,35.224711],[77.029657,35.224479],[77.029357,35.224125],[77.029129,35.223711],[77.029047,35.223354],[77.029036,35.222936],[77.028809,35.222581],[77.028582,35.222226],[77.028427,35.22187],[77.0282,35.221516],[77.028046,35.22116],[77.027891,35.220804],[77.02781,35.220447],[77.027582,35.220092],[77.027501,35.219735],[77.027433,35.219437],[77.027495,35.219496],[77.027722,35.219851],[77.02802,35.220145],[77.02839,35.220377],[77.028833,35.220609],[77.029274,35.220781],[77.029644,35.221014],[77.029944,35.221367],[77.030171,35.221722],[77.030253,35.222079],[77.030482,35.222493],[77.030709,35.222848],[77.030863,35.223204],[77.031091,35.223558],[77.031247,35.223974],[77.031474,35.224329],[77.031703,35.224743],[77.03193,35.225098],[77.03204,35.225297],[77.031724,35.225377],[77.031206,35.225439],[77.030772,35.2256]],[[77.029147,35.225921],[77.028884,35.225957],[77.028842,35.225968],[77.027571,35.22684],[77.025612,35.227792],[77.024941,35.227953],[77.02485,35.228047],[77.024533,35.228318],[77.024469,35.228399],[77.024333,35.228402],[77.023803,35.228459],[77.023393,35.228611],[77.022866,35.228765],[77.0224,35.229015],[77.021933,35.229265],[77.021852,35.229318],[77.021632,35.229059],[77.021573,35.229012],[77.021685,35.228785],[77.021794,35.228396],[77.021961,35.228005],[77.02207,35.227616],[77.022178,35.227227],[77.022285,35.226789],[77.022393,35.226351],[77.022383,35.225963],[77.022432,35.225575],[77.022541,35.225186],[77.022589,35.224749],[77.022403,35.224413],[77.021928,35.224275],[77.021457,35.224332],[77.021288,35.224674],[77.021298,35.225061],[77.021248,35.22545],[77.021259,35.225885],[77.021153,35.226372],[77.021045,35.226761],[77.020817,35.227104],[77.020529,35.227211],[77.020407,35.227256],[77.019935,35.227264],[77.019691,35.226929],[77.019681,35.226542],[77.01985,35.2262],[77.019958,35.22581],[77.019967,35.225742],[77.019923,35.225521],[77.019761,35.224708],[77.020651,35.222359],[77.020976,35.221328],[77.021062,35.221396],[77.021505,35.221628],[77.021803,35.221921],[77.022173,35.222154],[77.022473,35.222508],[77.022772,35.222801],[77.02307,35.223095],[77.02344,35.223328],[77.023954,35.223499],[77.024392,35.223551],[77.024748,35.223246],[77.024812,35.222887],[77.024729,35.22247],[77.024575,35.222114],[77.024347,35.221759],[77.024266,35.221402],[77.024111,35.221046],[77.023884,35.220692],[77.023728,35.220276],[77.023572,35.219861],[77.023418,35.219505],[77.023263,35.219149],[77.023073,35.218924],[77.023087,35.218893],[77.02357,35.218805],[77.023952,35.21856],[77.024319,35.218324],[77.024337,35.218414],[77.024636,35.218708],[77.024863,35.219062],[77.024873,35.21948],[77.024809,35.21984],[77.024746,35.220199],[77.024757,35.220677],[77.024841,35.221094],[77.025139,35.221388],[77.025438,35.221681],[77.025877,35.221794],[77.026247,35.222026],[77.026688,35.222198],[77.02706,35.222491],[77.027431,35.222783],[77.027729,35.223077],[77.027957,35.223432],[77.028111,35.223788],[77.028266,35.224143],[77.02842,35.224499],[77.028502,35.224856],[77.028656,35.225212],[77.028958,35.225625],[77.029147,35.225921]],[[77.038867,35.19051],[77.038994,35.190692],[77.039036,35.190752],[77.039094,35.190835],[77.03892,35.191167],[77.038903,35.19144],[77.038718,35.191713],[77.038528,35.19207],[77.038636,35.192423],[77.038877,35.192773],[77.039252,35.192787],[77.039258,35.193048],[77.039284,35.193266],[77.039305,35.193436],[77.039388,35.193854],[77.03947,35.194212],[77.039516,35.1946],[77.039596,35.194798],[77.039672,35.194986],[77.039717,35.195125],[77.039671,35.195321],[77.039581,35.195677],[77.039557,35.196059],[77.039699,35.196411],[77.039855,35.196482],[77.040102,35.196595],[77.040505,35.196779],[77.040908,35.196963],[77.041214,35.197257],[77.041389,35.197609],[77.041365,35.19799],[77.041175,35.198375],[77.040951,35.198706],[77.040727,35.199037],[77.040333,35.199207],[77.039867,35.19916],[77.039367,35.199087],[77.038932,35.198931],[77.038561,35.198719],[77.038386,35.19834],[77.038577,35.19801],[77.038835,35.197706],[77.039026,35.197376],[77.038851,35.197025],[77.038807,35.196982],[77.03841,35.197043],[77.037936,35.197051],[77.037462,35.197059],[77.036988,35.197067],[77.036689,35.196773],[77.036662,35.196652],[77.036538,35.196535],[77.036658,35.195539],[77.036765,35.193985],[77.037597,35.19238],[77.038187,35.190779],[77.038329,35.190764],[77.038432,35.190637],[77.038867,35.19051]],[[77.045119,35.190133],[77.045476,35.189827],[77.045691,35.189755],[77.045967,35.19009],[77.046123,35.190477],[77.046141,35.19064],[77.046976,35.191506],[77.048812,35.193225],[77.049516,35.194248],[77.050002,35.196228],[77.050001,35.198098],[77.050672,35.199718],[77.05149,35.201414],[77.051227,35.202533],[77.049755,35.203751],[77.047947,35.205094],[77.047604,35.204941],[77.046714,35.20424],[77.045282,35.20319],[77.044625,35.202087],[77.044601,35.201133],[77.044766,35.199977],[77.045297,35.197979],[77.045514,35.196981],[77.045843,35.196062],[77.045856,35.19584],[77.045883,35.19545],[77.045909,35.195031],[77.045937,35.194872],[77.045561,35.193042],[77.044783,35.191026],[77.044796,35.190987],[77.044748,35.190889],[77.044733,35.190768],[77.044895,35.190464],[77.045119,35.190133]],[[77.010364,35.604867],[77.01063,35.605212],[77.010896,35.605558],[77.011161,35.605904],[77.011427,35.606249],[77.011601,35.606475],[77.011693,35.606595],[77.011959,35.60694],[77.01203,35.607077],[77.011683,35.607082],[77.011236,35.60709],[77.010756,35.607098],[77.01082,35.606959],[77.010895,35.606537],[77.010873,35.606487],[77.010713,35.60612],[77.010363,35.605846],[77.010097,35.605501],[77.009916,35.605084],[77.00965,35.604738],[77.00947,35.604391],[77.00912,35.604117],[77.00877,35.603843],[77.008643,35.603718],[77.009117,35.60358],[77.00934,35.603515],[77.00965,35.603758],[77.00983,35.604105],[77.010096,35.604451],[77.010364,35.604867]],[[77.056231,35.22869],[77.05343,35.22697],[77.051402,35.225166],[77.049549,35.223429],[77.048646,35.221818],[77.048658,35.221091],[77.048553,35.220911],[77.048494,35.220513],[77.048484,35.220114],[77.048474,35.219715],[77.048464,35.219316],[77.048454,35.218917],[77.048523,35.218635],[77.048533,35.218594],[77.048542,35.218556],[77.048679,35.218195],[77.048816,35.217833],[77.048827,35.217599],[77.050109,35.214607],[77.051285,35.212519],[77.0527,35.209684],[77.054525,35.207743],[77.057304,35.205203],[77.059069,35.203423],[77.061412,35.201527],[77.063942,35.199383],[77.065577,35.197605],[77.067339,35.195718],[77.069123,35.19403],[77.06922,35.193896],[77.069553,35.193611],[77.069683,35.1935],[77.069736,35.19345],[77.069847,35.193111],[77.06988,35.193087],[77.070018,35.192797],[77.070202,35.192396],[77.070485,35.192072],[77.070768,35.191749],[77.07115,35.191503],[77.071633,35.191415],[77.072211,35.191246],[77.072694,35.191158],[77.073177,35.19107],[77.07366,35.190982],[77.07414,35.190815],[77.074621,35.190647],[77.075106,35.190639],[77.075328,35.190599],[77.075589,35.190551],[77.076169,35.190461],[77.076652,35.190373],[77.076836,35.189972],[77.077119,35.189649],[77.077163,35.189446],[77.077206,35.189249],[77.077489,35.188925],[77.077772,35.188602],[77.078153,35.188356],[77.078291,35.188331],[77.078636,35.188268],[77.079119,35.18818],[77.079604,35.188172],[77.080089,35.188164],[77.080671,35.188154],[77.081156,35.188145],[77.081736,35.188056],[77.082221,35.188047],[77.082706,35.188039],[77.083187,35.187871],[77.083323,35.187832],[77.083544,35.187846],[77.084452,35.187787],[77.088016,35.188203],[77.088761,35.188553],[77.089118,35.188605],[77.089512,35.188798],[77.089594,35.188823],[77.089756,35.188834],[77.090392,35.188982],[77.090827,35.189054],[77.09079,35.189222],[77.0908,35.18962],[77.090813,35.190098],[77.090856,35.190256],[77.090622,35.190261],[77.090158,35.190313],[77.090023,35.190368],[77.089956,35.190328],[77.088351,35.19045],[77.086675,35.190917],[77.086647,35.190958],[77.086382,35.191299],[77.086157,35.191644],[77.085709,35.191652],[77.08522,35.191501],[77.084638,35.191511],[77.084153,35.191519],[77.083774,35.191844],[77.083394,35.192169],[77.083012,35.192415],[77.082731,35.192818],[77.082547,35.19322],[77.082557,35.193618],[77.082274,35.193941],[77.081791,35.194029],[77.081705,35.194429],[77.081618,35.194829],[77.08163,35.195307],[77.081347,35.19563],[77.081064,35.195954],[77.080682,35.196199],[77.0803,35.196445],[77.079819,35.196612],[77.079339,35.19678],[77.078944,35.196548],[77.078457,35.196476],[77.07797,35.196405],[77.077489,35.196573],[77.077206,35.196896],[77.077023,35.197298],[77.07713,35.197694],[77.077615,35.197686],[77.078102,35.197757],[77.078589,35.197828],[77.078888,35.198142],[77.079189,35.198535],[77.079199,35.198933],[77.079015,35.199335],[77.078832,35.199736],[77.078648,35.200137],[77.078464,35.200539],[77.078181,35.200862],[77.07867,35.201013],[77.078969,35.201327],[77.078587,35.201572],[77.078106,35.20174],[77.077724,35.201985],[77.077734,35.202384],[77.078129,35.202616],[77.078616,35.202687],[77.079105,35.202838],[77.079499,35.20307],[77.079797,35.203305],[77.079829,35.203646],[77.079833,35.203693],[77.07987,35.204074],[77.07988,35.204456],[77.07989,35.204837],[77.079645,35.20498],[77.079263,35.205225],[77.079079,35.205627],[77.079089,35.206025],[77.079196,35.206421],[77.079303,35.206818],[77.07951,35.207292],[77.079902,35.207904],[77.079836,35.207929],[77.07981,35.207939],[77.079507,35.208054],[77.07907,35.208107],[77.078632,35.208069],[77.078191,35.207965],[77.077777,35.207792],[77.077442,35.207551],[77.077161,35.207242],[77.076961,35.206908],[77.076978,35.206504],[77.077078,35.206143],[77.077124,35.205783],[77.077224,35.205422],[77.077269,35.205062],[77.077397,35.2047],[77.077524,35.204339],[77.077515,35.203957],[77.077484,35.203638],[77.076721,35.202814],[77.07612,35.203124],[77.075993,35.203288],[77.075755,35.203606],[77.075517,35.203924],[77.075388,35.204097],[77.075061,35.204102],[77.074485,35.204351],[77.074301,35.204753],[77.074018,35.205076],[77.073834,35.205478],[77.073553,35.205881],[77.073466,35.20628],[77.073183,35.206604],[77.073074,35.206842],[77.072605,35.206773],[77.072023,35.206783],[77.071936,35.207183],[77.071752,35.207584],[77.071568,35.207986],[77.071481,35.208386],[77.071,35.208553],[77.070519,35.208721],[77.07004,35.208968],[77.069658,35.209213],[77.069474,35.209615],[77.069774,35.209928],[77.070259,35.20992],[77.070744,35.209912],[77.07133,35.210061],[77.07134,35.210459],[77.071336,35.210479],[77.07103,35.210741],[77.070599,35.210987],[77.070241,35.211233],[77.070178,35.211592],[77.070476,35.211886],[77.070775,35.212179],[77.071002,35.212534],[77.071243,35.212771],[77.071209,35.212931],[77.071025,35.213332],[77.070938,35.213732],[77.070797,35.21404],[77.070494,35.213783],[77.069249,35.212498],[77.069008,35.21238],[77.068569,35.212308],[77.068133,35.212395],[77.067648,35.212444],[77.067213,35.212531],[77.066779,35.212698],[77.066445,35.212943],[77.066062,35.213189],[77.065578,35.213277],[77.065137,35.213165],[77.064886,35.21285],[77.064779,35.212604],[77.06449,35.212573],[77.063631,35.212325],[77.063027,35.213735],[77.061347,35.214814],[77.060319,35.21632],[77.059583,35.21677],[77.054265,35.217386],[77.052795,35.217482],[77.052553,35.21753],[77.052118,35.217618],[77.051684,35.217785],[77.0513,35.217991],[77.050916,35.218197],[77.050632,35.218481],[77.050835,35.218837],[77.05123,35.21907],[77.051672,35.219222],[77.052112,35.219334],[77.052551,35.219366],[77.05299,35.219399],[77.053476,35.219391],[77.053914,35.219423],[77.054354,35.219496],[77.054794,35.219568],[77.055232,35.2196],[77.055672,35.219673],[77.056158,35.219664],[77.056594,35.219617],[77.057081,35.219609],[77.057517,35.219562],[77.058003,35.219553],[77.05849,35.219545],[77.058955,35.219499],[77.060816,35.219113],[77.062926,35.218201],[77.063439,35.218231],[77.063466,35.218228],[77.063931,35.21822],[77.064397,35.218234],[77.064835,35.218272],[77.065274,35.218309],[77.065341,35.21842],[77.065474,35.218643],[77.065037,35.218695],[77.064545,35.218703],[77.06408,35.218689],[77.063614,35.218674],[77.063149,35.218682],[77.062686,35.218735],[77.062578,35.218804],[77.0622,35.21899],[77.062179,35.219001],[77.061821,35.219176],[77.061721,35.219537],[77.061812,35.219895],[77.062146,35.220136],[77.062415,35.2202],[77.062553,35.220309],[77.063941,35.221063],[77.064113,35.221068],[77.064579,35.221105],[77.064966,35.221278],[77.065193,35.221611],[77.065257,35.221969],[77.065266,35.222063],[77.065344,35.22217],[77.065571,35.22248],[77.065744,35.222814],[77.065862,35.223171],[77.066143,35.223458],[77.066504,35.223677],[77.066826,35.223424],[77.067037,35.223106],[77.067055,35.222724],[77.067017,35.222298],[77.066964,35.222129],[77.066945,35.221864],[77.067455,35.221915],[77.067894,35.222027],[77.068336,35.222199],[77.068706,35.222431],[77.069144,35.222483],[77.069446,35.22256],[77.069514,35.222716],[77.069741,35.223071],[77.069969,35.223425],[77.070123,35.223781],[77.070278,35.224137],[77.070428,35.224371],[77.070233,35.225287],[77.070384,35.226516],[77.070488,35.226646],[77.070557,35.22702],[77.070648,35.227378],[77.070821,35.227712],[77.071047,35.228022],[77.071302,35.228332],[77.071609,35.228596],[77.071891,35.228906],[77.072172,35.229215],[77.072399,35.229526],[77.072813,35.229676],[77.072859,35.229316],[77.072849,35.228934],[77.072839,35.228553],[77.072776,35.228195],[77.072712,35.227836],[77.072621,35.227479],[77.072448,35.227145],[77.072221,35.226835],[77.072021,35.226479],[77.071823,35.226128],[77.071663,35.224869],[77.072231,35.223628],[77.072011,35.222057],[77.072035,35.220628],[77.072931,35.220465],[77.073849,35.221188],[77.074505,35.221029],[77.074694,35.220808],[77.074692,35.22073],[77.074574,35.220373],[77.074622,35.220135],[77.074628,35.220104],[77.0749,35.2203],[77.074982,35.220359],[77.075041,35.220402],[77.075235,35.220541],[77.075334,35.220555],[77.076143,35.22174],[77.077194,35.222952],[77.078074,35.224513],[77.079255,35.226118],[77.079692,35.226423],[77.079737,35.226481],[77.080018,35.226791],[77.080245,35.227101],[77.080526,35.227388],[77.080834,35.227652],[77.081115,35.227939],[77.081528,35.228067],[77.081574,35.227707],[77.081537,35.227326],[77.081364,35.22697],[77.081163,35.226614],[77.080963,35.22628],[77.08079,35.225947],[77.08059,35.225613],[77.080363,35.22528],[77.080268,35.225123],[77.080043,35.224085],[77.078856,35.222235],[77.07785,35.22043],[77.076778,35.21838],[77.076095,35.217506],[77.076015,35.216719],[77.076406,35.216385],[77.076403,35.216285],[77.076393,35.215886],[77.076383,35.215487],[77.076373,35.215088],[77.076363,35.214689],[77.076357,35.214478],[77.075773,35.214281],[77.073561,35.214565],[77.072365,35.214559],[77.072413,35.214504],[77.072696,35.21418],[77.07288,35.213779],[77.073064,35.213377],[77.073347,35.213054],[77.073729,35.212808],[77.073935,35.212676],[77.074153,35.212682],[77.074618,35.212674],[77.07511,35.212665],[77.075603,35.212657],[77.075981,35.21265],[77.076279,35.212534],[77.077236,35.21233],[77.077563,35.212309],[77.078056,35.2123],[77.07852,35.21227],[77.079012,35.212239],[77.079504,35.212231],[77.079996,35.212222],[77.080487,35.212169],[77.08069,35.212134],[77.080828,35.212348],[77.081126,35.212641],[77.08114,35.212658],[77.080591,35.212869],[77.080361,35.213267],[77.08104,35.213994],[77.081594,35.214526],[77.081997,35.213879],[77.082723,35.214113],[77.08291,35.214868],[77.082718,35.215201],[77.082582,35.215561],[77.082518,35.215921],[77.0826,35.216278],[77.082828,35.216633],[77.083126,35.216926],[77.083281,35.217282],[77.083436,35.217638],[77.083663,35.217992],[77.084033,35.218225],[77.084405,35.218517],[77.08446,35.218561],[77.084554,35.220039],[77.084665,35.222007],[77.085056,35.223231],[77.085645,35.225141],[77.08569,35.226913],[77.08585,35.228436],[77.085867,35.22913],[77.085758,35.229161],[77.085325,35.229329],[77.08489,35.229456],[77.084453,35.229503],[77.084019,35.229631],[77.083582,35.229678],[77.083147,35.229765],[77.082711,35.229853],[77.082226,35.229901],[77.08179,35.229988],[77.081305,35.230036],[77.080868,35.230084],[77.080432,35.230131],[77.079996,35.230219],[77.079277,35.230305],[77.075365,35.230372],[77.071832,35.230433],[77.067695,35.230433],[77.06308,35.230271],[77.059013,35.229633],[77.056231,35.22869]],[[77.01868,35.227724],[77.018952,35.228199],[77.019425,35.228989],[77.01949,35.228988],[77.019516,35.230052],[77.018995,35.229954],[77.018664,35.229694],[77.018266,35.229328],[77.017999,35.229013],[77.017533,35.228542],[77.017069,35.228124],[77.01654,35.227707],[77.016136,35.227128],[77.015993,35.226598],[77.01585,35.226068],[77.015712,35.225698],[77.015508,35.225329],[77.015304,35.22496],[77.014994,35.224618],[77.015435,35.224335],[77.015901,35.22428],[77.016005,35.224469],[77.016409,35.225048],[77.016939,35.225518],[77.01727,35.225778],[77.017605,35.226199],[77.018073,35.226776],[77.018409,35.22725],[77.01868,35.227724]],[[76.999271,35.214048],[76.999293,35.214041],[76.999653,35.213826],[77.000127,35.213818],[77.000532,35.213991],[77.000578,35.214379],[77.000479,35.21477],[77.000421,35.214891],[77.000429,35.215215],[76.999842,35.215675],[76.999809,35.215739],[76.999769,35.216099],[76.999681,35.21646],[76.999691,35.216859],[76.999702,35.217298],[76.999708,35.217547],[76.999537,35.21757],[76.998906,35.217516],[76.998431,35.217394],[76.997957,35.217338],[76.997486,35.21741],[76.997575,35.217796],[76.997663,35.218182],[76.997908,35.218566],[76.997997,35.218952],[76.998085,35.219338],[76.998096,35.21979],[76.998186,35.220241],[76.998352,35.220626],[76.998441,35.221012],[76.998407,35.221264],[76.998513,35.22166],[76.998717,35.222055],[76.999202,35.222047],[76.999583,35.221722],[76.999866,35.221399],[76.999662,35.221004],[76.99959,35.220734],[76.999693,35.220733],[77.000169,35.220854],[77.000723,35.220974],[77.001198,35.221095],[77.00167,35.221088],[77.002142,35.22108],[77.002613,35.221007],[77.003001,35.220807],[77.003271,35.220729],[77.003366,35.221083],[77.00357,35.221478],[77.003774,35.221873],[77.003881,35.22227],[77.00389,35.222668],[77.0039,35.223066],[77.00391,35.223464],[77.003917,35.223758],[77.003811,35.223767],[77.003301,35.223775],[77.003163,35.223796],[77.001816,35.225062],[77.001714,35.224827],[77.001628,35.22445],[77.001465,35.224074],[77.001225,35.2237],[77.000763,35.223645],[77.000374,35.223462],[76.999985,35.223279],[76.999597,35.223096],[76.999131,35.222915],[76.998742,35.222732],[76.998278,35.222614],[76.99789,35.222431],[76.997426,35.222312],[76.996962,35.222194],[76.996496,35.222012],[76.996438,35.221998],[76.996437,35.221962],[76.996425,35.221485],[76.996415,35.221087],[76.996309,35.22069],[76.996103,35.220215],[76.995996,35.219819],[76.995889,35.219422],[76.995686,35.219027],[76.995482,35.218632],[76.995183,35.218319],[76.994884,35.218005],[76.99468,35.21761],[76.994286,35.217378],[76.993963,35.217187],[76.993956,35.216926],[76.993752,35.216531],[76.993743,35.216132],[76.993737,35.215922],[76.993829,35.21592],[76.994301,35.215912],[76.994852,35.215903],[76.995324,35.215895],[76.995796,35.215888],[76.996345,35.215814],[76.996572,35.215423],[76.996877,35.21503],[76.997266,35.21483],[76.997733,35.214628],[76.9982,35.214427],[76.998429,35.2141],[76.998657,35.213773],[76.998807,35.213645],[76.999033,35.213823],[76.999271,35.214048]],[[77.030426,35.592035],[77.030776,35.592309],[77.031208,35.592442],[77.031725,35.592573],[77.032245,35.592774],[77.032676,35.592907],[77.033108,35.59304],[77.03354,35.593173],[77.034054,35.593164],[77.034388,35.592808],[77.034551,35.592455],[77.034626,35.592034],[77.034619,35.591781],[77.034762,35.591915],[77.035021,35.592219],[77.035343,35.592521],[77.03554,35.592877],[77.035862,35.59318],[77.036121,35.593483],[77.03638,35.593787],[77.036639,35.594091],[77.03696,35.594342],[77.037219,35.594646],[77.037354,35.595003],[77.037489,35.59536],[77.03756,35.595718],[77.037563,35.595825],[77.037378,35.595768],[77.036862,35.595707],[77.036344,35.595576],[77.035826,35.595444],[77.035393,35.595242],[77.035043,35.594968],[77.034693,35.594693],[77.034261,35.594561],[77.033742,35.594359],[77.033392,35.594085],[77.033042,35.593811],[77.03261,35.593678],[77.032177,35.593476],[77.031745,35.593343],[77.031229,35.593282],[77.030715,35.59329],[77.030199,35.593229],[77.029767,35.593096],[77.029501,35.592751],[77.02949,35.592331],[77.029478,35.591841],[77.029471,35.591557],[77.029522,35.591546],[77.029557,35.59156],[77.029906,35.591834],[77.030426,35.592035]],[[77.231975,35.314838],[77.232433,35.314854],[77.232313,35.315143],[77.232201,35.31555],[77.232088,35.315924],[77.23185,35.316301],[77.231654,35.316642],[77.231457,35.316984],[77.23126,35.317326],[77.231104,35.317667],[77.230865,35.317975],[77.230585,35.318285],[77.230305,35.318594],[77.230066,35.318903],[77.2302,35.319272],[77.230576,35.319468],[77.23103,35.31946],[77.231481,35.319384],[77.231888,35.319173],[77.232294,35.318929],[77.232616,35.318653],[77.232896,35.318343],[77.233069,35.31812],[77.2331,35.31816],[77.233532,35.31843],[77.233881,35.318772],[77.234231,35.319114],[77.234578,35.319386],[77.234843,35.31973],[77.235107,35.320073],[77.235372,35.320417],[77.235468,35.320833],[77.235535,35.321162],[77.235409,35.321204],[77.234916,35.321303],[77.23448,35.321447],[77.233986,35.321456],[77.233915,35.321424],[77.232694,35.321543],[77.230711,35.321579],[77.227865,35.321632],[77.227008,35.321691],[77.227006,35.321612],[77.227246,35.320918],[77.227483,35.320118],[77.227842,35.319051],[77.228195,35.317772],[77.228492,35.316811],[77.229666,35.315588],[77.231975,35.314838]],[[77.242079,35.368097],[77.242203,35.368155],[77.242241,35.368224],[77.242492,35.368675],[77.242503,35.369064],[77.242513,35.369454],[77.242524,35.369844],[77.242443,35.36978],[77.242039,35.369528],[77.241638,35.36934],[77.241162,35.369349],[77.240686,35.369358],[77.24021,35.369367],[77.239734,35.369376],[77.239258,35.369385],[77.238783,35.369393],[77.238305,35.369337],[77.237826,35.369216],[77.237344,35.36903],[77.237018,35.368711],[77.23677,35.368326],[77.236292,35.36827],[77.235982,35.368535],[77.236229,35.368856],[77.236553,35.36911],[77.2368,35.36943],[77.237047,35.369751],[77.237137,35.370139],[77.237126,35.370204],[77.236995,35.370171],[77.236685,35.370148],[77.236664,35.370132],[77.236326,35.369822],[77.235932,35.369514],[77.235594,35.36925],[77.235446,35.369167],[77.235365,35.368928],[77.235068,35.368629],[77.234691,35.368399],[77.234313,35.36817],[77.233936,35.367974],[77.233558,35.367744],[77.233221,35.36748],[77.232882,35.367148],[77.232584,35.366849],[77.232206,35.366586],[77.231786,35.366323],[77.231366,35.366061],[77.231157,35.36598],[77.231074,35.365965],[77.230657,35.365803],[77.230483,35.365468],[77.230473,35.365097],[77.230463,35.364725],[77.230452,35.364354],[77.230446,35.364112],[77.23028,35.363346],[77.230133,35.363244],[77.230123,35.362872],[77.230361,35.36253],[77.230625,35.362354],[77.230726,35.362286],[77.231179,35.362278],[77.231595,35.362406],[77.232013,35.362567],[77.232245,35.362728],[77.232319,35.362746],[77.233306,35.363311],[77.235126,35.363447],[77.235465,35.363551],[77.235815,35.363621],[77.236087,35.363675],[77.236354,35.363709],[77.236409,35.363853],[77.236762,35.364334],[77.237029,35.364747],[77.237293,35.36509],[77.237244,35.365393],[77.237175,35.365784],[77.237265,35.366172],[77.237356,35.36656],[77.237446,35.366949],[77.237615,35.367335],[77.237862,35.367656],[77.238031,35.368043],[77.238356,35.368296],[77.238913,35.368351],[77.239387,35.368277],[77.239778,35.368075],[77.240086,35.367744],[77.240153,35.367288],[77.240142,35.366899],[77.240052,35.36651],[77.240005,35.366404],[77.240131,35.366222],[77.240292,35.365871],[77.240537,35.365518],[77.240955,35.365231],[77.241156,35.365093],[77.241286,35.365133],[77.241504,35.365194],[77.241743,35.36526],[77.241872,35.365286],[77.2422,35.365353],[77.242322,35.365396],[77.242326,35.365558],[77.242097,35.365887],[77.24187,35.366282],[77.241722,35.366674],[77.241654,35.367065],[77.241585,35.367457],[77.241755,35.367844],[77.242079,35.368097]],[[77.241335,35.371022],[77.241035,35.370997],[77.240593,35.370915],[77.240203,35.370742],[77.239881,35.370599],[77.240159,35.370408],[77.240549,35.370141],[77.24103,35.370327],[77.241199,35.370713],[77.241335,35.371022]],[[77.252943,35.329882],[77.25358,35.329499],[77.254743,35.329425],[77.255594,35.32978],[77.255741,35.330414],[77.255755,35.330929],[77.255904,35.331159],[77.255916,35.33158],[77.255853,35.331942],[77.255774,35.332026],[77.25516,35.331963],[77.254565,35.331974],[77.254057,35.332053],[77.253551,35.332202],[77.253041,35.332212],[77.252693,35.331939],[77.252514,35.331594],[77.252334,35.331249],[77.252238,35.330833],[77.252058,35.330488],[77.251878,35.330143],[77.251448,35.329942],[77.250936,35.329882],[77.250924,35.329464],[77.251085,35.329113],[77.251246,35.32922],[77.251367,35.329063],[77.252213,35.329207],[77.252943,35.329882]],[[77.003719,35.604472],[77.00367,35.604472],[77.003841,35.604562],[77.005644,35.60444],[77.005692,35.604439],[77.005734,35.604436],[77.005998,35.604434],[77.006258,35.604387],[77.006386,35.604512],[77.006736,35.604787],[77.007002,35.605132],[77.007268,35.605478],[77.007364,35.605896],[77.00746,35.606315],[77.006862,35.606395],[77.006428,35.606192],[77.005995,35.605989],[77.005561,35.605786],[77.005313,35.60614],[77.004889,35.606358],[77.004624,35.606012],[77.004102,35.605741],[77.003669,35.605538],[77.003235,35.605335],[77.0028,35.605062],[77.002366,35.604859],[77.002002,35.604767],[77.002082,35.604739],[77.002566,35.604491],[77.002632,35.60449],[77.002838,35.604013],[77.003719,35.604472]],[[77.235114,35.378277],[77.234984,35.378367],[77.234926,35.378323],[77.235114,35.378277]],[[77.258536,35.360614],[77.258086,35.36057],[77.257638,35.360579],[77.257127,35.360641],[77.256681,35.360754],[77.256504,35.360778],[77.256546,35.360494],[77.256857,35.360173],[77.25717,35.359905],[77.257679,35.359738],[77.258038,35.359604],[77.258122,35.359621],[77.258357,35.359805],[77.258705,35.360077],[77.259053,35.360349],[77.259063,35.360721],[77.259066,35.360815],[77.258926,35.360817],[77.258536,35.360614]],[[76.996517,35.605843],[76.997029,35.605834],[76.997796,35.605822],[76.997891,35.605789],[76.998277,35.605907],[76.998709,35.60604],[76.999227,35.606172],[76.999744,35.606303],[77.000176,35.606436],[77.000696,35.606637],[77.001129,35.60684],[77.001565,35.607113],[77.002,35.607386],[77.00218,35.607733],[77.002191,35.608153],[77.002116,35.608574],[77.002199,35.608735],[77.002296,35.608921],[77.002812,35.608983],[77.003328,35.609044],[77.003842,35.609035],[77.004438,35.608885],[77.004861,35.608668],[77.005286,35.608521],[77.005801,35.608513],[77.006315,35.608504],[77.006748,35.608707],[77.006795,35.608731],[77.006709,35.608855],[77.006376,35.60928],[77.006042,35.609636],[77.005621,35.609923],[77.005446,35.610042],[77.005108,35.610001],[77.004594,35.61001],[77.003994,35.61002],[77.003391,35.60989],[77.002791,35.6099],[77.002279,35.609978],[77.00168,35.610058],[77.001255,35.610205],[77.000657,35.610285],[77.000269,35.610398],[76.99992,35.610291],[76.999894,35.610279],[76.999486,35.610088],[76.999136,35.609814],[76.998787,35.609539],[76.998353,35.609337],[76.998328,35.609325],[76.997919,35.609134],[76.997487,35.609001],[76.997055,35.608868],[76.996623,35.608735],[76.996191,35.608602],[76.995586,35.608402],[76.995154,35.608269],[76.994752,35.608276],[76.994668,35.60821],[76.994095,35.608034],[76.993858,35.607666],[76.99351,35.607394],[76.993273,35.607026],[76.993037,35.606658],[76.9928,35.606291],[76.992341,35.606112],[76.991884,35.606027],[76.991426,35.605942],[76.990851,35.605672],[76.990771,35.605648],[76.991658,35.605341],[76.992113,35.60524],[76.992682,35.605137],[76.993137,35.605036],[76.993589,35.604842],[76.993822,35.604693],[76.993935,35.60491],[76.994116,35.605325],[76.994547,35.605527],[76.995062,35.605658],[76.995574,35.605649],[76.996004,35.605782],[76.996517,35.605843]],[[77.245466,35.356236],[77.245795,35.356494],[77.246246,35.356591],[77.246636,35.356793],[77.246964,35.35705],[77.247412,35.357041],[77.247862,35.357086],[77.248314,35.357182],[77.248768,35.357384],[77.249222,35.357585],[77.249612,35.357788],[77.250062,35.357832],[77.250518,35.358086],[77.250746,35.358109],[77.25063,35.358363],[77.250385,35.358716],[77.250053,35.359001],[77.24972,35.359286],[77.249745,35.35939],[77.249692,35.359377],[77.249133,35.359258],[77.248656,35.359202],[77.248178,35.359145],[77.248143,35.359141],[77.247839,35.358903],[77.247408,35.358702],[77.247058,35.35836],[77.24671,35.358088],[77.246363,35.357815],[77.246183,35.35747],[77.246003,35.357125],[77.245654,35.356784],[77.245389,35.35644],[77.245466,35.356236]],[[77.251674,35.355859],[77.2516,35.355493],[77.251461,35.355128],[77.251407,35.354966],[77.251555,35.354993],[77.251659,35.355033],[77.251639,35.354914],[77.252036,35.354995],[77.252452,35.355123],[77.252788,35.355252],[77.252734,35.355463],[77.25268,35.355608],[77.252522,35.356029],[77.252361,35.35638],[77.252279,35.356436],[77.252201,35.356375],[77.251748,35.356226],[77.251674,35.355859]],[[77.250821,35.35514],[77.250831,35.355508],[77.250777,35.355876],[77.250398,35.356093],[77.24995,35.356102],[77.249812,35.355737],[77.249547,35.355426],[77.249408,35.355061],[77.249787,35.354844],[77.249836,35.35469],[77.249983,35.354735],[77.250172,35.354748],[77.25067,35.354829],[77.250906,35.354873],[77.250821,35.35514]],[[77.24814,35.355558],[77.247689,35.355461],[77.247679,35.355094],[77.247669,35.354726],[77.247341,35.35447],[77.247267,35.354104],[77.247645,35.353887],[77.247957,35.353566],[77.247964,35.353514],[77.248252,35.353571],[77.248617,35.354068],[77.248622,35.354446],[77.248568,35.354815],[77.248386,35.355186],[77.24814,35.355558]],[[77.245843,35.354418],[77.245747,35.353995],[77.245735,35.353577],[77.245638,35.353161],[77.245627,35.352743],[77.245526,35.352188],[77.245448,35.351849],[77.24562,35.351938],[77.24568,35.35197],[77.246057,35.352166],[77.246434,35.352361],[77.246673,35.352486],[77.246647,35.35254],[77.246593,35.352909],[77.246603,35.353276],[77.246486,35.353698],[77.246369,35.354068],[77.246057,35.354389],[77.245843,35.354418]],[[77.249611,35.370752],[77.24968,35.370361],[77.249355,35.370107],[77.249031,35.369853],[77.248784,35.369533],[77.248694,35.369144],[77.248445,35.368759],[77.248355,35.368371],[77.248185,35.367984],[77.248095,35.367596],[77.24754,35.367606],[77.247313,35.368],[77.246909,35.367748],[77.246661,35.367362],[77.246183,35.367306],[77.245628,35.367317],[77.245152,35.367325],[77.245007,35.36745],[77.244666,35.367183],[77.244318,35.366911],[77.244158,35.367262],[77.244254,35.367678],[77.244315,35.367976],[77.244134,35.367799],[77.243887,35.367479],[77.24364,35.367159],[77.24355,35.36677],[77.243381,35.366384],[77.24337,35.365994],[77.243475,35.365713],[77.243572,35.365733],[77.244028,35.365792],[77.244483,35.365851],[77.24498,35.36591],[77.245477,35.365968],[77.245824,35.366075],[77.245893,35.366096],[77.246391,35.366188],[77.246808,35.366349],[77.247264,35.366442],[77.247681,35.366569],[77.248138,35.366696],[77.248594,35.366755],[77.248748,35.366798],[77.248899,35.36684],[77.249051,35.366882],[77.249214,35.366891],[77.249506,35.366907],[77.250003,35.366966],[77.250499,35.36699],[77.250795,35.366985],[77.250952,35.366982],[77.251408,35.367041],[77.251445,35.367043],[77.251498,35.367272],[77.251509,35.367662],[77.251361,35.368055],[77.250889,35.368194],[77.250896,35.368466],[77.250736,35.368391],[77.250334,35.368204],[77.249932,35.368016],[77.24953,35.367829],[77.249128,35.367641],[77.248649,35.36752],[77.248501,35.367913],[77.24867,35.3683],[77.24884,35.368687],[77.249009,35.369073],[77.249179,35.36946],[77.249425,35.369781],[77.249827,35.369968],[77.250165,35.370008],[77.250229,35.370156],[77.250554,35.370409],[77.25103,35.370401],[77.251507,35.370457],[77.251719,35.370482],[77.251747,35.370517],[77.252151,35.37077],[77.252251,35.370816],[77.25238,35.37111],[77.251872,35.371259],[77.251421,35.371361],[77.250857,35.371464],[77.250393,35.371549],[77.250349,35.3715],[77.249957,35.371282],[77.249567,35.371109],[77.249256,35.370936],[77.249611,35.370752]],[[77.252715,35.368225],[77.252704,35.367835],[77.252534,35.367448],[77.252379,35.367093],[77.252814,35.36715],[77.25327,35.367209],[77.253724,35.367234],[77.253749,35.367236],[77.254031,35.367251],[77.253967,35.367616],[77.253978,35.368006],[77.25383,35.368399],[77.25352,35.368664],[77.252963,35.36861],[77.252715,35.368225]],[[77.256129,35.367147],[77.256239,35.367154],[77.256693,35.367145],[77.257147,35.367137],[77.25735,35.367133],[77.257093,35.367353],[77.25699,35.367727],[77.256854,35.367883],[77.256748,35.367759],[77.256424,35.367505],[77.256177,35.367185],[77.256129,35.367147]],[[76.931669,35.605348],[76.931335,35.605632],[76.930912,35.605779],[76.93049,35.605994],[76.930069,35.60621],[76.929665,35.606417],[76.929659,35.606167],[76.929657,35.606148],[76.929148,35.605528],[76.929626,35.60552],[76.930134,35.605373],[76.930554,35.605088],[76.930888,35.604804],[76.9314,35.604795],[76.931832,35.604997],[76.931669,35.605348]],[[77.231382,35.345566],[77.231645,35.345414],[77.232024,35.345197],[77.232337,35.344929],[77.232716,35.344712],[77.233029,35.344444],[77.233276,35.344124],[77.233457,35.343701],[77.233485,35.343599],[77.23365,35.343728],[77.233787,35.344091],[77.233799,35.344509],[77.233905,35.344825],[77.233873,35.344848],[77.233627,35.34522],[77.23325,35.34549],[77.232937,35.345758],[77.232491,35.345871],[77.232341,35.346026],[77.231882,35.345848],[77.231491,35.34563],[77.231382,35.345566]],[[77.246924,35.522508],[77.246475,35.522517],[77.246145,35.522208],[77.245942,35.521844],[77.245832,35.521646],[77.245907,35.52163],[77.246557,35.521511],[77.24696,35.521503],[77.246971,35.521877],[77.247109,35.522242],[77.247288,35.522464],[77.246924,35.522508]],[[77.02033,35.603486],[77.02001,35.603235],[77.019941,35.603128],[77.019742,35.60282],[77.019648,35.602638],[77.019848,35.602587],[77.020227,35.602318],[77.020541,35.602051],[77.020856,35.601783],[77.021299,35.601513],[77.021678,35.601244],[77.021937,35.601097],[77.022114,35.601189],[77.022563,35.601303],[77.02301,35.601295],[77.023377,35.601289],[77.023288,35.601322],[77.02233,35.601601],[77.021884,35.601766],[77.021504,35.601982],[77.021124,35.602198],[77.02094,35.602569],[77.020691,35.602888],[77.020679,35.602913],[77.020508,35.603259],[77.02033,35.603486]],[[76.8839,35.630797],[76.883509,35.630593],[76.8835,35.630173],[76.883491,35.629805],[76.883611,35.629436],[76.883665,35.629015],[76.883764,35.628712],[76.884211,35.628611],[76.88465,35.628514],[76.885146,35.628461],[76.885584,35.628319],[76.886022,35.628177],[76.886404,35.627991],[76.886668,35.627905],[76.886413,35.628237],[76.886163,35.628556],[76.885913,35.628875],[76.88605,35.62924],[76.885736,35.62956],[76.885356,35.629776],[76.884909,35.629941],[76.884531,35.630262],[76.884215,35.630529],[76.8839,35.630797]],[[77.015051,35.603738],[77.015231,35.604085],[77.015241,35.604505],[77.014809,35.604372],[77.014376,35.60417],[77.013856,35.603968],[77.013422,35.603765],[77.012903,35.603564],[77.012469,35.603361],[77.012037,35.603229],[77.011686,35.602884],[77.011519,35.602721],[77.011645,35.602657],[77.012131,35.602489],[77.012517,35.602242],[77.012903,35.601995],[77.013288,35.601668],[77.013513,35.601346],[77.01388,35.601517],[77.014402,35.601789],[77.014667,35.602134],[77.014678,35.602554],[77.014689,35.602974],[77.014785,35.603393],[77.015051,35.603738]],[[77.242437,35.522802],[77.242318,35.523171],[77.242005,35.52344],[77.241557,35.523501],[77.241439,35.523462],[77.24152,35.523357],[77.241288,35.523086],[77.241021,35.522723],[77.241075,35.522355],[77.241522,35.522241],[77.241973,35.522285],[77.242489,35.522381],[77.24249,35.522433],[77.242437,35.522802]],[[77.235716,35.528967],[77.235537,35.528758],[77.235146,35.528555],[77.234816,35.528246],[77.234362,35.528097],[77.234416,35.527729],[77.234706,35.527714],[77.235229,35.527704],[77.235511,35.527699],[77.235575,35.527812],[77.235778,35.528176],[77.23598,35.52854],[77.236119,35.528905],[77.236107,35.528943],[77.235716,35.528967]]]}},{"type":"Feature","properties":{"kind":"RGI ice portion outside nominal India side, *source conflict only*","scale":"10m","component":1,"area_km2":0.432365,"bounds_lonlat":[76.978169,35.315225,76.990134,35.344587],"representative_point_lonlat":[76.9887946,35.3299235],"centroid_lonlat":[76.9858216,35.3325487],"length_perimeter_km":7.98,"vertex_count":100,"not_evidence_of_pakistan_occupation":true},"geometry":{"type":"Polygon","coordinates":[[[76.985111,35.315255],[76.984825,35.315539],[76.984491,35.315824],[76.984256,35.316147],[76.984071,35.31655],[76.983934,35.316911],[76.983845,35.317272],[76.983708,35.317633],[76.983472,35.317956],[76.983384,35.318317],[76.983393,35.318716],[76.983403,35.319115],[76.983413,35.319514],[76.983471,35.319912],[76.983484,35.31999],[76.98344,35.320037],[76.983305,35.320129],[76.983342,35.320186],[76.983803,35.320179],[76.984268,35.32036],[76.984733,35.320541],[76.985203,35.320911],[76.985668,35.321092],[76.985908,35.321466],[76.986373,35.321647],[76.986833,35.32164],[76.987073,35.322013],[76.987312,35.322387],[76.987322,35.322765],[76.987331,35.323142],[76.98734,35.323519],[76.98758,35.323893],[76.987819,35.324267],[76.987829,35.324644],[76.987838,35.325022],[76.988077,35.325396],[76.988317,35.325769],[76.988556,35.326143],[76.988796,35.326517],[76.989036,35.32689],[76.989045,35.327268],[76.989054,35.327645],[76.989063,35.328023],[76.989073,35.3284],[76.989082,35.328778],[76.989091,35.329155],[76.98887,35.329537],[76.988414,35.329733],[76.988193,35.330114],[76.987742,35.330499],[76.98752,35.330881],[76.987069,35.331266],[76.986848,35.331647],[76.986392,35.331843],[76.985936,35.33204],[76.985715,35.332421],[76.985259,35.332617],[76.985268,35.332995],[76.985047,35.333376],[76.984826,35.333757],[76.984609,35.334327],[76.984388,35.334709],[76.984397,35.335086],[76.984407,35.335464],[76.983955,35.335849],[76.983734,35.33623],[76.983513,35.336611],[76.983292,35.336993],[76.983301,35.33737],[76.98308,35.337751],[76.982624,35.337948],[76.982403,35.338329],[76.982412,35.338706],[76.981956,35.338903],[76.981965,35.33928],[76.981824,35.339283],[76.981798,35.339427],[76.981809,35.339845],[76.981907,35.340072],[76.981593,35.339968],[76.981382,35.339835],[76.981067,35.340239],[76.980846,35.34062],[76.980624,35.341002],[76.980408,35.341572],[76.980187,35.341953],[76.979735,35.342338],[76.979514,35.342719],[76.979063,35.343104],[76.979072,35.343482],[76.978616,35.343678],[76.978169,35.344252],[76.97817700067188,35.34458713925532],[76.987096,35.336409],[76.990134,35.327411],[76.98809,35.321343],[76.983485,35.319817],[76.984203,35.316353],[76.98518912799558,35.31522523695407],[76.985111,35.315255]]]}},{"type":"Feature","properties":{"kind":"RGI ice portion outside nominal India side, *source conflict only*","scale":"10m","component":2,"area_km2":0.258292,"bounds_lonlat":[76.977736,35.345076,76.986709,35.359529],"representative_point_lonlat":[76.985035,35.352365],"centroid_lonlat":[76.983197,35.3520696],"length_perimeter_km":3.933,"vertex_count":51,"not_evidence_of_pakistan_occupation":true},"geometry":{"type":"Polygon","coordinates":[[[76.977736,35.345392],[76.977745,35.345769],[76.977754,35.346147],[76.977994,35.346521],[76.978238,35.347083],[76.978477,35.347457],[76.978655,35.347734],[76.978945,35.348019],[76.97939,35.348311],[76.979904,35.348481],[76.980349,35.348773],[76.980791,35.348945],[76.980974,35.348967],[76.981241,35.349092],[76.98164,35.349406],[76.982037,35.34964],[76.982243,35.349843],[76.982412,35.349895],[76.982855,35.350087],[76.983299,35.35028],[76.983645,35.350514],[76.983992,35.350747],[76.98434,35.351021],[76.984397,35.351379],[76.984406,35.351733],[76.984436,35.351764],[76.984446,35.352165],[76.984456,35.352565],[76.984465,35.352966],[76.984377,35.353368],[76.984387,35.353768],[76.984299,35.35417],[76.984211,35.354573],[76.984123,35.354975],[76.983938,35.355378],[76.9839,35.355551],[76.983979,35.355675],[76.983988,35.356052],[76.983998,35.35643],[76.984007,35.356807],[76.983786,35.357189],[76.983565,35.35757],[76.983578,35.358136],[76.983588,35.358514],[76.983597,35.358891],[76.983606,35.359269],[76.98361219990922,35.35952870730836],[76.986709,35.356452],[76.98507,35.350306],[76.97791924850192,35.3450760828994],[76.977736,35.345392]]]}},{"type":"Feature","properties":{"kind":"RGI ice portion outside nominal India side, *source conflict only*","scale":"10m","component":3,"area_km2":0.224905,"bounds_lonlat":[76.948829,35.37323,76.954497,35.391064],"representative_point_lonlat":[76.9538513,35.382135],"centroid_lonlat":[76.951379,35.3822216],"length_perimeter_km":5.068,"vertex_count":83,"not_evidence_of_pakistan_occupation":true},"geometry":{"type":"Polygon","coordinates":[[[76.952137,35.373377],[76.951916,35.373758],[76.951455,35.373765],[76.950994,35.373773],[76.95075,35.373777],[76.950758,35.3741],[76.950662,35.374538],[76.950349,35.374805],[76.950157,35.374969],[76.950104,35.375109],[76.949882,35.37549],[76.949891,35.375868],[76.9499,35.376245],[76.94991,35.376623],[76.949919,35.377],[76.949928,35.377378],[76.950167,35.377751],[76.950407,35.378125],[76.950416,35.378503],[76.950655,35.378876],[76.950895,35.37925],[76.950904,35.379628],[76.951144,35.380002],[76.951383,35.380375],[76.951623,35.380749],[76.951632,35.381127],[76.951871,35.3815],[76.951881,35.381878],[76.951887,35.382155],[76.951911,35.382115],[76.952224,35.381848],[76.952646,35.381666],[76.952789,35.381605],[76.953721,35.382192],[76.953662,35.382294],[76.953599,35.382714],[76.953593,35.382755],[76.953454,35.382725],[76.953006,35.38268],[76.952628,35.382895],[76.95251,35.383263],[76.952455,35.383629],[76.9524,35.383996],[76.952345,35.384363],[76.952177,35.384702],[76.952078,35.384644],[76.951752,35.384387],[76.951466,35.384161],[76.950828,35.384979],[76.950914,35.385012],[76.95126,35.385216],[76.950964,35.385326],[76.950586,35.385541],[76.950274,35.385807],[76.950187,35.385895],[76.949983,35.385735],[76.949902,35.385875],[76.94974,35.386154],[76.949769,35.386166],[76.949913,35.386279],[76.949844,35.386493],[76.949789,35.38686],[76.949734,35.387227],[76.949615,35.387594],[76.949584,35.38769],[76.949452,35.387535],[76.949247,35.387428],[76.949251,35.387585],[76.94926,35.387963],[76.949269,35.38834],[76.949278,35.388718],[76.949287,35.389095],[76.949066,35.389476],[76.949075,35.389854],[76.949084,35.390231],[76.948863,35.390613],[76.948872,35.39099],[76.94882896373359,35.39106419374435],[76.954497,35.38267],[76.950618,35.377786],[76.952197,35.374259],[76.95222189087211,35.37323026555136],[76.952137,35.373377]]]}},{"type":"Feature","properties":{"kind":"RGI ice portion outside nominal India side, *source conflict only*","scale":"10m","component":4,"area_km2":0.183953,"bounds_lonlat":[76.995579,35.300565,77.015161,35.311673],"representative_point_lonlat":[77.0027394,35.306189],"centroid_lonlat":[77.0043925,35.3062195],"length_perimeter_km":4.708,"vertex_count":63,"not_evidence_of_pakistan_occupation":true},"geometry":{"type":"Polygon","coordinates":[[[77.015155,35.300725],[77.015151,35.300565],[77.014869,35.300726],[77.014618,35.301049],[77.014534,35.30112],[77.01454,35.301326],[77.014438,35.301356],[77.013757,35.301745],[77.013296,35.301753],[77.01261,35.301953],[77.012154,35.302149],[77.011694,35.302157],[77.011008,35.302357],[77.010547,35.302365],[77.010087,35.302373],[77.009626,35.30238],[77.00894,35.302581],[77.008254,35.302781],[77.007798,35.302977],[77.00767,35.303198],[77.007701,35.303293],[77.007844,35.303822],[77.007852,35.304149],[77.007743,35.304125],[77.007303,35.304052],[77.007119,35.304025],[77.007047,35.304176],[77.006513,35.304185],[77.006298,35.304189],[77.006219,35.304325],[77.005763,35.304522],[77.005303,35.304529],[77.005312,35.304907],[77.004856,35.305103],[77.004166,35.305115],[77.003715,35.3055],[77.003259,35.305696],[77.002803,35.305892],[77.002347,35.306089],[77.001661,35.306289],[77.00144,35.30667],[77.000984,35.306867],[77.000763,35.307248],[77.000307,35.307444],[77.000086,35.307826],[76.999865,35.308207],[76.999409,35.308403],[76.999188,35.308785],[76.998967,35.309166],[76.998516,35.309551],[76.998295,35.309932],[76.998074,35.310314],[76.997853,35.310695],[76.997393,35.310703],[76.996942,35.311088],[76.996486,35.311284],[76.996025,35.311292],[76.99557900937778,35.3116727237019],[76.998584,35.311291],[77.00382,35.305829],[77.013039,35.302476],[77.0151613482483,35.300994800553106],[77.015155,35.300725]]]}},{"type":"Feature","properties":{"kind":"RGI ice portion outside nominal India side, *source conflict only*","scale":"10m","component":5,"area_km2":0.109059,"bounds_lonlat":[76.993864,35.217712,77.002992,35.228412],"representative_point_lonlat":[76.9967446,35.223111],"centroid_lonlat":[76.9973271,35.222737],"length_perimeter_km":3.159,"vertex_count":46,"not_evidence_of_pakistan_occupation":true},"geometry":{"type":"Polygon","coordinates":[[[76.994058,35.219424],[76.994324,35.219738],[76.994591,35.220052],[76.994858,35.220366],[76.995124,35.220681],[76.995391,35.220995],[76.995657,35.221309],[76.995797,35.221732],[76.995937,35.222154],[76.996077,35.222577],[76.995826,35.2229],[76.995965,35.223322],[76.996105,35.223745],[76.996372,35.224059],[76.996765,35.224265],[76.99742,35.224573],[76.997943,35.224777],[76.998336,35.224982],[76.998856,35.22508],[76.99925,35.225286],[76.99977,35.225384],[77.000163,35.22559],[77.000683,35.225687],[77.001079,35.225999],[77.001475,35.226311],[77.001869,35.226517],[77.002008,35.22694],[77.002275,35.227254],[77.002286,35.227679],[77.002425,35.228101],[77.002689,35.228412],[77.002776,35.228287],[77.00299167619171,35.22836023023454],[77.002348,35.226026],[76.998435,35.224617],[76.99710135458824,35.22222943931339],[76.996962,35.222194],[76.996496,35.222012],[76.996438,35.221998],[76.996437,35.221962],[76.996425,35.221485],[76.996415,35.221087],[76.99637085339153,35.22092165845696],[76.994578,35.217712],[76.99386393503846,35.21912027751372],[76.994058,35.219424]]]}},{"type":"Feature","properties":{"kind":"RGI ice portion outside nominal India side, *source conflict only*","scale":"10m","component":6,"area_km2":0.06249,"bounds_lonlat":[77.000116,35.230147,77.004128,35.238605],"representative_point_lonlat":[77.002569,35.234321],"centroid_lonlat":[77.0026205,35.2339539],"length_perimeter_km":2.14,"vertex_count":34,"not_evidence_of_pakistan_occupation":true},"geometry":{"type":"Polygon","coordinates":[[[77.003175,35.230147],[77.003127,35.23032],[77.003138,35.230745],[77.003019,35.231172],[77.0029,35.231599],[77.00291,35.232023],[77.002791,35.23245],[77.002672,35.232877],[77.002622,35.232963],[77.002659,35.232952],[77.002668,35.233333],[77.002872,35.233727],[77.003002,35.233978],[77.002777,35.233982],[77.002292,35.23399],[77.002225,35.234019],[77.002186,35.23416],[77.001935,35.234482],[77.001816,35.234909],[77.001697,35.235336],[77.001707,35.235761],[77.001718,35.236185],[77.001467,35.236508],[77.001219,35.236937],[77.000968,35.23726],[77.000717,35.237583],[77.000334,35.237801],[77.000116,35.238081],[77.000333,35.238308],[77.00041304784807,35.238604999959676],[77.000708,35.238471],[77.004128,35.232481],[77.00351322667409,35.23025158324791],[77.003175,35.230147]]]}},{"type":"Feature","properties":{"kind":"RGI ice portion outside nominal India side, *source conflict only*","scale":"10m","component":7,"area_km2":0.042815,"bounds_lonlat":[77.015287,35.296707,77.020221,35.300678],"representative_point_lonlat":[77.0172735,35.2987835],"centroid_lonlat":[77.0176623,35.2984477],"length_perimeter_km":1.3,"vertex_count":21,"not_evidence_of_pakistan_occupation":true},"geometry":{"type":"Polygon","coordinates":[[[77.020081,35.296709],[77.019563,35.296718],[77.019045,35.296726],[77.018662,35.296945],[77.018278,35.297164],[77.018027,35.297487],[77.017776,35.29781],[77.017393,35.298028],[77.017142,35.298351],[77.016891,35.298674],[77.016507,35.298893],[77.016256,35.299216],[77.016005,35.299539],[77.015754,35.299861],[77.015503,35.300184],[77.015287,35.300462],[77.015462,35.300577],[77.01561583296176,35.30067761297246],[77.015952,35.300443],[77.0202208161947,35.296706570761096],[77.020081,35.296709]]]}},{"type":"Feature","properties":{"kind":"RGI ice portion outside nominal India side, *source conflict only*","scale":"10m","component":8,"area_km2":0.030297,"bounds_lonlat":[76.99729,35.282253,76.999252,35.285992],"representative_point_lonlat":[76.9981374,35.284021],"centroid_lonlat":[76.9982257,35.284052],"length_perimeter_km":0.984,"vertex_count":20,"not_evidence_of_pakistan_occupation":true},"geometry":{"type":"Polygon","coordinates":[[[76.999029,35.282377],[76.99886,35.282719],[76.998869,35.283107],[76.998461,35.283307],[76.997989,35.283364],[76.997459,35.283421],[76.99729,35.283763],[76.9973,35.28415],[76.997485,35.284486],[76.997613,35.284872],[76.997567,35.285234],[76.997579,35.285272],[76.99759,35.285697],[76.99759695602464,35.28599193544436],[76.998157,35.28509],[76.998602,35.284573],[76.999066,35.283892],[76.999252,35.283324],[76.99915332278196,35.28225339584682],[76.999029,35.282377]]]}},{"type":"Feature","properties":{"kind":"RGI ice portion outside nominal India side, *source conflict only*","scale":"10m","component":9,"area_km2":0.027941,"bounds_lonlat":[76.982791,35.243782,76.988555,35.246941],"representative_point_lonlat":[76.9857057,35.245276],"centroid_lonlat":[76.9856293,35.2453867],"length_perimeter_km":1.297,"vertex_count":22,"not_evidence_of_pakistan_occupation":true},"geometry":{"type":"Polygon","coordinates":[[[76.988473,35.243812],[76.98845,35.243782],[76.988312,35.243841],[76.988061,35.244164],[76.987545,35.244279],[76.987162,35.244498],[76.986647,35.244612],[76.986132,35.244727],[76.98562,35.244948],[76.985237,35.245167],[76.984854,35.245385],[76.98447,35.245604],[76.984219,35.245927],[76.983836,35.246145],[76.983453,35.246364],[76.983202,35.246687],[76.982819,35.246906],[76.982791,35.246941],[76.982885,35.246893],[76.98332287962576,35.24688540122124],[76.98855548806664,35.24411805385473],[76.988473,35.243812]]]}},{"type":"Feature","properties":{"kind":"RGI ice portion outside nominal India side, *source conflict only*","scale":"10m","component":10,"area_km2":0.027607,"bounds_lonlat":[76.985182,35.312111,76.992129,35.315219],"representative_point_lonlat":[76.9866256,35.313674],"centroid_lonlat":[76.9877534,35.3131146],"length_perimeter_km":1.572,"vertex_count":24,"not_evidence_of_pakistan_occupation":true},"geometry":{"type":"Polygon","coordinates":[[[76.991899,35.312115],[76.991208,35.312126],[76.990747,35.312134],[76.990287,35.312142],[76.989826,35.312149],[76.989366,35.312157],[76.988905,35.312164],[76.988445,35.312172],[76.987859,35.312343],[76.987703,35.312509],[76.98742,35.312872],[76.986989,35.313119],[76.986633,35.313483],[76.986584,35.313612],[76.986093,35.313736],[76.985675,35.314021],[76.985342,35.314305],[76.985182,35.314726],[76.985193,35.315144],[76.98519488981222,35.3152186475824],[76.986243,35.31402],[76.989224,35.31248],[76.99212880023727,35.31211100347413],[76.991899,35.312115]]]}},{"type":"Feature","properties":{"kind":"RGI ice portion outside nominal India side, *source conflict only*","scale":"10m","component":11,"area_km2":0.025934,"bounds_lonlat":[76.953635,35.365655,76.956117,35.367641],"representative_point_lonlat":[76.9544901,35.3666145],"centroid_lonlat":[76.9546175,35.3665649],"length_perimeter_km":0.702,"vertex_count":11,"not_evidence_of_pakistan_occupation":true},"geometry":{"type":"Polygon","coordinates":[[[76.95561,35.365768],[76.955042,35.365777],[76.954619,35.3659],[76.954053,35.366026],[76.953635,35.366382],[76.953647,35.366847],[76.953658,35.367313],[76.954087,35.367422],[76.95450653733745,35.36764148018117],[76.9561170903743,35.36565511415696],[76.95561,35.365768]]]}},{"type":"Feature","properties":{"kind":"RGI ice portion outside nominal India side, *source conflict only*","scale":"10m","component":12,"area_km2":0.017038,"bounds_lonlat":[77.040526,35.181579,77.043381,35.18269],"representative_point_lonlat":[77.0423413,35.1820915],"centroid_lonlat":[77.0421462,35.1821573],"length_perimeter_km":0.618,"vertex_count":11,"not_evidence_of_pakistan_occupation":true},"geometry":{"type":"Polygon","coordinates":[[[77.043373,35.182034],[77.042979,35.181801],[77.04249,35.18165],[77.042003,35.181579],[77.041621,35.181824],[77.041241,35.182149],[77.040861,35.182474],[77.04052605237608,35.1826896992552],[77.043298,35.18239],[77.04338090165741,35.18234848596478],[77.043373,35.182034]]]}},{"type":"Feature","properties":{"kind":"RGI ice portion outside nominal India side, *source conflict only*","scale":"10m","component":13,"area_km2":0.016701,"bounds_lonlat":[76.993464,35.239864,76.996158,35.241762],"representative_point_lonlat":[76.9949041,35.2408735],"centroid_lonlat":[76.9950217,35.2406855],"length_perimeter_km":0.688,"vertex_count":14,"not_evidence_of_pakistan_occupation":true},"geometry":{"type":"Polygon","coordinates":[[[76.996081,35.240508],[76.996111,35.24037],[76.996004,35.239973],[76.995653,35.239864],[76.995595,35.239898],[76.995082,35.240119],[76.994699,35.240337],[76.99458,35.240764],[76.994197,35.240983],[76.993814,35.241202],[76.993566,35.241631],[76.99346378863304,35.241762123745666],[76.99615825087909,35.240538000341395],[76.996081,35.240508]]]}},{"type":"Feature","properties":{"kind":"RGI ice portion outside nominal India side, *source conflict only*","scale":"10m","component":14,"area_km2":0.0166,"bounds_lonlat":[76.991646,35.275357,76.99269,35.278346],"representative_point_lonlat":[76.9920115,35.2769785],"centroid_lonlat":[76.9920591,35.277052],"length_perimeter_km":0.771,"vertex_count":16,"not_evidence_of_pakistan_occupation":true},"geometry":{"type":"Polygon","coordinates":[[[76.99193,35.27548],[76.991727,35.275729],[76.991646,35.275719],[76.99165,35.275917],[76.991661,35.276341],[76.991671,35.276766],[76.991682,35.277191],[76.991692,35.277615],[76.991959,35.27793],[76.992085,35.278312],[76.992183,35.278173],[76.992441,35.278346],[76.99268961498218,35.27834163833365],[76.992016,35.275666],[76.99213611967559,35.275356900749294],[76.99193,35.27548]]]}},{"type":"Feature","properties":{"kind":"RGI ice portion outside nominal India side, *source conflict only*","scale":"10m","component":15,"area_km2":0.010858,"bounds_lonlat":[77.003304,35.199529,77.005945,35.202166],"representative_point_lonlat":[77.0046492,35.2009455],"centroid_lonlat":[77.0046108,35.2009462],"length_perimeter_km":0.767,"vertex_count":12,"not_evidence_of_pakistan_occupation":true},"geometry":{"type":"Polygon","coordinates":[[[77.005598,35.199826],[77.005218,35.200151],[77.004837,35.200476],[77.004457,35.200801],[77.004077,35.201126],[77.003826,35.201449],[77.003575,35.201772],[77.003324,35.202094],[77.00330390316702,35.202166112165386],[77.004915,35.20109],[77.0059454970811,35.19952879854905],[77.005598,35.199826]]]}},{"type":"Feature","properties":{"kind":"RGI ice portion outside nominal India side, *source conflict only*","scale":"10m","component":16,"area_km2":0.009778,"bounds_lonlat":[77.068063,35.171802,77.078223,35.175539],"representative_point_lonlat":[77.0729316,35.173667],"centroid_lonlat":[77.0731713,35.1735987],"length_perimeter_km":2.031,"vertex_count":26,"not_evidence_of_pakistan_occupation":true},"geometry":{"type":"Polygon","coordinates":[[[77.077976,35.171857],[77.077449,35.172011],[77.07704,35.172164],[77.076631,35.172316],[77.076221,35.172468],[77.075754,35.17267],[77.075285,35.172775],[77.074817,35.172928],[77.074349,35.173082],[77.073882,35.173284],[77.073473,35.173436],[77.072946,35.17359],[77.072478,35.173744],[77.071952,35.173946],[77.071542,35.174099],[77.071133,35.174251],[77.070607,35.174454],[77.070201,35.174703],[77.069791,35.174855],[77.069323,35.175009],[77.068915,35.17521],[77.068506,35.175362],[77.068097,35.175514],[77.0680625013236,35.175538585263645],[77.07822280661604,35.17180174478746],[77.077976,35.171857]]]}},{"type":"Feature","properties":{"kind":"RGI ice portion outside nominal India side, *source conflict only*","scale":"10m","component":17,"area_km2":0.003581,"bounds_lonlat":[76.976154,35.256488,76.976671,35.258574],"representative_point_lonlat":[76.9762738,35.2573705],"centroid_lonlat":[76.9763386,35.2576901],"length_perimeter_km":0.481,"vertex_count":8,"not_evidence_of_pakistan_occupation":true},"geometry":{"type":"Polygon","coordinates":[[[76.97616,35.256733],[76.97617,35.257158],[76.97618,35.257583],[76.976191,35.258007],[76.976457,35.258322],[76.97667132827206,35.25857405646977],[76.97615363751545,35.25648775514097],[76.97616,35.256733]]]}},{"type":"Feature","properties":{"kind":"RGI ice portion outside nominal India side, *source conflict only*","scale":"10m","component":18,"area_km2":0.003375,"bounds_lonlat":[76.999054,35.289048,77.001851,35.290196],"representative_point_lonlat":[77.000514,35.289635],"centroid_lonlat":[77.0004832,35.2896203],"length_perimeter_km":0.576,"vertex_count":11,"not_evidence_of_pakistan_occupation":true},"geometry":{"type":"Polygon","coordinates":[[[76.999097,35.28907],[76.999491,35.289276],[77.000017,35.289586],[77.000538,35.289684],[77.000931,35.28989],[77.001452,35.289987],[77.001846,35.290193],[77.00185121761064,35.29019573493077],[77.001406,35.289862],[76.99905401486151,35.28904757772674],[76.999097,35.28907]]]}},{"type":"Feature","properties":{"kind":"RGI ice portion outside nominal India side, *source conflict only*","scale":"10m","component":19,"area_km2":0.003041,"bounds_lonlat":[77.06515,35.175778,77.067294,35.176183],"representative_point_lonlat":[77.0663424,35.1760155],"centroid_lonlat":[77.0663767,35.1759953],"length_perimeter_km":0.406,"vertex_count":9,"not_evidence_of_pakistan_occupation":true},"geometry":{"type":"Polygon","coordinates":[[[77.067064,35.175778],[77.066593,35.175835],[77.066124,35.175939],[77.065714,35.176092],[77.065244,35.176148],[77.06515008698187,35.17618304558969],[77.06643,35.176139],[77.06729408160224,35.175821200975946],[77.067064,35.175778]]]}},{"type":"Feature","properties":{"kind":"RGI ice portion outside nominal India side, *source conflict only*","scale":"10m","component":20,"area_km2":0.002098,"bounds_lonlat":[76.9785,35.248645,76.979982,35.249421],"representative_point_lonlat":[76.9790462,35.2490261],"centroid_lonlat":[76.9790939,35.2490227],"length_perimeter_km":0.329,"vertex_count":6,"not_evidence_of_pakistan_occupation":true},"geometry":{"type":"Polygon","coordinates":[[[76.979745,35.248702],[76.979025,35.24893],[76.9786515275942,35.24912215757653],[76.9785,35.249421],[76.97998225666613,35.24864474951378],[76.979745,35.248702]]]}},{"type":"Feature","properties":{"kind":"RGI ice portion outside nominal India side, *source conflict only*","scale":"10m","component":21,"area_km2":0.001615,"bounds_lonlat":[76.952955,35.368734,76.953621,35.369541],"representative_point_lonlat":[76.9530902,35.3692265],"centroid_lonlat":[76.9531823,35.3691124],"length_perimeter_km":0.232,"vertex_count":7,"not_evidence_of_pakistan_occupation":true},"geometry":{"type":"Polygon","coordinates":[[[76.953402,35.368828],[76.953308,35.368908],[76.952955,35.369055],[76.952963,35.369398],[76.95296641338517,35.36954098291214],[76.95362076832521,35.36873393813255],[76.953402,35.368828]]]}},{"type":"Feature","properties":{"kind":"RGI ice portion outside nominal India side, *source conflict only*","scale":"10m","component":22,"area_km2":0.001539,"bounds_lonlat":[76.975603,35.254849,76.976093,35.256242],"representative_point_lonlat":[76.9758056,35.2553595],"centroid_lonlat":[76.9758392,35.2554889],"length_perimeter_km":0.327,"vertex_count":7,"not_evidence_of_pakistan_occupation":true},"geometry":{"type":"Polygon","coordinates":[[[76.975603,35.255149],[76.975872,35.25557],[76.975883,35.255994],[76.97609275372326,35.25624239256701],[76.975747,35.254849],[76.97560263993961,35.25513369743288],[76.975603,35.255149]]]}},{"type":"Feature","properties":{"kind":"RGI ice portion outside nominal India side, *source conflict only*","scale":"10m","component":23,"area_km2":0.000998,"bounds_lonlat":[77.035258,35.18303,77.036243,35.183259],"representative_point_lonlat":[77.0358797,35.1831289],"centroid_lonlat":[77.0357763,35.1831433],"length_perimeter_km":0.191,"vertex_count":6,"not_evidence_of_pakistan_occupation":true},"geometry":{"type":"Polygon","coordinates":[[[77.036212,35.183105],[77.035779,35.18303],[77.035352,35.183201],[77.03525841797844,35.18325922881341],[77.03624271131726,35.18315280833923],[77.036212,35.183105]]]}},{"type":"Feature","properties":{"kind":"RGI ice portion outside nominal India side, *source conflict only*","scale":"10m","component":24,"area_km2":0.000794,"bounds_lonlat":[76.992442,35.311894,76.993835,35.312071],"representative_point_lonlat":[76.9928507,35.3119911],"centroid_lonlat":[76.9930312,35.3119587],"length_perimeter_km":0.259,"vertex_count":6,"not_evidence_of_pakistan_occupation":true},"geometry":{"type":"Polygon","coordinates":[[[76.993736,35.311896],[76.993276,35.311903],[76.992815,35.311911],[76.99244235280135,35.31207117291872],[76.99383484562249,35.311894284674665],[76.993736,35.311896]]]}},{"type":"Feature","properties":{"kind":"RGI ice portion outside nominal India side, *source conflict only*","scale":"10m","component":25,"area_km2":0.000604,"bounds_lonlat":[76.994328,35.311677,76.995541,35.311832],"representative_point_lonlat":[76.9946842,35.3117618],"centroid_lonlat":[76.9948418,35.3117335],"length_perimeter_km":0.226,"vertex_count":5,"not_evidence_of_pakistan_occupation":true},"geometry":{"type":"Polygon","coordinates":[[[76.995113,35.311684],[76.994653,35.311692],[76.99432817723635,35.31183161680192],[76.99554145549705,35.31167749416816],[76.995113,35.311684]]]}},{"type":"Feature","properties":{"kind":"RGI ice portion outside nominal India side, *source conflict only*","scale":"10m","component":26,"area_km2":0.000407,"bounds_lonlat":[76.980557,35.248064,76.981091,35.248326],"representative_point_lonlat":[76.9806503,35.2482547],"centroid_lonlat":[76.9807463,35.248191],"length_perimeter_km":0.121,"vertex_count":5,"not_evidence_of_pakistan_occupation":true},"geometry":{"type":"Polygon","coordinates":[[[76.980906,35.248105],[76.980557,35.248183],[76.9805900982772,35.24832642586788],[76.9810911904139,35.24806400639382],[76.980906,35.248105]]]}},{"type":"Feature","properties":{"kind":"RGI ice portion outside nominal India side, *source conflict only*","scale":"10m","component":27,"area_km2":0.000329,"bounds_lonlat":[77.007596,35.196426,77.007993,35.197023],"representative_point_lonlat":[77.0077618,35.196723],"centroid_lonlat":[77.0077379,35.1967614],"length_perimeter_km":0.153,"vertex_count":5,"not_evidence_of_pakistan_occupation":true},"geometry":{"type":"Polygon","coordinates":[[[77.007856,35.196567],[77.007596,35.196879],[77.0075995485445,35.1970229131934],[77.00799333568982,35.19642632628995],[77.007856,35.196567]]]}},{"type":"Feature","properties":{"kind":"RGI ice portion outside nominal India side, *source conflict only*","scale":"10m","component":28,"area_km2":1.6e-05,"bounds_lonlat":[77.021604,35.295439,77.021661,35.295495],"representative_point_lonlat":[77.021619,35.2954703],"centroid_lonlat":[77.0216235,35.29546],"length_perimeter_km":0.019,"vertex_count":4,"not_evidence_of_pakistan_occupation":true},"geometry":{"type":"Polygon","coordinates":[[[77.021605472071,35.29549460274324],[77.021661,35.295446],[77.02160404538134,35.29543948064252],[77.021605472071,35.29549460274324]]]}},{"type":"Feature","properties":{"kind":"RGI ice portion outside nominal India side, *source conflict only*","scale":"10m","component":29,"area_km2":1.3e-05,"bounds_lonlat":[76.95684,35.364671,76.956915,35.364764],"representative_point_lonlat":[76.9568586,35.364732],"centroid_lonlat":[76.9568729,35.3647116],"length_perimeter_km":0.026,"vertex_count":4,"not_evidence_of_pakistan_occupation":true},"geometry":{"type":"Polygon","coordinates":[[[76.956864,35.3647],[76.95683952946354,35.36476409819625],[76.9569152415949,35.36467071908863],[76.956864,35.3647]]]}},{"type":"Feature","properties":{"kind":"RGI ice portion outside nominal India side, *source conflict only*","scale":"10m","component":30,"area_km2":1.2e-05,"bounds_lonlat":[77.04909,35.179354,77.04936,35.17949],"representative_point_lonlat":[77.0492051,35.1794299],"centroid_lonlat":[77.0492541,35.1794046],"length_perimeter_km":0.058,"vertex_count":4,"not_evidence_of_pakistan_occupation":true},"geometry":{"type":"Polygon","coordinates":[[[77.049312,35.17937],[77.04908976462653,35.17948970188571],[77.04936040538443,35.17935417516278],[77.049312,35.17937]]]}},{"type":"Feature","properties":{"kind":"RGI ice portion outside nominal India side, *source conflict only*","scale":"10m","component":31,"area_km2":1.1e-05,"bounds_lonlat":[77.052001,35.177327,77.052069,35.177382],"representative_point_lonlat":[77.0520161,35.1773619],"centroid_lonlat":[77.0520274,35.1773502],"length_perimeter_km":0.019,"vertex_count":4,"not_evidence_of_pakistan_occupation":true},"geometry":{"type":"Polygon","coordinates":[[[77.052012,35.177342],[77.05200100070535,35.17738173619064],[77.05206918894682,35.17732692291403],[77.052012,35.177342]]]}},{"type":"Feature","properties":{"kind":"RGI ice portion outside nominal India side, *source conflict only*","scale":"50m","component":1,"area_km2":0.432365,"bounds_lonlat":[76.978169,35.315225,76.990134,35.344587],"representative_point_lonlat":[76.9887946,35.3299235],"centroid_lonlat":[76.9858216,35.3325487],"length_perimeter_km":7.98,"vertex_count":100,"not_evidence_of_pakistan_occupation":true},"geometry":{"type":"Polygon","coordinates":[[[76.985111,35.315255],[76.984825,35.315539],[76.984491,35.315824],[76.984256,35.316147],[76.984071,35.31655],[76.983934,35.316911],[76.983845,35.317272],[76.983708,35.317633],[76.983472,35.317956],[76.983384,35.318317],[76.983393,35.318716],[76.983403,35.319115],[76.983413,35.319514],[76.983471,35.319912],[76.983484,35.31999],[76.98344,35.320037],[76.983305,35.320129],[76.983342,35.320186],[76.983803,35.320179],[76.984268,35.32036],[76.984733,35.320541],[76.985203,35.320911],[76.985668,35.321092],[76.985908,35.321466],[76.986373,35.321647],[76.986833,35.32164],[76.987073,35.322013],[76.987312,35.322387],[76.987322,35.322765],[76.987331,35.323142],[76.98734,35.323519],[76.98758,35.323893],[76.987819,35.324267],[76.987829,35.324644],[76.987838,35.325022],[76.988077,35.325396],[76.988317,35.325769],[76.988556,35.326143],[76.988796,35.326517],[76.989036,35.32689],[76.989045,35.327268],[76.989054,35.327645],[76.989063,35.328023],[76.989073,35.3284],[76.989082,35.328778],[76.989091,35.329155],[76.98887,35.329537],[76.988414,35.329733],[76.988193,35.330114],[76.987742,35.330499],[76.98752,35.330881],[76.987069,35.331266],[76.986848,35.331647],[76.986392,35.331843],[76.985936,35.33204],[76.985715,35.332421],[76.985259,35.332617],[76.985268,35.332995],[76.985047,35.333376],[76.984826,35.333757],[76.984609,35.334327],[76.984388,35.334709],[76.984397,35.335086],[76.984407,35.335464],[76.983955,35.335849],[76.983734,35.33623],[76.983513,35.336611],[76.983292,35.336993],[76.983301,35.33737],[76.98308,35.337751],[76.982624,35.337948],[76.982403,35.338329],[76.982412,35.338706],[76.981956,35.338903],[76.981965,35.33928],[76.981824,35.339283],[76.981798,35.339427],[76.981809,35.339845],[76.981907,35.340072],[76.981593,35.339968],[76.981382,35.339835],[76.981067,35.340239],[76.980846,35.34062],[76.980624,35.341002],[76.980408,35.341572],[76.980187,35.341953],[76.979735,35.342338],[76.979514,35.342719],[76.979063,35.343104],[76.979072,35.343482],[76.978616,35.343678],[76.978169,35.344252],[76.97817700067188,35.34458713925532],[76.987096,35.336409],[76.990134,35.327411],[76.98809,35.321343],[76.983485,35.319817],[76.984203,35.316353],[76.98518912799558,35.31522523695407],[76.985111,35.315255]]]}},{"type":"Feature","properties":{"kind":"RGI ice portion outside nominal India side, *source conflict only*","scale":"50m","component":2,"area_km2":0.258292,"bounds_lonlat":[76.977736,35.345076,76.986709,35.359529],"representative_point_lonlat":[76.985035,35.352365],"centroid_lonlat":[76.983197,35.3520696],"length_perimeter_km":3.933,"vertex_count":51,"not_evidence_of_pakistan_occupation":true},"geometry":{"type":"Polygon","coordinates":[[[76.977736,35.345392],[76.977745,35.345769],[76.977754,35.346147],[76.977994,35.346521],[76.978238,35.347083],[76.978477,35.347457],[76.978655,35.347734],[76.978945,35.348019],[76.97939,35.348311],[76.979904,35.348481],[76.980349,35.348773],[76.980791,35.348945],[76.980974,35.348967],[76.981241,35.349092],[76.98164,35.349406],[76.982037,35.34964],[76.982243,35.349843],[76.982412,35.349895],[76.982855,35.350087],[76.983299,35.35028],[76.983645,35.350514],[76.983992,35.350747],[76.98434,35.351021],[76.984397,35.351379],[76.984406,35.351733],[76.984436,35.351764],[76.984446,35.352165],[76.984456,35.352565],[76.984465,35.352966],[76.984377,35.353368],[76.984387,35.353768],[76.984299,35.35417],[76.984211,35.354573],[76.984123,35.354975],[76.983938,35.355378],[76.9839,35.355551],[76.983979,35.355675],[76.983988,35.356052],[76.983998,35.35643],[76.984007,35.356807],[76.983786,35.357189],[76.983565,35.35757],[76.983578,35.358136],[76.983588,35.358514],[76.983597,35.358891],[76.983606,35.359269],[76.98361219990922,35.35952870730836],[76.986709,35.356452],[76.98507,35.350306],[76.97791924850192,35.3450760828994],[76.977736,35.345392]]]}},{"type":"Feature","properties":{"kind":"RGI ice portion outside nominal India side, *source conflict only*","scale":"50m","component":3,"area_km2":0.224905,"bounds_lonlat":[76.948829,35.37323,76.954497,35.391064],"representative_point_lonlat":[76.9538513,35.382135],"centroid_lonlat":[76.951379,35.3822216],"length_perimeter_km":5.068,"vertex_count":83,"not_evidence_of_pakistan_occupation":true},"geometry":{"type":"Polygon","coordinates":[[[76.952137,35.373377],[76.951916,35.373758],[76.951455,35.373765],[76.950994,35.373773],[76.95075,35.373777],[76.950758,35.3741],[76.950662,35.374538],[76.950349,35.374805],[76.950157,35.374969],[76.950104,35.375109],[76.949882,35.37549],[76.949891,35.375868],[76.9499,35.376245],[76.94991,35.376623],[76.949919,35.377],[76.949928,35.377378],[76.950167,35.377751],[76.950407,35.378125],[76.950416,35.378503],[76.950655,35.378876],[76.950895,35.37925],[76.950904,35.379628],[76.951144,35.380002],[76.951383,35.380375],[76.951623,35.380749],[76.951632,35.381127],[76.951871,35.3815],[76.951881,35.381878],[76.951887,35.382155],[76.951911,35.382115],[76.952224,35.381848],[76.952646,35.381666],[76.952789,35.381605],[76.953721,35.382192],[76.953662,35.382294],[76.953599,35.382714],[76.953593,35.382755],[76.953454,35.382725],[76.953006,35.38268],[76.952628,35.382895],[76.95251,35.383263],[76.952455,35.383629],[76.9524,35.383996],[76.952345,35.384363],[76.952177,35.384702],[76.952078,35.384644],[76.951752,35.384387],[76.951466,35.384161],[76.950828,35.384979],[76.950914,35.385012],[76.95126,35.385216],[76.950964,35.385326],[76.950586,35.385541],[76.950274,35.385807],[76.950187,35.385895],[76.949983,35.385735],[76.949902,35.385875],[76.94974,35.386154],[76.949769,35.386166],[76.949913,35.386279],[76.949844,35.386493],[76.949789,35.38686],[76.949734,35.387227],[76.949615,35.387594],[76.949584,35.38769],[76.949452,35.387535],[76.949247,35.387428],[76.949251,35.387585],[76.94926,35.387963],[76.949269,35.38834],[76.949278,35.388718],[76.949287,35.389095],[76.949066,35.389476],[76.949075,35.389854],[76.949084,35.390231],[76.948863,35.390613],[76.948872,35.39099],[76.94882896373359,35.39106419374435],[76.954497,35.38267],[76.950618,35.377786],[76.952197,35.374259],[76.95222189087211,35.37323026555136],[76.952137,35.373377]]]}},{"type":"Feature","properties":{"kind":"RGI ice portion outside nominal India side, *source conflict only*","scale":"50m","component":4,"area_km2":0.183953,"bounds_lonlat":[76.995579,35.300565,77.015161,35.311673],"representative_point_lonlat":[77.0027394,35.306189],"centroid_lonlat":[77.0043925,35.3062195],"length_perimeter_km":4.708,"vertex_count":63,"not_evidence_of_pakistan_occupation":true},"geometry":{"type":"Polygon","coordinates":[[[77.015155,35.300725],[77.015151,35.300565],[77.014869,35.300726],[77.014618,35.301049],[77.014534,35.30112],[77.01454,35.301326],[77.014438,35.301356],[77.013757,35.301745],[77.013296,35.301753],[77.01261,35.301953],[77.012154,35.302149],[77.011694,35.302157],[77.011008,35.302357],[77.010547,35.302365],[77.010087,35.302373],[77.009626,35.30238],[77.00894,35.302581],[77.008254,35.302781],[77.007798,35.302977],[77.00767,35.303198],[77.007701,35.303293],[77.007844,35.303822],[77.007852,35.304149],[77.007743,35.304125],[77.007303,35.304052],[77.007119,35.304025],[77.007047,35.304176],[77.006513,35.304185],[77.006298,35.304189],[77.006219,35.304325],[77.005763,35.304522],[77.005303,35.304529],[77.005312,35.304907],[77.004856,35.305103],[77.004166,35.305115],[77.003715,35.3055],[77.003259,35.305696],[77.002803,35.305892],[77.002347,35.306089],[77.001661,35.306289],[77.00144,35.30667],[77.000984,35.306867],[77.000763,35.307248],[77.000307,35.307444],[77.000086,35.307826],[76.999865,35.308207],[76.999409,35.308403],[76.999188,35.308785],[76.998967,35.309166],[76.998516,35.309551],[76.998295,35.309932],[76.998074,35.310314],[76.997853,35.310695],[76.997393,35.310703],[76.996942,35.311088],[76.996486,35.311284],[76.996025,35.311292],[76.99557900937778,35.3116727237019],[76.998584,35.311291],[77.00382,35.305829],[77.013039,35.302476],[77.0151613482483,35.300994800553106],[77.015155,35.300725]]]}},{"type":"Feature","properties":{"kind":"RGI ice portion outside nominal India side, *source conflict only*","scale":"50m","component":5,"area_km2":0.121862,"bounds_lonlat":[76.993321,35.216951,77.002992,35.228412],"representative_point_lonlat":[76.9966685,35.2227385],"centroid_lonlat":[76.9969716,35.2222401],"length_perimeter_km":3.364,"vertex_count":52,"not_evidence_of_pakistan_occupation":true},"geometry":{"type":"Polygon","coordinates":[[[76.993382,35.218266],[76.993649,35.218581],[76.993789,35.219003],[76.994058,35.219424],[76.994324,35.219738],[76.994591,35.220052],[76.994858,35.220366],[76.995124,35.220681],[76.995391,35.220995],[76.995657,35.221309],[76.995797,35.221732],[76.995937,35.222154],[76.996077,35.222577],[76.995826,35.2229],[76.995965,35.223322],[76.996105,35.223745],[76.996372,35.224059],[76.996765,35.224265],[76.99742,35.224573],[76.997943,35.224777],[76.998336,35.224982],[76.998856,35.22508],[76.99925,35.225286],[76.99977,35.225384],[77.000163,35.22559],[77.000683,35.225687],[77.001079,35.225999],[77.001475,35.226311],[77.001869,35.226517],[77.002008,35.22694],[77.002275,35.227254],[77.002286,35.227679],[77.002425,35.228101],[77.002689,35.228412],[77.002776,35.228287],[77.00299167619171,35.22836023023454],[77.002348,35.226026],[76.998435,35.224617],[76.99710110647251,35.222229376215],[76.996962,35.222194],[76.996496,35.222012],[76.996438,35.221998],[76.996437,35.221962],[76.996425,35.221485],[76.996415,35.221087],[76.9963711549913,35.220922788033455],[76.99444215924741,35.217469951638066],[76.994286,35.217378],[76.993963,35.217187],[76.99395666296334,35.21695071906193],[76.9933213560398,35.21819441276878],[76.993382,35.218266]]]}},{"type":"Feature","properties":{"kind":"RGI ice portion outside nominal India side, *source conflict only*","scale":"50m","component":6,"area_km2":0.06249,"bounds_lonlat":[77.000116,35.230147,77.004128,35.238605],"representative_point_lonlat":[77.002569,35.234321],"centroid_lonlat":[77.0026205,35.2339539],"length_perimeter_km":2.14,"vertex_count":34,"not_evidence_of_pakistan_occupation":true},"geometry":{"type":"Polygon","coordinates":[[[77.003175,35.230147],[77.003127,35.23032],[77.003138,35.230745],[77.003019,35.231172],[77.0029,35.231599],[77.00291,35.232023],[77.002791,35.23245],[77.002672,35.232877],[77.002622,35.232963],[77.002659,35.232952],[77.002668,35.233333],[77.002872,35.233727],[77.003002,35.233978],[77.002777,35.233982],[77.002292,35.23399],[77.002225,35.234019],[77.002186,35.23416],[77.001935,35.234482],[77.001816,35.234909],[77.001697,35.235336],[77.001707,35.235761],[77.001718,35.236185],[77.001467,35.236508],[77.001219,35.236937],[77.000968,35.23726],[77.000717,35.237583],[77.000334,35.237801],[77.000116,35.238081],[77.000333,35.238308],[77.00041304784807,35.238604999959676],[77.000708,35.238471],[77.004128,35.232481],[77.00351322667409,35.23025158324791],[77.003175,35.230147]]]}},{"type":"Feature","properties":{"kind":"RGI ice portion outside nominal India side, *source conflict only*","scale":"50m","component":7,"area_km2":0.042815,"bounds_lonlat":[77.015287,35.296707,77.020221,35.300678],"representative_point_lonlat":[77.0172735,35.2987835],"centroid_lonlat":[77.0176623,35.2984477],"length_perimeter_km":1.3,"vertex_count":21,"not_evidence_of_pakistan_occupation":true},"geometry":{"type":"Polygon","coordinates":[[[77.020081,35.296709],[77.019563,35.296718],[77.019045,35.296726],[77.018662,35.296945],[77.018278,35.297164],[77.018027,35.297487],[77.017776,35.29781],[77.017393,35.298028],[77.017142,35.298351],[77.016891,35.298674],[77.016507,35.298893],[77.016256,35.299216],[77.016005,35.299539],[77.015754,35.299861],[77.015503,35.300184],[77.015287,35.300462],[77.015462,35.300577],[77.01561583296176,35.30067761297246],[77.015952,35.300443],[77.0202208161947,35.296706570761096],[77.020081,35.296709]]]}},{"type":"Feature","properties":{"kind":"RGI ice portion outside nominal India side, *source conflict only*","scale":"50m","component":8,"area_km2":0.030297,"bounds_lonlat":[76.99729,35.282253,76.999252,35.285992],"representative_point_lonlat":[76.9981374,35.284021],"centroid_lonlat":[76.9982257,35.284052],"length_perimeter_km":0.984,"vertex_count":20,"not_evidence_of_pakistan_occupation":true},"geometry":{"type":"Polygon","coordinates":[[[76.999029,35.282377],[76.99886,35.282719],[76.998869,35.283107],[76.998461,35.283307],[76.997989,35.283364],[76.997459,35.283421],[76.99729,35.283763],[76.9973,35.28415],[76.997485,35.284486],[76.997613,35.284872],[76.997567,35.285234],[76.997579,35.285272],[76.99759,35.285697],[76.99759695602464,35.28599193544436],[76.998157,35.28509],[76.998602,35.284573],[76.999066,35.283892],[76.999252,35.283324],[76.99915332278196,35.28225339584682],[76.999029,35.282377]]]}},{"type":"Feature","properties":{"kind":"RGI ice portion outside nominal India side, *source conflict only*","scale":"50m","component":9,"area_km2":0.027941,"bounds_lonlat":[76.982791,35.243782,76.988555,35.246941],"representative_point_lonlat":[76.9857057,35.245276],"centroid_lonlat":[76.9856293,35.2453867],"length_perimeter_km":1.297,"vertex_count":22,"not_evidence_of_pakistan_occupation":true},"geometry":{"type":"Polygon","coordinates":[[[76.988473,35.243812],[76.98845,35.243782],[76.988312,35.243841],[76.988061,35.244164],[76.987545,35.244279],[76.987162,35.244498],[76.986647,35.244612],[76.986132,35.244727],[76.98562,35.244948],[76.985237,35.245167],[76.984854,35.245385],[76.98447,35.245604],[76.984219,35.245927],[76.983836,35.246145],[76.983453,35.246364],[76.983202,35.246687],[76.982819,35.246906],[76.982791,35.246941],[76.982885,35.246893],[76.98332287962576,35.24688540122124],[76.98855548806664,35.24411805385473],[76.988473,35.243812]]]}},{"type":"Feature","properties":{"kind":"RGI ice portion outside nominal India side, *source conflict only*","scale":"50m","component":10,"area_km2":0.027607,"bounds_lonlat":[76.985182,35.312111,76.992129,35.315219],"representative_point_lonlat":[76.9866256,35.313674],"centroid_lonlat":[76.9877534,35.3131146],"length_perimeter_km":1.572,"vertex_count":24,"not_evidence_of_pakistan_occupation":true},"geometry":{"type":"Polygon","coordinates":[[[76.991899,35.312115],[76.991208,35.312126],[76.990747,35.312134],[76.990287,35.312142],[76.989826,35.312149],[76.989366,35.312157],[76.988905,35.312164],[76.988445,35.312172],[76.987859,35.312343],[76.987703,35.312509],[76.98742,35.312872],[76.986989,35.313119],[76.986633,35.313483],[76.986584,35.313612],[76.986093,35.313736],[76.985675,35.314021],[76.985342,35.314305],[76.985182,35.314726],[76.985193,35.315144],[76.98519488981222,35.3152186475824],[76.986243,35.31402],[76.989224,35.31248],[76.99212880023727,35.31211100347413],[76.991899,35.312115]]]}},{"type":"Feature","properties":{"kind":"RGI ice portion outside nominal India side, *source conflict only*","scale":"50m","component":11,"area_km2":0.025934,"bounds_lonlat":[76.953635,35.365655,76.956117,35.367641],"representative_point_lonlat":[76.9544901,35.3666145],"centroid_lonlat":[76.9546175,35.3665649],"length_perimeter_km":0.702,"vertex_count":11,"not_evidence_of_pakistan_occupation":true},"geometry":{"type":"Polygon","coordinates":[[[76.95561,35.365768],[76.955042,35.365777],[76.954619,35.3659],[76.954053,35.366026],[76.953635,35.366382],[76.953647,35.366847],[76.953658,35.367313],[76.954087,35.367422],[76.95450653733745,35.36764148018117],[76.9561170903743,35.36565511415696],[76.95561,35.365768]]]}},{"type":"Feature","properties":{"kind":"RGI ice portion outside nominal India side, *source conflict only*","scale":"50m","component":12,"area_km2":0.017038,"bounds_lonlat":[77.040526,35.181579,77.043381,35.18269],"representative_point_lonlat":[77.0423413,35.1820915],"centroid_lonlat":[77.0421462,35.1821573],"length_perimeter_km":0.618,"vertex_count":11,"not_evidence_of_pakistan_occupation":true},"geometry":{"type":"Polygon","coordinates":[[[77.043373,35.182034],[77.042979,35.181801],[77.04249,35.18165],[77.042003,35.181579],[77.041621,35.181824],[77.041241,35.182149],[77.040861,35.182474],[77.04052605237608,35.1826896992552],[77.043298,35.18239],[77.04338090165741,35.18234848596478],[77.043373,35.182034]]]}},{"type":"Feature","properties":{"kind":"RGI ice portion outside nominal India side, *source conflict only*","scale":"50m","component":13,"area_km2":0.016701,"bounds_lonlat":[76.993464,35.239864,76.996158,35.241762],"representative_point_lonlat":[76.9949041,35.2408735],"centroid_lonlat":[76.9950217,35.2406855],"length_perimeter_km":0.688,"vertex_count":14,"not_evidence_of_pakistan_occupation":true},"geometry":{"type":"Polygon","coordinates":[[[76.996081,35.240508],[76.996111,35.24037],[76.996004,35.239973],[76.995653,35.239864],[76.995595,35.239898],[76.995082,35.240119],[76.994699,35.240337],[76.99458,35.240764],[76.994197,35.240983],[76.993814,35.241202],[76.993566,35.241631],[76.99346378863304,35.241762123745666],[76.99615825087909,35.240538000341395],[76.996081,35.240508]]]}},{"type":"Feature","properties":{"kind":"RGI ice portion outside nominal India side, *source conflict only*","scale":"50m","component":14,"area_km2":0.0166,"bounds_lonlat":[76.991646,35.275357,76.99269,35.278346],"representative_point_lonlat":[76.9920115,35.2769785],"centroid_lonlat":[76.9920591,35.277052],"length_perimeter_km":0.771,"vertex_count":16,"not_evidence_of_pakistan_occupation":true},"geometry":{"type":"Polygon","coordinates":[[[76.99193,35.27548],[76.991727,35.275729],[76.991646,35.275719],[76.99165,35.275917],[76.991661,35.276341],[76.991671,35.276766],[76.991682,35.277191],[76.991692,35.277615],[76.991959,35.27793],[76.992085,35.278312],[76.992183,35.278173],[76.992441,35.278346],[76.99268961498218,35.27834163833365],[76.992016,35.275666],[76.99213611967559,35.275356900749294],[76.99193,35.27548]]]}},{"type":"Feature","properties":{"kind":"RGI ice portion outside nominal India side, *source conflict only*","scale":"50m","component":15,"area_km2":0.010857,"bounds_lonlat":[77.003304,35.199529,77.005945,35.202166],"representative_point_lonlat":[77.0046492,35.2009455],"centroid_lonlat":[77.0046109,35.2009462],"length_perimeter_km":0.767,"vertex_count":12,"not_evidence_of_pakistan_occupation":true},"geometry":{"type":"Polygon","coordinates":[[[77.005598,35.199826],[77.005218,35.200151],[77.004837,35.200476],[77.004457,35.200801],[77.004077,35.201126],[77.003826,35.201449],[77.003575,35.201772],[77.003324,35.202094],[77.00330392574699,35.20216603114315],[77.004915,35.20109],[77.0059454970811,35.19952879854905],[77.005598,35.199826]]]}},{"type":"Feature","properties":{"kind":"RGI ice portion outside nominal India side, *source conflict only*","scale":"50m","component":16,"area_km2":0.009778,"bounds_lonlat":[77.068063,35.171802,77.078223,35.175539],"representative_point_lonlat":[77.0729316,35.173667],"centroid_lonlat":[77.0731713,35.1735987],"length_perimeter_km":2.031,"vertex_count":26,"not_evidence_of_pakistan_occupation":true},"geometry":{"type":"Polygon","coordinates":[[[77.077976,35.171857],[77.077449,35.172011],[77.07704,35.172164],[77.076631,35.172316],[77.076221,35.172468],[77.075754,35.17267],[77.075285,35.172775],[77.074817,35.172928],[77.074349,35.173082],[77.073882,35.173284],[77.073473,35.173436],[77.072946,35.17359],[77.072478,35.173744],[77.071952,35.173946],[77.071542,35.174099],[77.071133,35.174251],[77.070607,35.174454],[77.070201,35.174703],[77.069791,35.174855],[77.069323,35.175009],[77.068915,35.17521],[77.068506,35.175362],[77.068097,35.175514],[77.0680625013236,35.175538585263645],[77.07822280661604,35.17180174478746],[77.077976,35.171857]]]}},{"type":"Feature","properties":{"kind":"RGI ice portion outside nominal India side, *source conflict only*","scale":"50m","component":17,"area_km2":0.006244,"bounds_lonlat":[76.976959,35.248645,76.979982,35.250228],"representative_point_lonlat":[76.9781659,35.249483],"centroid_lonlat":[76.9782076,35.2494515],"length_perimeter_km":0.684,"vertex_count":10,"not_evidence_of_pakistan_occupation":true},"geometry":{"type":"Polygon","coordinates":[[[76.979745,35.248702],[76.979025,35.24893],[76.977785,35.249568],[76.977765,35.249538],[76.977627,35.249428],[76.977413,35.249703],[76.97715084857818,35.24985221412521],[76.976959,35.250228],[76.97998224065772,35.248644753376645],[76.979745,35.248702]]]}},{"type":"Feature","properties":{"kind":"RGI ice portion outside nominal India side, *source conflict only*","scale":"50m","component":18,"area_km2":0.003585,"bounds_lonlat":[76.976154,35.256487,76.976671,35.258574],"representative_point_lonlat":[76.9762739,35.2573705],"centroid_lonlat":[76.9763387,35.2576898],"length_perimeter_km":0.482,"vertex_count":8,"not_evidence_of_pakistan_occupation":true},"geometry":{"type":"Polygon","coordinates":[[[76.97616,35.256733],[76.97617,35.257158],[76.97618,35.257583],[76.976191,35.258007],[76.976457,35.258322],[76.97667148328576,35.25857423877052],[76.97615360966344,35.256486681572696],[76.97616,35.256733]]]}},{"type":"Feature","properties":{"kind":"RGI ice portion outside nominal India side, *source conflict only*","scale":"50m","component":19,"area_km2":0.003375,"bounds_lonlat":[76.999054,35.289048,77.001851,35.290196],"representative_point_lonlat":[77.000514,35.289635],"centroid_lonlat":[77.0004832,35.2896203],"length_perimeter_km":0.576,"vertex_count":11,"not_evidence_of_pakistan_occupation":true},"geometry":{"type":"Polygon","coordinates":[[[76.999097,35.28907],[76.999491,35.289276],[77.000017,35.289586],[77.000538,35.289684],[77.000931,35.28989],[77.001452,35.289987],[77.001846,35.290193],[77.00185121761064,35.29019573493077],[77.001406,35.289862],[76.99905401486151,35.28904757772674],[76.999097,35.28907]]]}},{"type":"Feature","properties":{"kind":"RGI ice portion outside nominal India side, *source conflict only*","scale":"50m","component":20,"area_km2":0.003101,"bounds_lonlat":[76.975436,35.253595,76.976093,35.256243],"representative_point_lonlat":[76.9756835,35.2549365],"centroid_lonlat":[76.9757062,35.2549613],"length_perimeter_km":0.607,"vertex_count":9,"not_evidence_of_pakistan_occupation":true},"geometry":{"type":"Polygon","coordinates":[[[76.975443,35.253877],[76.975453,35.254302],[76.975593,35.254724],[76.975603,35.255149],[76.975872,35.25557],[76.975883,35.255994],[76.97609311282847,35.25624281782317],[76.97543635927629,35.25359543331478],[76.975443,35.253877]]]}},{"type":"Feature","properties":{"kind":"RGI ice portion outside nominal India side, *source conflict only*","scale":"50m","component":21,"area_km2":0.003041,"bounds_lonlat":[77.06515,35.175778,77.067294,35.176183],"representative_point_lonlat":[77.0663424,35.1760155],"centroid_lonlat":[77.0663767,35.1759953],"length_perimeter_km":0.406,"vertex_count":9,"not_evidence_of_pakistan_occupation":true},"geometry":{"type":"Polygon","coordinates":[[[77.067064,35.175778],[77.066593,35.175835],[77.066124,35.175939],[77.065714,35.176092],[77.065244,35.176148],[77.06515008698187,35.17618304558969],[77.06643,35.176139],[77.06729408160224,35.175821200975946],[77.067064,35.175778]]]}},{"type":"Feature","properties":{"kind":"RGI ice portion outside nominal India side, *source conflict only*","scale":"50m","component":22,"area_km2":0.001615,"bounds_lonlat":[76.952955,35.368734,76.953621,35.369541],"representative_point_lonlat":[76.9530902,35.3692265],"centroid_lonlat":[76.9531823,35.3691124],"length_perimeter_km":0.232,"vertex_count":7,"not_evidence_of_pakistan_occupation":true},"geometry":{"type":"Polygon","coordinates":[[[76.953402,35.368828],[76.953308,35.368908],[76.952955,35.369055],[76.952963,35.369398],[76.95296641338517,35.36954098291214],[76.95362076832521,35.36873393813255],[76.953402,35.368828]]]}},{"type":"Feature","properties":{"kind":"RGI ice portion outside nominal India side, *source conflict only*","scale":"50m","component":23,"area_km2":0.000998,"bounds_lonlat":[77.035258,35.18303,77.036243,35.183259],"representative_point_lonlat":[77.0358797,35.1831289],"centroid_lonlat":[77.0357763,35.1831433],"length_perimeter_km":0.191,"vertex_count":6,"not_evidence_of_pakistan_occupation":true},"geometry":{"type":"Polygon","coordinates":[[[77.036212,35.183105],[77.035779,35.18303],[77.035352,35.183201],[77.03525841797844,35.18325922881341],[77.03624271131726,35.18315280833923],[77.036212,35.183105]]]}},{"type":"Feature","properties":{"kind":"RGI ice portion outside nominal India side, *source conflict only*","scale":"50m","component":24,"area_km2":0.000794,"bounds_lonlat":[76.992442,35.311894,76.993835,35.312071],"representative_point_lonlat":[76.9928507,35.3119911],"centroid_lonlat":[76.9930312,35.3119587],"length_perimeter_km":0.259,"vertex_count":6,"not_evidence_of_pakistan_occupation":true},"geometry":{"type":"Polygon","coordinates":[[[76.993736,35.311896],[76.993276,35.311903],[76.992815,35.311911],[76.99244235280135,35.31207117291872],[76.99383484562249,35.311894284674665],[76.993736,35.311896]]]}},{"type":"Feature","properties":{"kind":"RGI ice portion outside nominal India side, *source conflict only*","scale":"50m","component":25,"area_km2":0.000604,"bounds_lonlat":[76.994328,35.311677,76.995541,35.311832],"representative_point_lonlat":[76.9946842,35.3117618],"centroid_lonlat":[76.9948418,35.3117335],"length_perimeter_km":0.226,"vertex_count":5,"not_evidence_of_pakistan_occupation":true},"geometry":{"type":"Polygon","coordinates":[[[76.995113,35.311684],[76.994653,35.311692],[76.99432817723635,35.31183161680192],[76.99554145549705,35.31167749416816],[76.995113,35.311684]]]}},{"type":"Feature","properties":{"kind":"RGI ice portion outside nominal India side, *source conflict only*","scale":"50m","component":26,"area_km2":0.000407,"bounds_lonlat":[76.980557,35.248064,76.981091,35.248326],"representative_point_lonlat":[76.9806503,35.2482547],"centroid_lonlat":[76.9807463,35.248191],"length_perimeter_km":0.121,"vertex_count":5,"not_evidence_of_pakistan_occupation":true},"geometry":{"type":"Polygon","coordinates":[[[76.980906,35.248105],[76.980557,35.248183],[76.98059009774215,35.24832642354936],[76.98109118705884,35.24806400713649],[76.980906,35.248105]]]}},{"type":"Feature","properties":{"kind":"RGI ice portion outside nominal India side, *source conflict only*","scale":"50m","component":27,"area_km2":0.000329,"bounds_lonlat":[77.007596,35.196426,77.007993,35.197023],"representative_point_lonlat":[77.0077618,35.196723],"centroid_lonlat":[77.0077379,35.1967614],"length_perimeter_km":0.153,"vertex_count":5,"not_evidence_of_pakistan_occupation":true},"geometry":{"type":"Polygon","coordinates":[[[77.007856,35.196567],[77.007596,35.196879],[77.0075995485445,35.1970229131934],[77.00799333568982,35.19642632628995],[77.007856,35.196567]]]}},{"type":"Feature","properties":{"kind":"RGI ice portion outside nominal India side, *source conflict only*","scale":"50m","component":28,"area_km2":1.6e-05,"bounds_lonlat":[77.021604,35.295439,77.021661,35.295495],"representative_point_lonlat":[77.021619,35.2954703],"centroid_lonlat":[77.0216235,35.29546],"length_perimeter_km":0.019,"vertex_count":4,"not_evidence_of_pakistan_occupation":true},"geometry":{"type":"Polygon","coordinates":[[[77.021605472071,35.29549460274324],[77.021661,35.295446],[77.02160404538134,35.29543948064252],[77.021605472071,35.29549460274324]]]}},{"type":"Feature","properties":{"kind":"RGI ice portion outside nominal India side, *source conflict only*","scale":"50m","component":29,"area_km2":1.3e-05,"bounds_lonlat":[76.95684,35.364671,76.956915,35.364764],"representative_point_lonlat":[76.9568586,35.364732],"centroid_lonlat":[76.9568729,35.3647116],"length_perimeter_km":0.026,"vertex_count":4,"not_evidence_of_pakistan_occupation":true},"geometry":{"type":"Polygon","coordinates":[[[76.956864,35.3647],[76.95683952946354,35.36476409819625],[76.9569152415949,35.36467071908863],[76.956864,35.3647]]]}},{"type":"Feature","properties":{"kind":"RGI ice portion outside nominal India side, *source conflict only*","scale":"50m","component":30,"area_km2":1.2e-05,"bounds_lonlat":[77.04909,35.179354,77.04936,35.17949],"representative_point_lonlat":[77.0492051,35.1794299],"centroid_lonlat":[77.0492541,35.1794046],"length_perimeter_km":0.058,"vertex_count":4,"not_evidence_of_pakistan_occupation":true},"geometry":{"type":"Polygon","coordinates":[[[77.049312,35.17937],[77.04908976462653,35.17948970188571],[77.04936040538443,35.17935417516278],[77.049312,35.17937]]]}},{"type":"Feature","properties":{"kind":"RGI ice portion outside nominal India side, *source conflict only*","scale":"50m","component":31,"area_km2":1.1e-05,"bounds_lonlat":[77.052001,35.177327,77.052069,35.177382],"representative_point_lonlat":[77.0520161,35.1773619],"centroid_lonlat":[77.0520274,35.1773502],"length_perimeter_km":0.019,"vertex_count":4,"not_evidence_of_pakistan_occupation":true},"geometry":{"type":"Polygon","coordinates":[[[77.052012,35.177342],[77.05200100070535,35.17738173619064],[77.05206918894682,35.17732692291403],[77.052012,35.177342]]]}},{"type":"Feature","properties":{"kind":"RGI ice west of OSM AGPL, independent of NE B45","component":1,"not_evidence_of_pakistan_occupation":true,"area_km2":0.432299,"bounds_lonlat":[76.978169,35.315225,76.990134,35.344587],"representative_point_lonlat":[76.9887944,35.3299235],"centroid_lonlat":[76.9858216,35.3325479],"length_perimeter_km":7.98,"vertex_count":100},"geometry":{"type":"Polygon","coordinates":[[[76.985111,35.315255],[76.984825,35.315539],[76.984491,35.315824],[76.984256,35.316147],[76.984071,35.31655],[76.983934,35.316911],[76.983845,35.317272],[76.983708,35.317633],[76.983472,35.317956],[76.983384,35.318317],[76.983393,35.318716],[76.983403,35.319115],[76.983413,35.319514],[76.983471,35.319912],[76.983484,35.31999],[76.98344,35.320037],[76.983305,35.320129],[76.983342,35.320186],[76.983803,35.320179],[76.984268,35.32036],[76.984733,35.320541],[76.985203,35.320911],[76.985668,35.321092],[76.985908,35.321466],[76.986373,35.321647],[76.986833,35.32164],[76.987073,35.322013],[76.987312,35.322387],[76.987322,35.322765],[76.987331,35.323142],[76.98734,35.323519],[76.98758,35.323893],[76.987819,35.324267],[76.987829,35.324644],[76.987838,35.325022],[76.988077,35.325396],[76.988317,35.325769],[76.988556,35.326143],[76.988796,35.326517],[76.989036,35.32689],[76.989045,35.327268],[76.989054,35.327645],[76.989063,35.328023],[76.989073,35.3284],[76.989082,35.328778],[76.989091,35.329155],[76.98887,35.329537],[76.988414,35.329733],[76.988193,35.330114],[76.987742,35.330499],[76.98752,35.330881],[76.987069,35.331266],[76.986848,35.331647],[76.986392,35.331843],[76.985936,35.33204],[76.985715,35.332421],[76.985259,35.332617],[76.985268,35.332995],[76.985047,35.333376],[76.984826,35.333757],[76.984609,35.334327],[76.984388,35.334709],[76.984397,35.335086],[76.984407,35.335464],[76.983955,35.335849],[76.983734,35.33623],[76.983513,35.336611],[76.983292,35.336993],[76.983301,35.33737],[76.98308,35.337751],[76.982624,35.337948],[76.982403,35.338329],[76.982412,35.338706],[76.981956,35.338903],[76.981965,35.33928],[76.981824,35.339283],[76.981798,35.339427],[76.981809,35.339845],[76.981907,35.340072],[76.981593,35.339968],[76.981382,35.339835],[76.981067,35.340239],[76.980846,35.34062],[76.980624,35.341002],[76.980408,35.341572],[76.980187,35.341953],[76.979735,35.342338],[76.979514,35.342719],[76.979063,35.343104],[76.979072,35.343482],[76.978616,35.343678],[76.978169,35.344252],[76.97817700034426,35.344587125531596],[76.9870955,35.3364086],[76.9901339,35.3274107],[76.9880901,35.3213428],[76.9834851,35.319817],[76.984203,35.3163529],[76.98518865277512,35.31522541799043],[76.985111,35.315255]]]}},{"type":"Feature","properties":{"kind":"RGI ice west of OSM AGPL, independent of NE B45","component":2,"not_evidence_of_pakistan_occupation":true,"area_km2":0.258288,"bounds_lonlat":[76.977736,35.345076,76.986709,35.359529],"representative_point_lonlat":[76.985035,35.352365],"centroid_lonlat":[76.9831974,35.3520704],"length_perimeter_km":3.933,"vertex_count":51},"geometry":{"type":"Polygon","coordinates":[[[76.977736,35.345392],[76.977745,35.345769],[76.977754,35.346147],[76.977994,35.346521],[76.978238,35.347083],[76.978477,35.347457],[76.978655,35.347734],[76.978945,35.348019],[76.97939,35.348311],[76.979904,35.348481],[76.980349,35.348773],[76.980791,35.348945],[76.980974,35.348967],[76.981241,35.349092],[76.98164,35.349406],[76.982037,35.34964],[76.982243,35.349843],[76.982412,35.349895],[76.982855,35.350087],[76.983299,35.35028],[76.983645,35.350514],[76.983992,35.350747],[76.98434,35.351021],[76.984397,35.351379],[76.984406,35.351733],[76.984436,35.351764],[76.984446,35.352165],[76.984456,35.352565],[76.984465,35.352966],[76.984377,35.353368],[76.984387,35.353768],[76.984299,35.35417],[76.984211,35.354573],[76.984123,35.354975],[76.983938,35.355378],[76.9839,35.355551],[76.983979,35.355675],[76.983988,35.356052],[76.983998,35.35643],[76.984007,35.356807],[76.983786,35.357189],[76.983565,35.35757],[76.983578,35.358136],[76.983588,35.358514],[76.983597,35.358891],[76.983606,35.359269],[76.98361220608422,35.35952896597224],[76.9867093,35.3564523],[76.9850699,35.350306],[76.97791904077486,35.34507644101709],[76.977736,35.345392]]]}},{"type":"Feature","properties":{"kind":"RGI ice west of OSM AGPL, independent of NE B45","component":3,"not_evidence_of_pakistan_occupation":true,"area_km2":0.235583,"bounds_lonlat":[76.988935,35.210678,77.002992,35.228412],"representative_point_lonlat":[76.9949062,35.219581],"centroid_lonlat":[76.9943404,35.2182341],"length_perimeter_km":5.017,"vertex_count":77},"geometry":{"type":"Polygon","coordinates":[[[76.990481,35.210773],[76.990098,35.210992],[76.989718,35.211316],[76.989338,35.211641],[76.989087,35.211964],[76.988935,35.212094],[76.989095,35.212283],[76.989234,35.212705],[76.989628,35.212911],[76.989767,35.213334],[76.990161,35.21354],[76.990427,35.213854],[76.990826,35.214272],[76.991219,35.214478],[76.991359,35.214901],[76.991752,35.215107],[76.992019,35.215421],[76.992285,35.215735],[76.992425,35.216158],[76.992565,35.21658],[76.992836,35.217107],[76.992976,35.21753],[76.993116,35.217952],[76.993382,35.218266],[76.993649,35.218581],[76.993789,35.219003],[76.994058,35.219424],[76.994324,35.219738],[76.994591,35.220052],[76.994858,35.220366],[76.995124,35.220681],[76.995391,35.220995],[76.995657,35.221309],[76.995797,35.221732],[76.995937,35.222154],[76.996077,35.222577],[76.995826,35.2229],[76.995965,35.223322],[76.996105,35.223745],[76.996372,35.224059],[76.996765,35.224265],[76.99742,35.224573],[76.997943,35.224777],[76.998336,35.224982],[76.998856,35.22508],[76.99925,35.225286],[76.99977,35.225384],[77.000163,35.22559],[77.000683,35.225687],[77.001079,35.225999],[77.001475,35.226311],[77.001869,35.226517],[77.002008,35.22694],[77.002275,35.227254],[77.002286,35.227679],[77.002425,35.228101],[77.002689,35.228412],[77.002776,35.228287],[77.00299201981666,35.228360346908225],[77.0023484,35.226026],[76.9984345,35.2246167],[76.99710087393127,35.22222931707735],[76.996962,35.222194],[76.996496,35.222012],[76.996438,35.221998],[76.996437,35.221962],[76.996425,35.221485],[76.996415,35.221087],[76.99637127106635,35.220923222767354],[76.99444225675188,35.21747000905187],[76.994286,35.217378],[76.993963,35.217187],[76.993956,35.216926],[76.993752,35.216531],[76.99374502708496,35.216221867433305],[76.9906479012103,35.2106775656265],[76.990481,35.210773]]]}},{"type":"Feature","properties":{"kind":"RGI ice west of OSM AGPL, independent of NE B45","component":4,"not_evidence_of_pakistan_occupation":true,"area_km2":0.232565,"bounds_lonlat":[76.789623,35.578125,76.794149,35.590161],"representative_point_lonlat":[76.7928238,35.584006],"centroid_lonlat":[76.7923204,35.5832896],"length_perimeter_km":2.991,"vertex_count":31},"geometry":{"type":"Polygon","coordinates":[[[76.789687,35.578225],[76.789698,35.578709],[76.790005,35.579188],[76.790312,35.579668],[76.790323,35.580152],[76.790333,35.580636],[76.79064,35.581115],[76.790651,35.581599],[76.790662,35.582083],[76.790969,35.582563],[76.791578,35.58328],[76.791588,35.583764],[76.791599,35.584248],[76.79161,35.584732],[76.791917,35.585212],[76.791928,35.585696],[76.791938,35.586179],[76.792245,35.586659],[76.792256,35.587143],[76.792267,35.587627],[76.792278,35.588111],[76.792289,35.588595],[76.792003,35.589083],[76.792014,35.589567],[76.791728,35.590056],[76.79173046258309,35.59016116678361],[76.793694,35.5880725],[76.7941489,35.5829351],[76.7921748,35.579033],[76.78962275082321,35.578124545261055],[76.789687,35.578225]]]}},{"type":"Feature","properties":{"kind":"RGI ice west of OSM AGPL, independent of NE B45","component":5,"not_evidence_of_pakistan_occupation":true,"area_km2":0.224903,"bounds_lonlat":[76.948825,35.373231,76.954497,35.39107],"representative_point_lonlat":[76.9538512,35.382135],"centroid_lonlat":[76.9513789,35.3822232],"length_perimeter_km":5.07,"vertex_count":83},"geometry":{"type":"Polygon","coordinates":[[[76.952137,35.373377],[76.951916,35.373758],[76.951455,35.373765],[76.950994,35.373773],[76.95075,35.373777],[76.950758,35.3741],[76.950662,35.374538],[76.950349,35.374805],[76.950157,35.374969],[76.950104,35.375109],[76.949882,35.37549],[76.949891,35.375868],[76.9499,35.376245],[76.94991,35.376623],[76.949919,35.377],[76.949928,35.377378],[76.950167,35.377751],[76.950407,35.378125],[76.950416,35.378503],[76.950655,35.378876],[76.950895,35.37925],[76.950904,35.379628],[76.951144,35.380002],[76.951383,35.380375],[76.951623,35.380749],[76.951632,35.381127],[76.951871,35.3815],[76.951881,35.381878],[76.951887,35.382155],[76.951911,35.382115],[76.952224,35.381848],[76.952646,35.381666],[76.952789,35.381605],[76.953721,35.382192],[76.953662,35.382294],[76.953599,35.382714],[76.953593,35.382755],[76.953454,35.382725],[76.953006,35.38268],[76.952628,35.382895],[76.95251,35.383263],[76.952455,35.383629],[76.9524,35.383996],[76.952345,35.384363],[76.952177,35.384702],[76.952078,35.384644],[76.951752,35.384387],[76.951466,35.384161],[76.950828,35.384979],[76.950914,35.385012],[76.95126,35.385216],[76.950964,35.385326],[76.950586,35.385541],[76.950274,35.385807],[76.950187,35.385895],[76.949983,35.385735],[76.949902,35.385875],[76.94974,35.386154],[76.949769,35.386166],[76.949913,35.386279],[76.949844,35.386493],[76.949789,35.38686],[76.949734,35.387227],[76.949615,35.387594],[76.949584,35.38769],[76.949452,35.387535],[76.949247,35.387428],[76.949251,35.387585],[76.94926,35.387963],[76.949269,35.38834],[76.949278,35.388718],[76.949287,35.389095],[76.949066,35.389476],[76.949075,35.389854],[76.949084,35.390231],[76.948863,35.390613],[76.948872,35.39099],[76.94882538167836,35.39107036914274],[76.954497,35.3826703],[76.9506175,35.3777857],[76.9521967,35.3742585],[76.95222168029822,35.373230629529765],[76.952137,35.373377]]]}},{"type":"Feature","properties":{"kind":"RGI ice west of OSM AGPL, independent of NE B45","component":6,"not_evidence_of_pakistan_occupation":true,"area_km2":0.183974,"bounds_lonlat":[76.995579,35.300565,77.015161,35.311673],"representative_point_lonlat":[77.0027395,35.306189],"centroid_lonlat":[77.0043923,35.3062197],"length_perimeter_km":4.708,"vertex_count":63},"geometry":{"type":"Polygon","coordinates":[[[77.015155,35.300725],[77.015151,35.300565],[77.014869,35.300726],[77.014618,35.301049],[77.014534,35.30112],[77.01454,35.301326],[77.014438,35.301356],[77.013757,35.301745],[77.013296,35.301753],[77.01261,35.301953],[77.012154,35.302149],[77.011694,35.302157],[77.011008,35.302357],[77.010547,35.302365],[77.010087,35.302373],[77.009626,35.30238],[77.00894,35.302581],[77.008254,35.302781],[77.007798,35.302977],[77.00767,35.303198],[77.007701,35.303293],[77.007844,35.303822],[77.007852,35.304149],[77.007743,35.304125],[77.007303,35.304052],[77.007119,35.304025],[77.007047,35.304176],[77.006513,35.304185],[77.006298,35.304189],[77.006219,35.304325],[77.005763,35.304522],[77.005303,35.304529],[77.005312,35.304907],[77.004856,35.305103],[77.004166,35.305115],[77.003715,35.3055],[77.003259,35.305696],[77.002803,35.305892],[77.002347,35.306089],[77.001661,35.306289],[77.00144,35.30667],[77.000984,35.306867],[77.000763,35.307248],[77.000307,35.307444],[77.000086,35.307826],[76.999865,35.308207],[76.999409,35.308403],[76.999188,35.308785],[76.998967,35.309166],[76.998516,35.309551],[76.998295,35.309932],[76.998074,35.310314],[76.997853,35.310695],[76.997393,35.310703],[76.996942,35.311088],[76.996486,35.311284],[76.996025,35.311292],[76.99557904466238,35.3116726935809],[76.9985844,35.311291],[77.0038196,35.3058294],[77.0130391,35.302476],[77.01516134009488,35.300994454032505],[77.015155,35.300725]]]}},{"type":"Feature","properties":{"kind":"RGI ice west of OSM AGPL, independent of NE B45","component":7,"not_evidence_of_pakistan_occupation":true,"area_km2":0.127647,"bounds_lonlat":[76.832996,35.422075,76.841484,35.436574],"representative_point_lonlat":[76.8403527,35.4292095],"centroid_lonlat":[76.8389805,35.4291647],"length_perimeter_km":3.785,"vertex_count":51},"geometry":{"type":"Polygon","coordinates":[[[76.833021,35.4223],[76.83299629797192,35.42231618408737],[76.833187,35.422434],[76.833275,35.422447],[76.833223,35.422506],[76.833193,35.422571],[76.833322,35.422724],[76.833719,35.423037],[76.833985,35.423351],[76.834252,35.423666],[76.834519,35.42398],[76.834913,35.424187],[76.835179,35.424501],[76.835576,35.424814],[76.83597,35.42502],[76.836364,35.425227],[76.83676,35.42554],[76.837154,35.425746],[76.837421,35.426061],[76.837815,35.426267],[76.838081,35.426582],[76.838478,35.426894],[76.838744,35.427209],[76.839011,35.427523],[76.839151,35.427946],[76.839417,35.428261],[76.839684,35.428575],[76.839823,35.428998],[76.839963,35.429421],[76.840102,35.429843],[76.840242,35.430266],[76.840251,35.430691],[76.840261,35.431116],[76.840271,35.43154],[76.84028,35.431965],[76.84016,35.432392],[76.84017,35.432816],[76.840179,35.433241],[76.840189,35.433666],[76.840199,35.434091],[76.840208,35.434515],[76.840218,35.43494],[76.840358,35.435363],[76.84037,35.435894],[76.840509,35.436316],[76.84057832174635,35.43657424791422],[76.8409773,35.4354514],[76.8414837,35.4301294],[76.8386513,35.4262478],[76.8332189551742,35.422074860840596],[76.833021,35.4223]]]}},{"type":"Feature","properties":{"kind":"RGI ice west of OSM AGPL, independent of NE B45","component":8,"not_evidence_of_pakistan_occupation":true,"area_km2":0.078993,"bounds_lonlat":[76.76328,35.63902,76.771786,35.640607],"representative_point_lonlat":[76.7669787,35.639875],"centroid_lonlat":[76.7675133,35.6398122],"length_perimeter_km":1.617,"vertex_count":21},"geometry":{"type":"Polygon","coordinates":[[[76.763454,35.639783],[76.763807,35.640061],[76.76433,35.640195],[76.764683,35.640473],[76.765207,35.640607],[76.765727,35.640599],[76.766247,35.640591],[76.766768,35.640584],[76.767288,35.640576],[76.767808,35.640569],[76.768325,35.640419],[76.769016,35.640268],[76.769533,35.640118],[76.770224,35.639967],[76.770738,35.639676],[76.771252,35.639385],[76.771766,35.639094],[76.77178647898968,35.639088097931406],[76.7694072,35.6390195],[76.76328032999555,35.63973858820497],[76.763454,35.639783]]]}},{"type":"Feature","properties":{"kind":"RGI ice west of OSM AGPL, independent of NE B45","component":9,"not_evidence_of_pakistan_occupation":true,"area_km2":0.062498,"bounds_lonlat":[77.000116,35.230147,77.004128,35.238605],"representative_point_lonlat":[77.002569,35.234321],"centroid_lonlat":[77.0026206,35.2339539],"length_perimeter_km":2.14,"vertex_count":34},"geometry":{"type":"Polygon","coordinates":[[[77.003175,35.230147],[77.003127,35.23032],[77.003138,35.230745],[77.003019,35.231172],[77.0029,35.231599],[77.00291,35.232023],[77.002791,35.23245],[77.002672,35.232877],[77.002622,35.232963],[77.002659,35.232952],[77.002668,35.233333],[77.002872,35.233727],[77.003002,35.233978],[77.002777,35.233982],[77.002292,35.23399],[77.002225,35.234019],[77.002186,35.23416],[77.001935,35.234482],[77.001816,35.234909],[77.001697,35.235336],[77.001707,35.235761],[77.001718,35.236185],[77.001467,35.236508],[77.001219,35.236937],[77.000968,35.23726],[77.000717,35.237583],[77.000334,35.237801],[77.000116,35.238081],[77.000333,35.238308],[77.0004130421449,35.23860497879933],[77.0007082,35.2384709],[77.0041281,35.2324808],[77.00351348872692,35.230251664277404],[77.003175,35.230147]]]}},{"type":"Feature","properties":{"kind":"RGI ice west of OSM AGPL, independent of NE B45","component":10,"not_evidence_of_pakistan_occupation":true,"area_km2":0.047199,"bounds_lonlat":[76.798812,35.481867,76.804079,35.488588],"representative_point_lonlat":[76.8025169,35.4853285],"centroid_lonlat":[76.8013288,35.4861159],"length_perimeter_km":1.917,"vertex_count":33},"geometry":{"type":"Polygon","coordinates":[[[76.803956,35.482198],[76.803774,35.482758],[76.803783,35.483157],[76.803792,35.483555],[76.803592,35.483526],[76.803142,35.48348],[76.803118,35.483478],[76.803016,35.483593],[76.80291,35.483968],[76.80269,35.484345],[76.802649,35.484533],[76.802587,35.484813],[76.802595,35.485186],[76.802259,35.485471],[76.801809,35.485758],[76.801357,35.485952],[76.800907,35.486238],[76.800454,35.486432],[76.800066,35.486598],[76.799941,35.486784],[76.799821,35.487153],[76.799441,35.487369],[76.799226,35.48749],[76.79906,35.487585],[76.798812,35.487956],[76.798948,35.488321],[76.799402,35.488525],[76.799471,35.488548],[76.79959337095389,35.4885884716436],[76.7996069,35.4885823],[76.8040787,35.4837321],[76.80394854429676,35.48186746382313],[76.803956,35.482198]]]}},{"type":"Feature","properties":{"kind":"RGI ice west of OSM AGPL, independent of NE B45","component":11,"not_evidence_of_pakistan_occupation":true,"area_km2":0.04279,"bounds_lonlat":[77.015287,35.296707,77.02022,35.300677],"representative_point_lonlat":[77.0172732,35.2987835],"centroid_lonlat":[77.0176622,35.2984476],"length_perimeter_km":1.3,"vertex_count":21},"geometry":{"type":"Polygon","coordinates":[[[77.020081,35.296709],[77.019563,35.296718],[77.019045,35.296726],[77.018662,35.296945],[77.018278,35.297164],[77.018027,35.297487],[77.017776,35.29781],[77.017393,35.298028],[77.017142,35.298351],[77.016891,35.298674],[77.016507,35.298893],[77.016256,35.299216],[77.016005,35.299539],[77.015754,35.299861],[77.015503,35.300184],[77.015287,35.300462],[77.015462,35.300577],[77.01561550564071,35.300677398891274],[77.0159517,35.3004427],[77.02022021497332,35.296706581207026],[77.020081,35.296709]]]}},{"type":"Feature","properties":{"kind":"RGI ice west of OSM AGPL, independent of NE B45","component":12,"not_evidence_of_pakistan_occupation":true,"area_km2":0.030803,"bounds_lonlat":[76.802742,35.475976,76.806423,35.479622],"representative_point_lonlat":[76.8047818,35.477639],"centroid_lonlat":[76.8045239,35.4778892],"length_perimeter_km":1.086,"vertex_count":22},"geometry":{"type":"Polygon","coordinates":[[[76.806274,35.476426],[76.806084,35.476056],[76.806082,35.475976],[76.805712,35.47629],[76.805459,35.476613],[76.805077,35.476937],[76.804692,35.477155],[76.80444,35.477478],[76.804187,35.4778],[76.803803,35.478018],[76.80355,35.478341],[76.803168,35.478665],[76.802783,35.478883],[76.802742,35.479071],[76.802788,35.479096],[76.802881,35.479145],[76.803182,35.479302],[76.803576,35.479509],[76.80379179385729,35.479621826229945],[76.8037611,35.4791821],[76.80642280412958,35.47642366764687],[76.806274,35.476426]]]}},{"type":"Feature","properties":{"kind":"RGI ice west of OSM AGPL, independent of NE B45","component":13,"not_evidence_of_pakistan_occupation":true,"area_km2":0.030297,"bounds_lonlat":[76.99729,35.282254,76.999252,35.285992],"representative_point_lonlat":[76.9981373,35.2840212],"centroid_lonlat":[76.9982258,35.2840519],"length_perimeter_km":0.984,"vertex_count":20},"geometry":{"type":"Polygon","coordinates":[[[76.999029,35.282377],[76.99886,35.282719],[76.998869,35.283107],[76.998461,35.283307],[76.997989,35.283364],[76.997459,35.283421],[76.99729,35.283763],[76.9973,35.28415],[76.997485,35.284486],[76.997613,35.284872],[76.997567,35.285234],[76.997579,35.285272],[76.99759,35.285697],[76.9975969464852,35.28599153097231],[76.9981569,35.2850899],[76.9986021,35.2845732],[76.9990656,35.2838924],[76.9992523,35.2833237],[76.99915320089934,35.28225351702493],[76.999029,35.282377]]]}},{"type":"Feature","properties":{"kind":"RGI ice west of OSM AGPL, independent of NE B45","component":14,"not_evidence_of_pakistan_occupation":true,"area_km2":0.02792,"bounds_lonlat":[76.982791,35.243782,76.988555,35.246941],"representative_point_lonlat":[76.9857054,35.245276],"centroid_lonlat":[76.9856289,35.2453867],"length_perimeter_km":1.297,"vertex_count":22},"geometry":{"type":"Polygon","coordinates":[[[76.988473,35.243812],[76.98845,35.243782],[76.988312,35.243841],[76.988061,35.244164],[76.987545,35.244279],[76.987162,35.244498],[76.986647,35.244612],[76.986132,35.244727],[76.98562,35.244948],[76.985237,35.245167],[76.984854,35.245385],[76.98447,35.245604],[76.984219,35.245927],[76.983836,35.246145],[76.983453,35.246364],[76.983202,35.246687],[76.982819,35.246906],[76.982791,35.246941],[76.982885,35.246893],[76.98332233455109,35.24688541068024],[76.98855537136735,35.24411762086768],[76.988473,35.243812]]]}},{"type":"Feature","properties":{"kind":"RGI ice west of OSM AGPL, independent of NE B45","component":15,"not_evidence_of_pakistan_occupation":true,"area_km2":0.027588,"bounds_lonlat":[76.985182,35.312111,76.992128,35.315218],"representative_point_lonlat":[76.9866253,35.313674],"centroid_lonlat":[76.9877534,35.3131144],"length_perimeter_km":1.572,"vertex_count":24},"geometry":{"type":"Polygon","coordinates":[[[76.991899,35.312115],[76.991208,35.312126],[76.990747,35.312134],[76.990287,35.312142],[76.989826,35.312149],[76.989366,35.312157],[76.988905,35.312164],[76.988445,35.312172],[76.987859,35.312343],[76.987703,35.312509],[76.98742,35.312872],[76.986989,35.313119],[76.986633,35.313483],[76.986584,35.313612],[76.986093,35.313736],[76.985675,35.314021],[76.985342,35.314305],[76.985182,35.314726],[76.985193,35.315144],[76.98519488085394,35.315218293730254],[76.9862427,35.3140197],[76.9892241,35.3124798],[76.99212776562868,35.312111021467324],[76.991899,35.312115]]]}},{"type":"Feature","properties":{"kind":"RGI ice west of OSM AGPL, independent of NE B45","component":16,"not_evidence_of_pakistan_occupation":true,"area_km2":0.026137,"bounds_lonlat":[76.793611,35.488897,76.798301,35.491488],"representative_point_lonlat":[76.79524,35.4903335],"centroid_lonlat":[76.7959335,35.4899371],"length_perimeter_km":1.068,"vertex_count":17},"geometry":{"type":"Polygon","coordinates":[[[76.797959,35.489229],[76.797617,35.489076],[76.797297,35.488897],[76.796795,35.489042],[76.796341,35.489142],[76.796121,35.489519],[76.795668,35.489712],[76.795216,35.489906],[76.79488,35.490191],[76.794544,35.490476],[76.794092,35.490669],[76.793756,35.490954],[76.793611,35.491201],[76.79374944027174,35.49148756168135],[76.7939078,35.4911821],[76.79830147485913,35.489177805304564],[76.797959,35.489229]]]}},{"type":"Feature","properties":{"kind":"RGI ice west of OSM AGPL, independent of NE B45","component":17,"not_evidence_of_pakistan_occupation":true,"area_km2":0.02594,"bounds_lonlat":[76.953635,35.365655,76.956117,35.367642],"representative_point_lonlat":[76.9544903,35.3666145],"centroid_lonlat":[76.9546177,35.3665649],"length_perimeter_km":0.702,"vertex_count":11},"geometry":{"type":"Polygon","coordinates":[[[76.95561,35.365768],[76.955042,35.365777],[76.954619,35.3659],[76.954053,35.366026],[76.953635,35.366382],[76.953647,35.366847],[76.953658,35.367313],[76.954087,35.367422],[76.95450675118904,35.36764159205723],[76.95611749962919,35.36565502305075],[76.95561,35.365768]]]}},{"type":"Feature","properties":{"kind":"RGI ice west of OSM AGPL, independent of NE B45","component":18,"not_evidence_of_pakistan_occupation":true,"area_km2":0.017025,"bounds_lonlat":[77.040527,35.181579,77.043381,35.182689],"representative_point_lonlat":[77.0423413,35.1820915],"centroid_lonlat":[77.0421463,35.1821571],"length_perimeter_km":0.618,"vertex_count":11},"geometry":{"type":"Polygon","coordinates":[[[77.043373,35.182034],[77.042979,35.181801],[77.04249,35.18165],[77.042003,35.181579],[77.041621,35.181824],[77.041241,35.182149],[77.040861,35.182474],[77.0405267505075,35.18268924967319],[77.0432982,35.1823895],[77.0433808919391,35.18234809917571],[77.043373,35.182034]]]}},{"type":"Feature","properties":{"kind":"RGI ice west of OSM AGPL, independent of NE B45","component":19,"not_evidence_of_pakistan_occupation":true,"area_km2":0.016693,"bounds_lonlat":[76.993464,35.239864,76.996158,35.241762],"representative_point_lonlat":[76.9949038,35.2408735],"centroid_lonlat":[76.9950218,35.2406852],"length_perimeter_km":0.688,"vertex_count":14},"geometry":{"type":"Polygon","coordinates":[[[76.996081,35.240508],[76.996111,35.24037],[76.996004,35.239973],[76.995653,35.239864],[76.995595,35.239898],[76.995082,35.240119],[76.994699,35.240337],[76.99458,35.240764],[76.994197,35.240983],[76.993814,35.241202],[76.993566,35.241631],[76.99346423252862,35.241761554285986],[76.99615797268441,35.24053789230462],[76.996081,35.240508]]]}},{"type":"Feature","properties":{"kind":"RGI ice west of OSM AGPL, independent of NE B45","component":20,"not_evidence_of_pakistan_occupation":true,"area_km2":0.016603,"bounds_lonlat":[76.991646,35.275357,76.992689,35.278346],"representative_point_lonlat":[76.9920115,35.2769785],"centroid_lonlat":[76.9920591,35.2770518],"length_perimeter_km":0.771,"vertex_count":16},"geometry":{"type":"Polygon","coordinates":[[[76.99193,35.27548],[76.991727,35.275729],[76.991646,35.275719],[76.99165,35.275917],[76.991661,35.276341],[76.991671,35.276766],[76.991682,35.277191],[76.991692,35.277615],[76.991959,35.27793],[76.992085,35.278312],[76.992183,35.278173],[76.992441,35.278346],[76.9926894936383,35.278341640462486],[76.9920163,35.2756663],[76.99213665405283,35.27535658160734],[76.99193,35.27548]]]}},{"type":"Feature","properties":{"kind":"RGI ice west of OSM AGPL, independent of NE B45","component":21,"not_evidence_of_pakistan_occupation":true,"area_km2":0.015423,"bounds_lonlat":[76.809366,35.470412,76.811369,35.473112],"representative_point_lonlat":[76.8101443,35.4718035],"centroid_lonlat":[76.810151,35.471883],"length_perimeter_km":0.715,"vertex_count":13},"geometry":{"type":"Polygon","coordinates":[[[76.811188,35.470522],[76.810873,35.470789],[76.810494,35.471057],[76.810179,35.471324],[76.809865,35.471644],[76.809615,35.471963],[76.809366,35.472282],[76.809374,35.472649],[76.809576,35.473066],[76.8096179870346,35.47311236951969],[76.8100268,35.4726887],[76.8113685858248,35.47041228710423],[76.811188,35.470522]]]}},{"type":"Feature","properties":{"kind":"RGI ice west of OSM AGPL, independent of NE B45","component":22,"not_evidence_of_pakistan_occupation":true,"area_km2":0.010845,"bounds_lonlat":[77.003304,35.199529,77.005945,35.202166],"representative_point_lonlat":[77.0046492,35.2009453],"centroid_lonlat":[77.0046108,35.200946],"length_perimeter_km":0.767,"vertex_count":12},"geometry":{"type":"Polygon","coordinates":[[[77.005598,35.199826],[77.005218,35.200151],[77.004837,35.200476],[77.004457,35.200801],[77.004077,35.201126],[77.003826,35.201449],[77.003575,35.201772],[77.003324,35.202094],[77.0033040720796,35.20216550606731],[77.0049148,35.2010897],[77.00594495358813,35.19952926337857],[77.005598,35.199826]]]}},{"type":"Feature","properties":{"kind":"RGI ice west of OSM AGPL, independent of NE B45","component":23,"not_evidence_of_pakistan_occupation":true,"area_km2":0.010285,"bounds_lonlat":[76.774867,35.515764,76.779365,35.517018],"representative_point_lonlat":[76.7771672,35.516274],"centroid_lonlat":[76.77685,35.5161668],"length_perimeter_km":0.874,"vertex_count":13},"geometry":{"type":"Polygon","coordinates":[[[76.77912,35.516937],[76.778682,35.516741],[76.778246,35.516595],[76.77787,35.516398],[76.777492,35.51615],[76.777116,35.515953],[76.776619,35.515859],[76.776183,35.515764],[76.775688,35.515772],[76.775192,35.515779],[76.77486660569366,35.515783601535645],[76.77936469878267,35.517018192959924],[76.77912,35.516937]]]}},{"type":"Feature","properties":{"kind":"RGI ice west of OSM AGPL, independent of NE B45","component":24,"not_evidence_of_pakistan_occupation":true,"area_km2":0.009772,"bounds_lonlat":[77.068063,35.171801,77.078224,35.175538],"representative_point_lonlat":[77.0729316,35.173667],"centroid_lonlat":[77.0731753,35.1735973],"length_perimeter_km":2.032,"vertex_count":26},"geometry":{"type":"Polygon","coordinates":[[[77.077976,35.171857],[77.077449,35.172011],[77.07704,35.172164],[77.076631,35.172316],[77.076221,35.172468],[77.075754,35.17267],[77.075285,35.172775],[77.074817,35.172928],[77.074349,35.173082],[77.073882,35.173284],[77.073473,35.173436],[77.072946,35.17359],[77.072478,35.173744],[77.071952,35.173946],[77.071542,35.174099],[77.071133,35.174251],[77.070607,35.174454],[77.070201,35.174703],[77.069791,35.174855],[77.069323,35.175009],[77.068915,35.17521],[77.068506,35.175362],[77.068097,35.175514],[77.06806330285087,35.175538014060294],[77.07822394155359,35.17180149069696],[77.077976,35.171857]]]}},{"type":"Feature","properties":{"kind":"RGI ice west of OSM AGPL, independent of NE B45","component":25,"not_evidence_of_pakistan_occupation":true,"area_km2":0.008474,"bounds_lonlat":[76.975471,35.248645,76.979982,35.251008],"representative_point_lonlat":[76.9774874,35.249812],"centroid_lonlat":[76.9777337,35.2497099],"length_perimeter_km":1.002,"vertex_count":14},"geometry":{"type":"Polygon","coordinates":[[[76.979745,35.248702],[76.979025,35.24893],[76.977785,35.249568],[76.977765,35.249538],[76.977627,35.249428],[76.977413,35.249703],[76.97703,35.249921],[76.97665,35.250246],[76.976266,35.250465],[76.975883,35.250684],[76.9755,35.250902],[76.97547056875979,35.251007606214856],[76.97998181102268,35.2486448570484],[76.979745,35.248702]]]}},{"type":"Feature","properties":{"kind":"RGI ice west of OSM AGPL, independent of NE B45","component":26,"not_evidence_of_pakistan_occupation":true,"area_km2":0.007579,"bounds_lonlat":[76.846346,35.40403,76.847023,35.406264],"representative_point_lonlat":[76.8467161,35.405217],"centroid_lonlat":[76.8467149,35.4053301],"length_perimeter_km":0.523,"vertex_count":10},"geometry":{"type":"Polygon","coordinates":[[[76.846946,35.404162],[76.846743,35.404602],[76.846538,35.404954],[76.846443,35.40548],[76.846346,35.405918],[76.846568,35.406264],[76.84656880205559,35.40626431336125],[76.8468911,35.4059556],[76.8470229127576,35.40402993516744],[76.846946,35.404162]]]}},{"type":"Feature","properties":{"kind":"RGI ice west of OSM AGPL, independent of NE B45","component":27,"not_evidence_of_pakistan_occupation":true,"area_km2":0.007143,"bounds_lonlat":[76.810234,35.469459,76.811931,35.470381],"representative_point_lonlat":[76.8110868,35.4700145],"centroid_lonlat":[76.8111162,35.47001],"length_perimeter_km":0.396,"vertex_count":11},"geometry":{"type":"Polygon","coordinates":[[[76.811664,35.469573],[76.811147,35.469687],[76.810763,35.469905],[76.810378,35.470124],[76.810234,35.470246],[76.810314,35.47031],[76.8109,35.470381],[76.811385,35.470294],[76.81144467826535,35.47028319212517],[76.81193052773321,35.46945892198189],[76.811664,35.469573]]]}},{"type":"Feature","properties":{"kind":"RGI ice west of OSM AGPL, independent of NE B45","component":28,"not_evidence_of_pakistan_occupation":true,"area_km2":0.004199,"bounds_lonlat":[76.792763,35.500149,76.79365,35.502146],"representative_point_lonlat":[76.7932649,35.501316],"centroid_lonlat":[76.793248,35.5013223],"length_perimeter_km":0.479,"vertex_count":9},"geometry":{"type":"Polygon","coordinates":[[[76.792769,35.500414],[76.792999,35.500773],[76.793007,35.501136],[76.793237,35.501496],[76.793245,35.501859],[76.79342813951128,35.50214565314809],[76.7936503,35.5017548],[76.79276316705199,35.50014932998381],[76.792769,35.500414]]]}},{"type":"Feature","properties":{"kind":"RGI ice west of OSM AGPL, independent of NE B45","component":29,"not_evidence_of_pakistan_occupation":true,"area_km2":0.00373,"bounds_lonlat":[76.777566,35.605425,76.779244,35.607248],"representative_point_lonlat":[76.7785413,35.6062072],"centroid_lonlat":[76.7785426,35.6061871],"length_perimeter_km":0.511,"vertex_count":10},"geometry":{"type":"Polygon","coordinates":[[[76.779242,35.605427],[76.778872,35.605637],[76.778506,35.60605],[76.778262,35.60636],[76.778019,35.60667],[76.777776,35.60698],[76.77756581414093,35.60724813833875],[76.7788668,35.6060543],[76.77924443306205,35.60542545034182],[76.779242,35.605427]]]}},{"type":"Feature","properties":{"kind":"RGI ice west of OSM AGPL, independent of NE B45","component":30,"not_evidence_of_pakistan_occupation":true,"area_km2":0.003591,"bounds_lonlat":[76.976154,35.256486,76.976672,35.258575],"representative_point_lonlat":[76.9762741,35.2573705],"centroid_lonlat":[76.9763388,35.2576896],"length_perimeter_km":0.482,"vertex_count":8},"geometry":{"type":"Polygon","coordinates":[[[76.97616,35.256733],[76.97617,35.257158],[76.97618,35.257583],[76.976191,35.258007],[76.976457,35.258322],[76.9766719292313,35.25857476321584],[76.97615358091403,35.25648557341363],[76.97616,35.256733]]]}},{"type":"Feature","properties":{"kind":"RGI ice west of OSM AGPL, independent of NE B45","component":31,"not_evidence_of_pakistan_occupation":true,"area_km2":0.003375,"bounds_lonlat":[76.999054,35.289047,77.001851,35.290196],"representative_point_lonlat":[77.0005139,35.289635],"centroid_lonlat":[77.000483,35.2896202],"length_perimeter_km":0.576,"vertex_count":11},"geometry":{"type":"Polygon","coordinates":[[[76.999097,35.28907],[76.999491,35.289276],[77.000017,35.289586],[77.000538,35.289684],[77.000931,35.28989],[77.001452,35.289987],[77.001846,35.290193],[77.00185129120766,35.290195773508344],[77.0014061,35.2898621],[76.99905371151134,35.28904741949065],[76.999097,35.28907]]]}},{"type":"Feature","properties":{"kind":"RGI ice west of OSM AGPL, independent of NE B45","component":32,"not_evidence_of_pakistan_occupation":true,"area_km2":0.003106,"bounds_lonlat":[76.975436,35.253595,76.976093,35.256243],"representative_point_lonlat":[76.9756836,35.2549365],"centroid_lonlat":[76.9757063,35.2549614],"length_perimeter_km":0.607,"vertex_count":9},"geometry":{"type":"Polygon","coordinates":[[[76.975443,35.253877],[76.975453,35.254302],[76.975593,35.254724],[76.975603,35.255149],[76.975872,35.25557],[76.975883,35.255994],[76.9760934499375,35.25624321703123],[76.97543634354507,35.25359476631139],[76.975443,35.253877]]]}},{"type":"Feature","properties":{"kind":"RGI ice west of OSM AGPL, independent of NE B45","component":33,"not_evidence_of_pakistan_occupation":true,"area_km2":0.003035,"bounds_lonlat":[77.065151,35.175778,77.067294,35.176183],"representative_point_lonlat":[77.0663419,35.1760155],"centroid_lonlat":[77.0663768,35.1759952],"length_perimeter_km":0.406,"vertex_count":9},"geometry":{"type":"Polygon","coordinates":[[[77.067064,35.175778],[77.066593,35.175835],[77.066124,35.175939],[77.065714,35.176092],[77.065244,35.176148],[77.06515070222711,35.176182815998175],[77.0664296,35.1761388],[77.0672935240919,35.175821096295735],[77.067064,35.175778]]]}},{"type":"Feature","properties":{"kind":"RGI ice west of OSM AGPL, independent of NE B45","component":34,"not_evidence_of_pakistan_occupation":true,"area_km2":0.001618,"bounds_lonlat":[76.952955,35.368734,76.953621,35.369541],"representative_point_lonlat":[76.9530903,35.3692265],"centroid_lonlat":[76.9531825,35.3691125],"length_perimeter_km":0.232,"vertex_count":7},"geometry":{"type":"Polygon","coordinates":[[[76.953402,35.368828],[76.953308,35.368908],[76.952955,35.369055],[76.952963,35.369398],[76.95296642125288,35.36954131248201],[76.95362120986795,35.368733748286346],[76.953402,35.368828]]]}},{"type":"Feature","properties":{"kind":"RGI ice west of OSM AGPL, independent of NE B45","component":35,"not_evidence_of_pakistan_occupation":true,"area_km2":0.001089,"bounds_lonlat":[76.803197,35.481154,76.803918,35.481577],"representative_point_lonlat":[76.8037163,35.4813696],"centroid_lonlat":[76.803653,35.481389],"length_perimeter_km":0.177,"vertex_count":7},"geometry":{"type":"Polygon","coordinates":[[[76.803617,35.481314],[76.803232,35.481532],[76.803197,35.481577],[76.803691,35.481475],[76.80391767708781,35.48142525412326],[76.80389874645711,35.48115405018841],[76.803617,35.481314]]]}},{"type":"Feature","properties":{"kind":"RGI ice west of OSM AGPL, independent of NE B45","component":36,"not_evidence_of_pakistan_occupation":true,"area_km2":0.000996,"bounds_lonlat":[77.035259,35.18303,77.036243,35.183259],"representative_point_lonlat":[77.0358798,35.1831288],"centroid_lonlat":[77.0357764,35.1831432],"length_perimeter_km":0.191,"vertex_count":6},"geometry":{"type":"Polygon","coordinates":[[[77.036212,35.183105],[77.035779,35.18303],[77.035352,35.183201],[77.03525876011531,35.18325901592825],[77.03624258342957,35.18315260925632],[77.036212,35.183105]]]}},{"type":"Feature","properties":{"kind":"RGI ice west of OSM AGPL, independent of NE B45","component":37,"not_evidence_of_pakistan_occupation":true,"area_km2":0.000798,"bounds_lonlat":[76.774372,35.639163,76.775442,35.639468],"representative_point_lonlat":[76.7750197,35.63933],"centroid_lonlat":[76.7749568,35.6393052],"length_perimeter_km":0.21,"vertex_count":6},"geometry":{"type":"Polygon","coordinates":[[[76.774544,35.639195],[76.775244,35.639468],[76.77544181559344,35.63946495668318],[76.7748145,35.6391754],[76.77437180658318,35.63916263653142],[76.774544,35.639195]]]}},{"type":"Feature","properties":{"kind":"RGI ice west of OSM AGPL, independent of NE B45","component":38,"not_evidence_of_pakistan_occupation":true,"area_km2":0.000797,"bounds_lonlat":[76.765863,35.516081,76.766577,35.516337],"representative_point_lonlat":[76.7662373,35.5162338],"centroid_lonlat":[76.7661962,35.5162247],"length_perimeter_km":0.161,"vertex_count":7},"geometry":{"type":"Polygon","coordinates":[[[76.766474,35.516143],[76.766167,35.516203],[76.766013,35.516081],[76.76586349297267,35.51633687272338],[76.7659871,35.5163013],[76.76657691411307,35.51626469691698],[76.766474,35.516143]]]}},{"type":"Feature","properties":{"kind":"RGI ice west of OSM AGPL, independent of NE B45","component":39,"not_evidence_of_pakistan_occupation":true,"area_km2":0.000793,"bounds_lonlat":[76.992443,35.311894,76.993834,35.312071],"representative_point_lonlat":[76.9928508,35.311991],"centroid_lonlat":[76.9930311,35.3119586],"length_perimeter_km":0.259,"vertex_count":6},"geometry":{"type":"Polygon","coordinates":[[[76.993736,35.311896],[76.993276,35.311903],[76.992815,35.311911],[76.9924427009636,35.31207102327003],[76.99383420715948,35.31189429575428],[76.993736,35.311896]]]}},{"type":"Feature","properties":{"kind":"RGI ice west of OSM AGPL, independent of NE B45","component":40,"not_evidence_of_pakistan_occupation":true,"area_km2":0.000604,"bounds_lonlat":[76.994328,35.311677,76.995541,35.311832],"representative_point_lonlat":[76.9946842,35.3117618],"centroid_lonlat":[76.9948418,35.3117335],"length_perimeter_km":0.226,"vertex_count":5},"geometry":{"type":"Polygon","coordinates":[[[76.995113,35.311684],[76.994653,35.311692],[76.99432836698132,35.31183153524487],[76.99554121765968,35.31167749777958],[76.995113,35.311684]]]}},{"type":"Feature","properties":{"kind":"RGI ice west of OSM AGPL, independent of NE B45","component":41,"not_evidence_of_pakistan_occupation":true,"area_km2":0.000407,"bounds_lonlat":[76.980557,35.248064,76.981091,35.248326],"representative_point_lonlat":[76.9806502,35.2482546],"centroid_lonlat":[76.9807461,35.248191],"length_perimeter_km":0.121,"vertex_count":5},"geometry":{"type":"Polygon","coordinates":[[[76.980906,35.248105],[76.980557,35.248183],[76.98059006587388,35.2483262854535],[76.98109058401865,35.248064140625004],[76.980906,35.248105]]]}},{"type":"Feature","properties":{"kind":"RGI ice west of OSM AGPL, independent of NE B45","component":42,"not_evidence_of_pakistan_occupation":true,"area_km2":0.000329,"bounds_lonlat":[77.007596,35.196426,77.007994,35.197023],"representative_point_lonlat":[77.0077618,35.196723],"centroid_lonlat":[77.007738,35.1967613],"length_perimeter_km":0.153,"vertex_count":5},"geometry":{"type":"Polygon","coordinates":[[[77.007856,35.196567],[77.007596,35.196879],[77.00759954935377,35.19702294601377],[77.00799359562227,35.1964260600397],[77.007856,35.196567]]]}},{"type":"Feature","properties":{"kind":"RGI ice west of OSM AGPL, independent of NE B45","component":43,"not_evidence_of_pakistan_occupation":true,"area_km2":0.000245,"bounds_lonlat":[76.893938,35.386586,76.894839,35.386661],"representative_point_lonlat":[76.8945493,35.3866285],"centroid_lonlat":[76.89444,35.3866143],"length_perimeter_km":0.165,"vertex_count":5},"geometry":{"type":"Polygon","coordinates":[[[76.894545,35.386586],[76.894026,35.386594],[76.8939378335352,35.38659553184978],[76.89483863652148,35.38666137795762],[76.894545,35.386586]]]}},{"type":"Feature","properties":{"kind":"RGI ice west of OSM AGPL, independent of NE B45","component":44,"not_evidence_of_pakistan_occupation":true,"area_km2":0.000214,"bounds_lonlat":[76.789273,35.518264,76.790721,35.518586],"representative_point_lonlat":[76.7899071,35.518449],"centroid_lonlat":[76.7897968,35.5184734],"length_perimeter_km":0.272,"vertex_count":7},"geometry":{"type":"Polygon","coordinates":[[[76.790611,35.518286],[76.790118,35.518395],[76.789624,35.518503],[76.78927263172554,35.51857264055891],[76.7893673,35.5185858],[76.79072130131335,35.518264138478436],[76.790611,35.518286]]]}},{"type":"Feature","properties":{"kind":"RGI ice west of OSM AGPL, independent of NE B45","component":45,"not_evidence_of_pakistan_occupation":true,"area_km2":2.6e-05,"bounds_lonlat":[76.792804,35.493155,76.792885,35.493312],"representative_point_lonlat":[76.7928316,35.4932423],"centroid_lonlat":[76.7928439,35.4932132],"length_perimeter_km":0.039,"vertex_count":4},"geometry":{"type":"Polygon","coordinates":[[[76.792843,35.493173],[76.79280383883604,35.49331154185367],[76.79288493959947,35.49315510577089],[76.792843,35.493173]]]}},{"type":"Feature","properties":{"kind":"RGI ice west of OSM AGPL, independent of NE B45","component":46,"not_evidence_of_pakistan_occupation":true,"area_km2":1.6e-05,"bounds_lonlat":[77.021604,35.295439,77.021661,35.295494],"representative_point_lonlat":[77.021619,35.2954698],"centroid_lonlat":[77.0216235,35.2954595],"length_perimeter_km":0.019,"vertex_count":4},"geometry":{"type":"Polygon","coordinates":[[[77.0216054594011,35.29549411322417],[77.021661,35.2954455],[77.0216040326253,35.29543898779584],[77.0216054594011,35.29549411322417]]]}},{"type":"Feature","properties":{"kind":"RGI ice west of OSM AGPL, independent of NE B45","component":47,"not_evidence_of_pakistan_occupation":true,"area_km2":1.3e-05,"bounds_lonlat":[76.956839,35.36467,76.956916,35.364765],"representative_point_lonlat":[76.9568586,35.3647325],"centroid_lonlat":[76.956873,35.3647118],"length_perimeter_km":0.026,"vertex_count":4},"geometry":{"type":"Polygon","coordinates":[[[76.956864,35.3647],[76.9568392187408,35.36476491210432],[76.9569158949861,35.36467034572223],[76.956864,35.3647]]]}},{"type":"Feature","properties":{"kind":"RGI ice west of OSM AGPL, independent of NE B45","component":48,"not_evidence_of_pakistan_occupation":true,"area_km2":1.2e-05,"bounds_lonlat":[77.049085,35.179354,77.049362,35.179492],"representative_point_lonlat":[77.0492029,35.1794311],"centroid_lonlat":[77.0492529,35.1794053],"length_perimeter_km":0.059,"vertex_count":4},"geometry":{"type":"Polygon","coordinates":[[[77.049312,35.17937],[77.04908518404156,35.17949216911066],[77.04936156058518,35.179353797501],[77.049312,35.17937]]]}},{"type":"Feature","properties":{"kind":"RGI ice west of OSM AGPL, independent of NE B45","component":49,"not_evidence_of_pakistan_occupation":true,"area_km2":1.1e-05,"bounds_lonlat":[77.052001,35.177327,77.052069,35.177382],"representative_point_lonlat":[77.0520161,35.177362],"centroid_lonlat":[77.0520275,35.1773503],"length_perimeter_km":0.019,"vertex_count":4},"geometry":{"type":"Polygon","coordinates":[[[77.052012,35.177342],[77.0520009532966,35.177381907460074],[77.05206943392274,35.177326858329465],[77.052012,35.177342]]]}},{"type":"Feature","properties":{"kind":"RGI ice west of OSM AGPL, independent of NE B45","component":50,"not_evidence_of_pakistan_occupation":true,"area_km2":4e-06,"bounds_lonlat":[76.798588,35.488988,76.79871,35.489047],"representative_point_lonlat":[76.7986456,35.4890193],"centroid_lonlat":[76.798667,35.4890088],"length_perimeter_km":0.026,"vertex_count":4},"geometry":{"type":"Polygon","coordinates":[[[76.798703,35.488988],[76.79858827868053,35.48904697191422],[76.79870975694679,35.488991556287786],[76.798703,35.488988]]]}},{"type":"Feature","properties":{"kind":"RGI ice west of OSM AGPL, independent of NE B45","component":51,"not_evidence_of_pakistan_occupation":true,"area_km2":0.0,"bounds_lonlat":[76.774131,35.515795,76.774148,35.515796],"representative_point_lonlat":[76.7741368,35.5157954],"centroid_lonlat":[76.7741394,35.5157952],"length_perimeter_km":0.003,"vertex_count":4},"geometry":{"type":"Polygon","coordinates":[[[76.774139,35.515795],[76.77413142623826,35.515795873895584],[76.77414779340498,35.515794858170885],[76.774139,35.515795]]]}}]}
