{
  "type": "FeatureCollection",
  "name": "austro-hungarian-empire-1914-italy-border",
  "metadata": {
    "status": "reworked-tripoint-corrected",
    "reference_date": "1914-07-28",
    "primary_source": "ACDH-CH HistoGIS Italia 1870-10-10–1919-12-31, with local modern Trentino-Alto Adige regional-boundary correction at the historic Stelvio tripoint",
    "rationale": "Use the state-border layer as primary authority for the Austria-Hungary–Italy external frontier. Crownland layers are retained as secondary cross-checks because the Tyrol layer contains multi-kilometre local divergence from the state-border layer.",
    "anchors": {
      "swiss_tripoint": [
        10.452726,
        46.530948
      ],
      "tyrol_carinthia": [
        12.691145,
        46.656343
      ],
      "carinthia_gorizia": [
        13.516444,
        46.382974
      ],
      "adriatic_endpoint": [
        13.235521,
        45.683046
      ]
    },
    "west_anchor_adjustment_m": 91.332,
    "adriatic_anchor_adjustment_m": 0.052,
    "tripoint_local_correction": {
      "historical_anchor": [
        10.452726,
        46.530948
      ],
      "modern_boundary_source": "mcortella/geojson_italian_regions/trentino-altoadige.geojson",
      "rejoin_point": [
        10.53971197373467,
        46.49270416373264
      ],
      "local_path_length_km": 9.661,
      "reason": "HistoGIS Italy/Switzerland state polygons misplace the local three-state junction; Piz da las Trais Linguas is retained as the verified pre-1919 tripoint."
    }
  },
  "features": [
    {
      "type": "Feature",
      "properties": {
        "id": "AH1914_ITALY_FULL",
        "name": "Austria-Hungary–Kingdom of Italy border, 1914",
        "sector": "full",
        "reference_date": "1914-07-28",
        "source": "ACDH-CH HistoGIS",
        "source_state": "Italia (1870-10-10–1919-12-31)",
        "method": "Hybrid external frontier: modern Trentino-Alto Adige regional boundary for the historical Stelvio tripoint correction, then HistoGIS Italy state-border geometry; fixed historical anchors retained.",
        "length_km_approx": 715.487,
        "vertex_count": 560
      },
      "geometry": {
        "type": "LineString",
        "coordinates": [
          [
            10.452726,
            46.530948
          ],
          [
            10.453006598795485,
            46.527997749229634
          ],
          [
            10.453066815121701,
            46.527392420974714
          ],
          [
            10.453191362683231,
            46.5268447149868
          ],
          [
            10.453284629986854,
            46.52645639591658
          ],
          [
            10.45710987924473,
            46.512681517235016
          ],
          [
            10.457215316032215,
            46.512356188365146
          ],
          [
            10.457460205323489,
            46.51170513276601
          ],
          [
            10.457731608157292,
            46.51099335923928
          ],
          [
            10.457930228576279,
            46.510576843742776
          ],
          [
            10.458140439153638,
            46.51039467246768
          ],
          [
            10.458628464923288,
            46.509997372015896
          ],
          [
            10.45920895004076,
            46.509526931416495
          ],
          [
            10.469253657878468,
            46.502568054786074
          ],
          [
            10.469991424067308,
            46.50208928395114
          ],
          [
            10.470720600525436,
            46.501625833560645
          ],
          [
            10.471699825197557,
            46.50102785694016
          ],
          [
            10.472334052236118,
            46.500804104006136
          ],
          [
            10.472819111207592,
            46.5006709629527
          ],
          [
            10.472967916841002,
            46.50058444614327
          ],
          [
            10.47354084513155,
            46.50005418957957
          ],
          [
            10.47457747207674,
            46.49906566668195
          ],
          [
            10.47472788673924,
            46.49891843230817
          ],
          [
            10.474868655466313,
            46.498746526319565
          ],
          [
            10.475026076244692,
            46.498546496570334
          ],
          [
            10.475850239873559,
            46.49726201554827
          ],
          [
            10.476084367064411,
            46.49684000708326
          ],
          [
            10.476112977485284,
            46.49597117272252
          ],
          [
            10.476095771269906,
            46.49558897997145
          ],
          [
            10.484519399589027,
            46.49358495750322
          ],
          [
            10.493277209340416,
            46.49809904022981
          ],
          [
            10.499669255893128,
            46.49674513437685
          ],
          [
            10.503921866678022,
            46.496248705087496
          ],
          [
            10.511195984058281,
            46.495454433804845
          ],
          [
            10.531102709103958,
            46.49345359981217
          ],
          [
            10.53971197373467,
            46.49270416373264
          ],
          [
            10.56624752262725,
            46.47659840705275
          ],
          [
            10.59516466063416,
            46.46192893994096
          ],
          [
            10.59567494296415,
            46.46008046471454
          ],
          [
            10.59988907952536,
            46.4448125417165
          ],
          [
            10.60908941804472,
            46.43661631472849
          ],
          [
            10.62660454290853,
            46.42921110133747
          ],
          [
            10.63375301765745,
            46.41359062958617
          ],
          [
            10.63267441097195,
            46.38864901096613
          ],
          [
            10.59683172793413,
            46.37134236465285
          ],
          [
            10.56725040944461,
            46.36575566541607
          ],
          [
            10.53081167051864,
            46.36092379400646
          ],
          [
            10.52245794279373,
            46.34617445503959
          ],
          [
            10.49172361598004,
            46.332105347423
          ],
          [
            10.50312388196796,
            46.32303628020123
          ],
          [
            10.5296561618428,
            46.31582898132847
          ],
          [
            10.56242453321843,
            46.3031210130657
          ],
          [
            10.56231407466293,
            46.28119359972985
          ],
          [
            10.56273044106783,
            46.27815606154123
          ],
          [
            10.57064188978574,
            46.22040728324887
          ],
          [
            10.54106949742777,
            46.18866493383167
          ],
          [
            10.5273189434212,
            46.17119054879772
          ],
          [
            10.50695158999001,
            46.16470077016773
          ],
          [
            10.50680937949543,
            46.15902544982163
          ],
          [
            10.53206821586328,
            46.15246950073119
          ],
          [
            10.55652931413843,
            46.15089944402658
          ],
          [
            10.59421816444753,
            46.14834847286954
          ],
          [
            10.58802441467128,
            46.13826773487957
          ],
          [
            10.58320633733403,
            46.1236274515704
          ],
          [
            10.59760327167199,
            46.10433908586617
          ],
          [
            10.59063580521714,
            46.07725940639929
          ],
          [
            10.58460155154431,
            46.07164106344641
          ],
          [
            10.57093537233679,
            46.05891471052334
          ],
          [
            10.56530134673434,
            46.04201779981165
          ],
          [
            10.53932630396872,
            46.02418630078886
          ],
          [
            10.51214097924816,
            46.0387170997295
          ],
          [
            10.48840009631678,
            46.03671746851201
          ],
          [
            10.48368989852897,
            46.0260846716177
          ],
          [
            10.48433945146455,
            46.02279994291435
          ],
          [
            10.48646786003402,
            46.00779726032025
          ],
          [
            10.48329572669677,
            45.99428652446785
          ],
          [
            10.48328923558263,
            45.97987950023047
          ],
          [
            10.4877807836868,
            45.97092854055575
          ],
          [
            10.48975942777485,
            45.96235376593733
          ],
          [
            10.48502830798031,
            45.95404331791309
          ],
          [
            10.48330929820243,
            45.95102348274555
          ],
          [
            10.48579613323333,
            45.94418405568241
          ],
          [
            10.49206013069406,
            45.94178234417569
          ],
          [
            10.49224305074131,
            45.93308544114245
          ],
          [
            10.50385664184869,
            45.92602757422429
          ],
          [
            10.50890109052706,
            45.92345170211203
          ],
          [
            10.51089328987173,
            45.91581218047673
          ],
          [
            10.50760662832,
            45.90952134974276
          ],
          [
            10.50705843756355,
            45.90310204002834
          ],
          [
            10.49907890551837,
            45.89880671957295
          ],
          [
            10.49435744177323,
            45.89984767426829
          ],
          [
            10.49265507101043,
            45.89658341238015
          ],
          [
            10.49697131127922,
            45.89307319303335
          ],
          [
            10.49040007986719,
            45.88745264423931
          ],
          [
            10.49311945185282,
            45.88221573407859
          ],
          [
            10.49843270549231,
            45.87740644841743
          ],
          [
            10.50198597049894,
            45.87765582510983
          ],
          [
            10.50433542981448,
            45.87432006974363
          ],
          [
            10.50186534320498,
            45.86832053590538
          ],
          [
            10.50213015794746,
            45.86674295559886
          ],
          [
            10.50269386142135,
            45.86338465699179
          ],
          [
            10.50141102632299,
            45.8582935174142
          ],
          [
            10.50574154503251,
            45.85147303597449
          ],
          [
            10.50818512130537,
            45.84068799773272
          ],
          [
            10.50242368677399,
            45.83225325065683
          ],
          [
            10.50742085119038,
            45.8236202043697
          ],
          [
            10.51954434625839,
            45.82660450513102
          ],
          [
            10.5260276421512,
            45.82686928833471
          ],
          [
            10.53413141502877,
            45.8222098077969
          ],
          [
            10.53541464690082,
            45.81084771420102
          ],
          [
            10.54735489048572,
            45.77360169717794
          ],
          [
            10.55980637894199,
            45.76489961852037
          ],
          [
            10.56659339448435,
            45.75714596616567
          ],
          [
            10.57096075953743,
            45.74382244756701
          ],
          [
            10.56238975138835,
            45.73463940228718
          ],
          [
            10.56467299327537,
            45.73187989200598
          ],
          [
            10.57151517072235,
            45.72600873250244
          ],
          [
            10.59156797002352,
            45.73204467383245
          ],
          [
            10.61035091049667,
            45.7355914457945
          ],
          [
            10.62675206969651,
            45.74315577810961
          ],
          [
            10.65091006678911,
            45.75095024617688
          ],
          [
            10.64974287074348,
            45.76259806520775
          ],
          [
            10.65837606296649,
            45.76870521349676
          ],
          [
            10.66904182165106,
            45.7751111603101
          ],
          [
            10.66589753610016,
            45.7825978085408
          ],
          [
            10.65284695916544,
            45.79859682363037
          ],
          [
            10.64248639619369,
            45.8017218236418
          ],
          [
            10.65040959828492,
            45.8143683012304
          ],
          [
            10.65333791220951,
            45.8226509311489
          ],
          [
            10.65356156580621,
            45.83056442855265
          ],
          [
            10.66477194536524,
            45.83196162923382
          ],
          [
            10.67918571092958,
            45.83120874655321
          ],
          [
            10.69713567723606,
            45.83889917946776
          ],
          [
            10.69891788668858,
            45.84148746444806
          ],
          [
            10.70822459070971,
            45.83649077261721
          ],
          [
            10.72771560065273,
            45.84303023984096
          ],
          [
            10.74741286007033,
            45.83514065176747
          ],
          [
            10.75692035933283,
            45.82984896632001
          ],
          [
            10.77396444928487,
            45.84284362233646
          ],
          [
            10.77862309667606,
            45.8408812348386
          ],
          [
            10.78531151597266,
            45.83491750351218
          ],
          [
            10.79074909193251,
            45.83387683202257
          ],
          [
            10.80147949727928,
            45.83515957234398
          ],
          [
            10.82665800627633,
            45.83816497621208
          ],
          [
            10.84381724763821,
            45.83134711090086
          ],
          [
            10.86635969753797,
            45.82238907092687
          ],
          [
            10.85562915597793,
            45.81787765994746
          ],
          [
            10.86476036190366,
            45.8095773580568
          ],
          [
            10.87107363742455,
            45.80685244378597
          ],
          [
            10.87943579878349,
            45.79395674457085
          ],
          [
            10.8757043665841,
            45.77306835183349
          ],
          [
            10.8693598998691,
            45.75981652655869
          ],
          [
            10.86671633231931,
            45.75804935431106
          ],
          [
            10.86329336994374,
            45.7395900721449
          ],
          [
            10.84957540849582,
            45.71985843103578
          ],
          [
            10.85092497058862,
            45.70093472979564
          ],
          [
            10.89312525019263,
            45.69579145787259
          ],
          [
            10.9198555193797,
            45.66572881917198
          ],
          [
            10.95281442906925,
            45.66093004860678
          ],
          [
            10.95780042682905,
            45.66922428774249
          ],
          [
            10.97107081018791,
            45.66948106045457
          ],
          [
            10.98814150911993,
            45.68118137765296
          ],
          [
            11.00749488949778,
            45.70346478941516
          ],
          [
            11.05144834695441,
            45.70661013244929
          ],
          [
            11.0919114553528,
            45.68804054430969
          ],
          [
            11.13083590151318,
            45.68914566969044
          ],
          [
            11.14168766730005,
            45.6976389394745
          ],
          [
            11.14287571263399,
            45.70904923487743
          ],
          [
            11.15542451263045,
            45.72295212533954
          ],
          [
            11.17712740483967,
            45.73516400255541
          ],
          [
            11.17866602097999,
            45.7540137721634
          ],
          [
            11.1828114281613,
            45.7652159209163
          ],
          [
            11.17647650194639,
            45.78756924621863
          ],
          [
            11.2029018279148,
            45.78289748178122
          ],
          [
            11.19174524159213,
            45.79780265404455
          ],
          [
            11.19122820362723,
            45.81495884687887
          ],
          [
            11.21821603101091,
            45.83339163529133
          ],
          [
            11.22453074155634,
            45.84979251221173
          ],
          [
            11.24572623424431,
            45.85946643057137
          ],
          [
            11.24145800289775,
            45.88174388501881
          ],
          [
            11.26346725908135,
            45.92021177901513
          ],
          [
            11.28660590045204,
            45.91646270584877
          ],
          [
            11.3074472702317,
            45.90801672820205
          ],
          [
            11.35324848981758,
            45.89127125709573
          ],
          [
            11.36625526089366,
            45.90292465262979
          ],
          [
            11.35918457852452,
            45.94243341379097
          ],
          [
            11.38737987006268,
            45.94347844461445
          ],
          [
            11.37468356674234,
            45.97564024819756
          ],
          [
            11.38255139393314,
            45.98690873207342
          ],
          [
            11.39922198947298,
            45.97948494589821
          ],
          [
            11.46439631195471,
            45.98617911075949
          ],
          [
            11.49331909678099,
            46.01177310184116
          ],
          [
            11.50750631694467,
            46.01806427804368
          ],
          [
            11.56385630052675,
            46.01721839952476
          ],
          [
            11.57309205346897,
            45.98097737593455
          ],
          [
            11.61456471307095,
            45.96649404797412
          ],
          [
            11.62862435494406,
            45.96989430958067
          ],
          [
            11.62946407596778,
            45.96027301409039
          ],
          [
            11.6569721398196,
            45.96527538602443
          ],
          [
            11.67687925262781,
            45.96579111339294
          ],
          [
            11.70155064943541,
            45.96643026092009
          ],
          [
            11.6834033557194,
            45.97538775865554
          ],
          [
            11.68358057049968,
            45.98137663293622
          ],
          [
            11.68920990420102,
            45.98853431037519
          ],
          [
            11.6767297637744,
            46.00403954775436
          ],
          [
            11.66758711849876,
            46.01698414413687
          ],
          [
            11.68179738640063,
            46.02783721433349
          ],
          [
            11.66605799468494,
            46.03665217613123
          ],
          [
            11.67877031701156,
            46.04564255902209
          ],
          [
            11.7016696109995,
            46.04440560283083
          ],
          [
            11.7060542298476,
            46.04596417519681
          ],
          [
            11.70394391410771,
            46.05382216977799
          ],
          [
            11.70012875277433,
            46.05547732292648
          ],
          [
            11.69804439812691,
            46.05910066821362
          ],
          [
            11.69419462642921,
            46.06221095972547
          ],
          [
            11.69306248642848,
            46.06197481115854
          ],
          [
            11.69198729658186,
            46.06249555901917
          ],
          [
            11.69055033733707,
            46.06251524279516
          ],
          [
            11.68912955108018,
            46.06320636219515
          ],
          [
            11.68742063414586,
            46.0645490730616
          ],
          [
            11.68643832403007,
            46.06657124069113
          ],
          [
            11.68708675851373,
            46.06756512340323
          ],
          [
            11.68794176303964,
            46.06866916266201
          ],
          [
            11.68577942256024,
            46.07057539405388
          ],
          [
            11.68456849177117,
            46.07568014320383
          ],
          [
            11.68225142388267,
            46.07871022566037
          ],
          [
            11.6851625821317,
            46.0799773720447
          ],
          [
            11.6831069672139,
            46.08213040928037
          ],
          [
            11.68217366081033,
            46.0891339265322
          ],
          [
            11.68426774999742,
            46.09219375671968
          ],
          [
            11.69084861016348,
            46.09503873395167
          ],
          [
            11.69662562183278,
            46.09330903143857
          ],
          [
            11.70324329936279,
            46.09071567270165
          ],
          [
            11.70967527808308,
            46.09744069491697
          ],
          [
            11.7156337560994,
            46.10229306572594
          ],
          [
            11.72225370224611,
            46.10318712866653
          ],
          [
            11.72797576789006,
            46.10392633903656
          ],
          [
            11.73373531140061,
            46.10352421176304
          ],
          [
            11.73957227285814,
            46.10510666188627
          ],
          [
            11.74355394030021,
            46.10473398421557
          ],
          [
            11.75010040992025,
            46.10454527963148
          ],
          [
            11.76001281278763,
            46.09585459429908
          ],
          [
            11.77425932337238,
            46.10613879990031
          ],
          [
            11.7984732510324,
            46.10332590066013
          ],
          [
            11.81484222750449,
            46.10366914545728
          ],
          [
            11.82217938853477,
            46.10691191160326
          ],
          [
            11.83280871139281,
            46.10900760517269
          ],
          [
            11.85750549001433,
            46.11340400199007
          ],
          [
            11.87311016633192,
            46.1154895682573
          ],
          [
            11.89004622416719,
            46.11874062358844
          ],
          [
            11.90746250051866,
            46.13458616455699
          ],
          [
            11.90372262235726,
            46.13833452285576
          ],
          [
            11.91145867199484,
            46.14158414436147
          ],
          [
            11.92135565859654,
            46.14926285620874
          ],
          [
            11.91839412554554,
            46.15546072267666
          ],
          [
            11.92661827290943,
            46.16480822195246
          ],
          [
            11.92903923154202,
            46.17598509059108
          ],
          [
            11.95234387989615,
            46.16903401343616
          ],
          [
            11.94876725552511,
            46.18009548479812
          ],
          [
            11.95359574520227,
            46.18159000582788
          ],
          [
            11.96069685730953,
            46.18873331377581
          ],
          [
            11.96164027506769,
            46.19970659904588
          ],
          [
            11.93961072768178,
            46.20120890767419
          ],
          [
            11.92361140803964,
            46.21772572718771
          ],
          [
            11.91156978396779,
            46.22544623832207
          ],
          [
            11.91754288659174,
            46.23849327812131
          ],
          [
            11.92302615848249,
            46.24165060476169
          ],
          [
            11.92874191193555,
            46.24830777779572
          ],
          [
            11.9124120463389,
            46.25273236329999
          ],
          [
            11.9050782459147,
            46.2561937992232
          ],
          [
            11.8936712957251,
            46.25112273554452
          ],
          [
            11.88396550498681,
            46.26104445388388
          ],
          [
            11.88695492632,
            46.26477942251337
          ],
          [
            11.88781728539912,
            46.27442056374795
          ],
          [
            11.88464976294884,
            46.27901805009938
          ],
          [
            11.87952933145096,
            46.27819263333659
          ],
          [
            11.87265335122359,
            46.27612464770566
          ],
          [
            11.86225352210834,
            46.27109617220847
          ],
          [
            11.84505459026478,
            46.27140930029923
          ],
          [
            11.83717617007311,
            46.27046487941227
          ],
          [
            11.82693839163522,
            46.28479432797173
          ],
          [
            11.83221895320254,
            46.2978097844398
          ],
          [
            11.83682338690585,
            46.30222424277322
          ],
          [
            11.8411143735767,
            46.30653067128347
          ],
          [
            11.83144752502855,
            46.31317892473152
          ],
          [
            11.83417212664616,
            46.31470280427894
          ],
          [
            11.8315762966617,
            46.31715239009991
          ],
          [
            11.83273628009929,
            46.32523435491946
          ],
          [
            11.81643683109154,
            46.32932428521056
          ],
          [
            11.81315042691302,
            46.331517676852
          ],
          [
            11.80315230985642,
            46.3330827972849
          ],
          [
            11.80161716398823,
            46.34445360740584
          ],
          [
            11.7837168155213,
            46.34909196661334
          ],
          [
            11.77758400378966,
            46.35148608153818
          ],
          [
            11.77472047744023,
            46.35800252777739
          ],
          [
            11.77823479830126,
            46.36140815225224
          ],
          [
            11.7845036252273,
            46.3639745201632
          ],
          [
            11.80393812888921,
            46.36474380842641
          ],
          [
            11.81620628461507,
            46.37503539839258
          ],
          [
            11.82770691896323,
            46.36722764389366
          ],
          [
            11.83415122282143,
            46.35973225395364
          ],
          [
            11.83231472610021,
            46.38326763935296
          ],
          [
            11.83562229019674,
            46.39586795388099
          ],
          [
            11.8437477004083,
            46.42571953475386
          ],
          [
            11.84737215585921,
            46.43166268321091
          ],
          [
            11.85153555537893,
            46.43429793461061
          ],
          [
            11.85686429674917,
            46.43493366815215
          ],
          [
            11.86344551443288,
            46.43329820022196
          ],
          [
            11.87059596361995,
            46.43316760990101
          ],
          [
            11.8757536571202,
            46.43493366815215
          ],
          [
            11.87936098479551,
            46.43810735920652
          ],
          [
            11.89616176003362,
            46.44784123900822
          ],
          [
            11.88903830317295,
            46.45291515915377
          ],
          [
            11.88678036078735,
            46.46475599121068
          ],
          [
            11.89456391631712,
            46.46364448710042
          ],
          [
            11.91161812944943,
            46.46314321311591
          ],
          [
            11.91829426854203,
            46.4633611588937
          ],
          [
            11.93070330801819,
            46.45887649373009
          ],
          [
            11.9461695222889,
            46.47570636247552
          ],
          [
            11.9503555589211,
            46.47735024774516
          ],
          [
            11.97110221235988,
            46.46654306788899
          ],
          [
            11.99002321320054,
            46.44225996200613
          ],
          [
            11.9971720169319,
            46.43676810121186
          ],
          [
            12.0059220695746,
            46.4383697705295
          ],
          [
            12.02811833863894,
            46.44544310411053
          ],
          [
            12.02767537206408,
            46.44989047062657
          ],
          [
            12.03128238560226,
            46.45324755581008
          ],
          [
            12.0327025255177,
            46.47616100010266
          ],
          [
            12.04394808903636,
            46.48202752040426
          ],
          [
            12.05464887242634,
            46.48064148114588
          ],
          [
            12.05129498264522,
            46.49057572664284
          ],
          [
            12.05838244784306,
            46.49772029022537
          ],
          [
            12.08660574675588,
            46.49149063169634
          ],
          [
            12.10464081444681,
            46.47135916534874
          ],
          [
            12.11858592474512,
            46.4637748713277
          ],
          [
            12.12982662827484,
            46.46177013465268
          ],
          [
            12.14644820064929,
            46.4671539505168
          ],
          [
            12.16072983509761,
            46.48030381223503
          ],
          [
            12.18722719432549,
            46.49508336681988
          ],
          [
            12.19648170067045,
            46.50738237441514
          ],
          [
            12.22720420371575,
            46.50629102372759
          ],
          [
            12.23689797751361,
            46.50856603444132
          ],
          [
            12.2391760913272,
            46.51997568627746
          ],
          [
            12.25664163056473,
            46.53608447328966
          ],
          [
            12.24481059829064,
            46.54908874072612
          ],
          [
            12.24306938326049,
            46.56605286619549
          ],
          [
            12.22120430457554,
            46.57350806283052
          ],
          [
            12.19691520528646,
            46.57829683559536
          ],
          [
            12.19207497587249,
            46.59439910786303
          ],
          [
            12.21115023734633,
            46.6088993353741
          ],
          [
            12.24145419883668,
            46.61679846703866
          ],
          [
            12.25941726822862,
            46.62996961562438
          ],
          [
            12.26967750405361,
            46.62090320453749
          ],
          [
            12.28320769901442,
            46.61681820870291
          ],
          [
            12.30713982009933,
            46.61986008810794
          ],
          [
            12.31491424834232,
            46.62404606827538
          ],
          [
            12.31504953388469,
            46.63027079732404
          ],
          [
            12.33561293632457,
            46.62869145623099
          ],
          [
            12.3404832158498,
            46.63138559858519
          ],
          [
            12.34535349537504,
            46.62534681708673
          ],
          [
            12.36048609329579,
            46.61917690521951
          ],
          [
            12.3795332146201,
            46.62125090554812
          ],
          [
            12.39064533089381,
            46.6275928804606
          ],
          [
            12.37701031228907,
            46.63658770086383
          ],
          [
            12.38079883340543,
            46.64271711689986
          ],
          [
            12.39392402776763,
            46.64112268613894
          ],
          [
            12.40592427101684,
            46.64337182506067
          ],
          [
            12.43420794614628,
            46.66790949473958
          ],
          [
            12.47740711441661,
            46.6795995772445
          ],
          [
            12.48223452819104,
            46.67687577372591
          ],
          [
            12.50571540751733,
            46.67824366073025
          ],
          [
            12.52799029813911,
            46.67442285481354
          ],
          [
            12.52849654565324,
            46.66990700861016
          ],
          [
            12.54704859652589,
            46.65869314313788
          ],
          [
            12.55773233959432,
            46.65696528274179
          ],
          [
            12.55905040950748,
            46.65321720620988
          ],
          [
            12.57051508932614,
            46.65079733020791
          ],
          [
            12.57659005949571,
            46.65679154722891
          ],
          [
            12.60327951724521,
            46.65679323658699
          ],
          [
            12.61303988051317,
            46.65826828129597
          ],
          [
            12.61886172692568,
            46.66148221015077
          ],
          [
            12.62905833909825,
            46.66158166561738
          ],
          [
            12.63282781699594,
            46.65560409745115
          ],
          [
            12.64447448939814,
            46.65206553703955
          ],
          [
            12.65977075690971,
            46.65779261515686
          ],
          [
            12.691145,
            46.656343
          ],
          [
            12.69973476730815,
            46.65123171608816
          ],
          [
            12.71519975617919,
            46.64833335731844
          ],
          [
            12.73061212621962,
            46.63489746475754
          ],
          [
            12.73745859762483,
            46.63456816101574
          ],
          [
            12.7446837272832,
            46.63735938756441
          ],
          [
            12.75178287270411,
            46.64568105989716
          ],
          [
            12.76221750681678,
            46.6473144122528
          ],
          [
            12.77433643435913,
            46.64689753282359
          ],
          [
            12.795068642494,
            46.64164113000596
          ],
          [
            12.79910346770497,
            46.63609425511171
          ],
          [
            12.80888057941954,
            46.63092582711609
          ],
          [
            12.81618476213153,
            46.63203588871654
          ],
          [
            12.8194623044002,
            46.6283782841837
          ],
          [
            12.83022006407549,
            46.63098562727704
          ],
          [
            12.83705440551626,
            46.62698764984369
          ],
          [
            12.83389035855294,
            46.62029472239589
          ],
          [
            12.83395654224455,
            46.60950244892837
          ],
          [
            12.8538436226904,
            46.60507510169069
          ],
          [
            12.86629019945734,
            46.60916698600727
          ],
          [
            12.88494225630612,
            46.60733025499839
          ],
          [
            12.89842109636986,
            46.60941695050134
          ],
          [
            12.91805400777727,
            46.6087322624005
          ],
          [
            12.93306741061823,
            46.61013423351434
          ],
          [
            12.94863452167776,
            46.60270011230087
          ],
          [
            12.95399758128059,
            46.60664554052025
          ],
          [
            12.97828690534187,
            46.60075806620727
          ],
          [
            12.98838822583865,
            46.59910556623363
          ],
          [
            12.99864988475603,
            46.60296132110616
          ],
          [
            13.00810985157048,
            46.59910556623363
          ],
          [
            13.02270064784363,
            46.60205248931725
          ],
          [
            13.03167959939632,
            46.59654409167199
          ],
          [
            13.06118186878376,
            46.59698478409153
          ],
          [
            13.08491195503017,
            46.60161183811347
          ],
          [
            13.10463358076199,
            46.59480883043108
          ],
          [
            13.11313151705294,
            46.5953597130355
          ],
          [
            13.1259470417785,
            46.59215915287636
          ],
          [
            13.13532575769617,
            46.57909617472595
          ],
          [
            13.16129206580554,
            46.56438599282998
          ],
          [
            13.21270588123651,
            46.52680073535959
          ],
          [
            13.23637674012328,
            46.52532808738294
          ],
          [
            13.30162351102322,
            46.50823394286214
          ],
          [
            13.34808754067961,
            46.48316606249768
          ],
          [
            13.34566704475267,
            46.47872141366757
          ],
          [
            13.35221662196674,
            46.47646626917281
          ],
          [
            13.36099370993595,
            46.47726701225348
          ],
          [
            13.3793461391424,
            46.47354827414279
          ],
          [
            13.38961565707321,
            46.47777361070056
          ],
          [
            13.40019939416553,
            46.47296897619922
          ],
          [
            13.40689135349296,
            46.47381880637816
          ],
          [
            13.41576650522508,
            46.47280554579726
          ],
          [
            13.42171095845742,
            46.47729970302598
          ],
          [
            13.43554699551266,
            46.47344427598853
          ],
          [
            13.44732787368422,
            46.47336120716158
          ],
          [
            13.45382999019385,
            46.47676042375505
          ],
          [
            13.46222160251665,
            46.4645150205514
          ],
          [
            13.45481588923822,
            46.4574443550583
          ],
          [
            13.43977942433679,
            46.45323268088494
          ],
          [
            13.43385414311603,
            46.43546681136579
          ],
          [
            13.47141000822064,
            46.41622813718055
          ],
          [
            13.47813458292689,
            46.41788754165407
          ],
          [
            13.48686532190108,
            46.41297358283815
          ],
          [
            13.5009662074717,
            46.40907976227262
          ],
          [
            13.50393660814047,
            46.39968364365401
          ],
          [
            13.516444,
            46.382974
          ],
          [
            13.51753305103677,
            46.37759644268579
          ],
          [
            13.51307209247459,
            46.37763824953549
          ],
          [
            13.49797098023655,
            46.37105822226212
          ],
          [
            13.48586111618267,
            46.37072339825132
          ],
          [
            13.46965060244593,
            46.36130982919281
          ],
          [
            13.45040493812926,
            46.36314088657427
          ],
          [
            13.43824925858938,
            46.35961443632181
          ],
          [
            13.43671196418159,
            46.35518978768238
          ],
          [
            13.44921465318508,
            46.33529372564246
          ],
          [
            13.43852348175895,
            46.32269335873928
          ],
          [
            13.42670882623647,
            46.32258018071548
          ],
          [
            13.41603606258583,
            46.3164163525682
          ],
          [
            13.4177548373744,
            46.30562287017754
          ],
          [
            13.4066310546702,
            46.30558859422862
          ],
          [
            13.4032975358187,
            46.30042137699658
          ],
          [
            13.37552852736783,
            46.2982436472078
          ],
          [
            13.37753282583824,
            46.29120972445268
          ],
          [
            13.37997808052652,
            46.28882352584437
          ],
          [
            13.38187436929855,
            46.28906729446913
          ],
          [
            13.3837938267097,
            46.29038298294441
          ],
          [
            13.38652752738373,
            46.29076928287055
          ],
          [
            13.38835385562385,
            46.28567053254351
          ],
          [
            13.39242810127285,
            46.28259924938232
          ],
          [
            13.39213698609124,
            46.27834718870837
          ],
          [
            13.3928147113576,
            46.27007862099384
          ],
          [
            13.39472927153469,
            46.26858595926596
          ],
          [
            13.39378204248074,
            46.26596137987817
          ],
          [
            13.39862526704152,
            46.25342271359749
          ],
          [
            13.4015130785387,
            46.25239436619169
          ],
          [
            13.40558183446172,
            46.2436324630391
          ],
          [
            13.41201655280776,
            46.23895851596016
          ],
          [
            13.42264139283252,
            46.23450387372431
          ],
          [
            13.42239484793369,
            46.23129647408398
          ],
          [
            13.41910742672345,
            46.22993432123285
          ],
          [
            13.41166129680155,
            46.22754085232348
          ],
          [
            13.4113840042355,
            46.22610314171235
          ],
          [
            13.4152257115123,
            46.22460764274656
          ],
          [
            13.41645170670533,
            46.2229475885234
          ],
          [
            13.41485774615661,
            46.21875373137124
          ],
          [
            13.41007593837607,
            46.21700939803701
          ],
          [
            13.40896530413371,
            46.21481742487725
          ],
          [
            13.41122186944326,
            46.21188775880345
          ],
          [
            13.42230060845061,
            46.20874697714219
          ],
          [
            13.42344498716728,
            46.20589290842618
          ],
          [
            13.43583734867979,
            46.21143268177608
          ],
          [
            13.44617356226674,
            46.21271398214689
          ],
          [
            13.44839586165202,
            46.21610819243011
          ],
          [
            13.44398619609396,
            46.22544497659339
          ],
          [
            13.44606742041587,
            46.22575601412532
          ],
          [
            13.4486086298552,
            46.22518575047383
          ],
          [
            13.45692185672889,
            46.22622292213408
          ],
          [
            13.4654990420548,
            46.22353114723357
          ],
          [
            13.47405494740789,
            46.22559690180476
          ],
          [
            13.49728358014953,
            46.22155679754445
          ],
          [
            13.49785470658844,
            46.21717743140434
          ],
          [
            13.51702723989412,
            46.21968997142033
          ],
          [
            13.52989524783983,
            46.21656352378646
          ],
          [
            13.52986127459873,
            46.21211971948065
          ],
          [
            13.55429864265799,
            46.21063391699925
          ],
          [
            13.56802615173572,
            46.19120446966701
          ],
          [
            13.57159653783865,
            46.18726354978032
          ],
          [
            13.57769776378709,
            46.18707084495615
          ],
          [
            13.59179509180788,
            46.1888800880209
          ],
          [
            13.60229451158064,
            46.18926596592661
          ],
          [
            13.61211534512362,
            46.18871040521181
          ],
          [
            13.61496219831723,
            46.18438660643947
          ],
          [
            13.6332246106017,
            46.18995466551143
          ],
          [
            13.65080285569028,
            46.18718863083011
          ],
          [
            13.65368392736944,
            46.18558314070857
          ],
          [
            13.65725504206742,
            46.18079806229564
          ],
          [
            13.66644564990036,
            46.17464263557438
          ],
          [
            13.6624492664989,
            46.16849824477425
          ],
          [
            13.65587909436307,
            46.15680802687866
          ],
          [
            13.64708142485438,
            46.14085297055742
          ],
          [
            13.62556988716856,
            46.1312551503325
          ],
          [
            13.56606181708514,
            46.09496814323408
          ],
          [
            13.54450055066782,
            46.08955000438567
          ],
          [
            13.53313143587807,
            46.08253759215412
          ],
          [
            13.51368672831342,
            46.06284033392355
          ],
          [
            13.5007630526577,
            46.05698310891174
          ],
          [
            13.48391973204187,
            46.04326734418666
          ],
          [
            13.46526295206655,
            45.99436260947748
          ],
          [
            13.46390591431755,
            45.98428200438924
          ],
          [
            13.45620060497833,
            45.98756601012192
          ],
          [
            13.45419290169579,
            45.98086165971267
          ],
          [
            13.43633468774066,
            45.97266400486394
          ],
          [
            13.43375979431229,
            45.96765302483084
          ],
          [
            13.41663022891659,
            45.93923701922304
          ],
          [
            13.37216309050056,
            45.93454039331967
          ],
          [
            13.36504733009917,
            45.93592063508341
          ],
          [
            13.36802779762638,
            45.92512793641671
          ],
          [
            13.36459890105931,
            45.92480285143701
          ],
          [
            13.35971961161518,
            45.90422202404944
          ],
          [
            13.33198047663804,
            45.89945088652317
          ],
          [
            13.32538125890828,
            45.89484643538292
          ],
          [
            13.3302953619958,
            45.87619158750888
          ],
          [
            13.32990426738028,
            45.87025060959244
          ],
          [
            13.32528599706371,
            45.87564003112384
          ],
          [
            13.32120763828055,
            45.8748913417399
          ],
          [
            13.32131785033231,
            45.87048762007754
          ],
          [
            13.30407608571352,
            45.86236773754013
          ],
          [
            13.29310889562009,
            45.84643972948978
          ],
          [
            13.28777926896224,
            45.82824756501516
          ],
          [
            13.27725577956932,
            45.80966855191224
          ],
          [
            13.28017143364408,
            45.78968867785672
          ],
          [
            13.24929640100683,
            45.76238378167984
          ],
          [
            13.24842266287208,
            45.75190164445845
          ],
          [
            13.24965237454239,
            45.74349582169913
          ],
          [
            13.23290109316576,
            45.70094230557068
          ],
          [
            13.235521,
            45.683046
          ]
        ]
      }
    },
    {
      "type": "Feature",
      "properties": {
        "id": "AH1914_TYROL_ITALY_REWORKED",
        "name": "Tyrol–Kingdom of Italy border, 1914",
        "sector": "Tyrol",
        "reference_date": "1914-07-28",
        "source": "ACDH-CH HistoGIS",
        "source_state": "Italia (1870-10-10–1919-12-31)",
        "method": "1914 Tyrol–Italy frontier with local Stelvio correction from the surviving modern Trentino-Alto Adige regional boundary, rejoining HistoGIS at [10.53971197373467,46.49270416373264].",
        "length_km_approx": 499.38,
        "vertex_count": 386
      },
      "geometry": {
        "type": "LineString",
        "coordinates": [
          [
            10.452726,
            46.530948
          ],
          [
            10.453006598795485,
            46.527997749229634
          ],
          [
            10.453066815121701,
            46.527392420974714
          ],
          [
            10.453191362683231,
            46.5268447149868
          ],
          [
            10.453284629986854,
            46.52645639591658
          ],
          [
            10.45710987924473,
            46.512681517235016
          ],
          [
            10.457215316032215,
            46.512356188365146
          ],
          [
            10.457460205323489,
            46.51170513276601
          ],
          [
            10.457731608157292,
            46.51099335923928
          ],
          [
            10.457930228576279,
            46.510576843742776
          ],
          [
            10.458140439153638,
            46.51039467246768
          ],
          [
            10.458628464923288,
            46.509997372015896
          ],
          [
            10.45920895004076,
            46.509526931416495
          ],
          [
            10.469253657878468,
            46.502568054786074
          ],
          [
            10.469991424067308,
            46.50208928395114
          ],
          [
            10.470720600525436,
            46.501625833560645
          ],
          [
            10.471699825197557,
            46.50102785694016
          ],
          [
            10.472334052236118,
            46.500804104006136
          ],
          [
            10.472819111207592,
            46.5006709629527
          ],
          [
            10.472967916841002,
            46.50058444614327
          ],
          [
            10.47354084513155,
            46.50005418957957
          ],
          [
            10.47457747207674,
            46.49906566668195
          ],
          [
            10.47472788673924,
            46.49891843230817
          ],
          [
            10.474868655466313,
            46.498746526319565
          ],
          [
            10.475026076244692,
            46.498546496570334
          ],
          [
            10.475850239873559,
            46.49726201554827
          ],
          [
            10.476084367064411,
            46.49684000708326
          ],
          [
            10.476112977485284,
            46.49597117272252
          ],
          [
            10.476095771269906,
            46.49558897997145
          ],
          [
            10.484519399589027,
            46.49358495750322
          ],
          [
            10.493277209340416,
            46.49809904022981
          ],
          [
            10.499669255893128,
            46.49674513437685
          ],
          [
            10.503921866678022,
            46.496248705087496
          ],
          [
            10.511195984058281,
            46.495454433804845
          ],
          [
            10.531102709103958,
            46.49345359981217
          ],
          [
            10.53971197373467,
            46.49270416373264
          ],
          [
            10.56624752262725,
            46.47659840705275
          ],
          [
            10.59516466063416,
            46.46192893994096
          ],
          [
            10.59567494296415,
            46.46008046471454
          ],
          [
            10.59988907952536,
            46.4448125417165
          ],
          [
            10.60908941804472,
            46.43661631472849
          ],
          [
            10.62660454290853,
            46.42921110133747
          ],
          [
            10.63375301765745,
            46.41359062958617
          ],
          [
            10.63267441097195,
            46.38864901096613
          ],
          [
            10.59683172793413,
            46.37134236465285
          ],
          [
            10.56725040944461,
            46.36575566541607
          ],
          [
            10.53081167051864,
            46.36092379400646
          ],
          [
            10.52245794279373,
            46.34617445503959
          ],
          [
            10.49172361598004,
            46.332105347423
          ],
          [
            10.50312388196796,
            46.32303628020123
          ],
          [
            10.5296561618428,
            46.31582898132847
          ],
          [
            10.56242453321843,
            46.3031210130657
          ],
          [
            10.56231407466293,
            46.28119359972985
          ],
          [
            10.56273044106783,
            46.27815606154123
          ],
          [
            10.57064188978574,
            46.22040728324887
          ],
          [
            10.54106949742777,
            46.18866493383167
          ],
          [
            10.5273189434212,
            46.17119054879772
          ],
          [
            10.50695158999001,
            46.16470077016773
          ],
          [
            10.50680937949543,
            46.15902544982163
          ],
          [
            10.53206821586328,
            46.15246950073119
          ],
          [
            10.55652931413843,
            46.15089944402658
          ],
          [
            10.59421816444753,
            46.14834847286954
          ],
          [
            10.58802441467128,
            46.13826773487957
          ],
          [
            10.58320633733403,
            46.1236274515704
          ],
          [
            10.59760327167199,
            46.10433908586617
          ],
          [
            10.59063580521714,
            46.07725940639929
          ],
          [
            10.58460155154431,
            46.07164106344641
          ],
          [
            10.57093537233679,
            46.05891471052334
          ],
          [
            10.56530134673434,
            46.04201779981165
          ],
          [
            10.53932630396872,
            46.02418630078886
          ],
          [
            10.51214097924816,
            46.0387170997295
          ],
          [
            10.48840009631678,
            46.03671746851201
          ],
          [
            10.48368989852897,
            46.0260846716177
          ],
          [
            10.48433945146455,
            46.02279994291435
          ],
          [
            10.48646786003402,
            46.00779726032025
          ],
          [
            10.48329572669677,
            45.99428652446785
          ],
          [
            10.48328923558263,
            45.97987950023047
          ],
          [
            10.4877807836868,
            45.97092854055575
          ],
          [
            10.48975942777485,
            45.96235376593733
          ],
          [
            10.48502830798031,
            45.95404331791309
          ],
          [
            10.48330929820243,
            45.95102348274555
          ],
          [
            10.48579613323333,
            45.94418405568241
          ],
          [
            10.49206013069406,
            45.94178234417569
          ],
          [
            10.49224305074131,
            45.93308544114245
          ],
          [
            10.50385664184869,
            45.92602757422429
          ],
          [
            10.50890109052706,
            45.92345170211203
          ],
          [
            10.51089328987173,
            45.91581218047673
          ],
          [
            10.50760662832,
            45.90952134974276
          ],
          [
            10.50705843756355,
            45.90310204002834
          ],
          [
            10.49907890551837,
            45.89880671957295
          ],
          [
            10.49435744177323,
            45.89984767426829
          ],
          [
            10.49265507101043,
            45.89658341238015
          ],
          [
            10.49697131127922,
            45.89307319303335
          ],
          [
            10.49040007986719,
            45.88745264423931
          ],
          [
            10.49311945185282,
            45.88221573407859
          ],
          [
            10.49843270549231,
            45.87740644841743
          ],
          [
            10.50198597049894,
            45.87765582510983
          ],
          [
            10.50433542981448,
            45.87432006974363
          ],
          [
            10.50186534320498,
            45.86832053590538
          ],
          [
            10.50213015794746,
            45.86674295559886
          ],
          [
            10.50269386142135,
            45.86338465699179
          ],
          [
            10.50141102632299,
            45.8582935174142
          ],
          [
            10.50574154503251,
            45.85147303597449
          ],
          [
            10.50818512130537,
            45.84068799773272
          ],
          [
            10.50242368677399,
            45.83225325065683
          ],
          [
            10.50742085119038,
            45.8236202043697
          ],
          [
            10.51954434625839,
            45.82660450513102
          ],
          [
            10.5260276421512,
            45.82686928833471
          ],
          [
            10.53413141502877,
            45.8222098077969
          ],
          [
            10.53541464690082,
            45.81084771420102
          ],
          [
            10.54735489048572,
            45.77360169717794
          ],
          [
            10.55980637894199,
            45.76489961852037
          ],
          [
            10.56659339448435,
            45.75714596616567
          ],
          [
            10.57096075953743,
            45.74382244756701
          ],
          [
            10.56238975138835,
            45.73463940228718
          ],
          [
            10.56467299327537,
            45.73187989200598
          ],
          [
            10.57151517072235,
            45.72600873250244
          ],
          [
            10.59156797002352,
            45.73204467383245
          ],
          [
            10.61035091049667,
            45.7355914457945
          ],
          [
            10.62675206969651,
            45.74315577810961
          ],
          [
            10.65091006678911,
            45.75095024617688
          ],
          [
            10.64974287074348,
            45.76259806520775
          ],
          [
            10.65837606296649,
            45.76870521349676
          ],
          [
            10.66904182165106,
            45.7751111603101
          ],
          [
            10.66589753610016,
            45.7825978085408
          ],
          [
            10.65284695916544,
            45.79859682363037
          ],
          [
            10.64248639619369,
            45.8017218236418
          ],
          [
            10.65040959828492,
            45.8143683012304
          ],
          [
            10.65333791220951,
            45.8226509311489
          ],
          [
            10.65356156580621,
            45.83056442855265
          ],
          [
            10.66477194536524,
            45.83196162923382
          ],
          [
            10.67918571092958,
            45.83120874655321
          ],
          [
            10.69713567723606,
            45.83889917946776
          ],
          [
            10.69891788668858,
            45.84148746444806
          ],
          [
            10.70822459070971,
            45.83649077261721
          ],
          [
            10.72771560065273,
            45.84303023984096
          ],
          [
            10.74741286007033,
            45.83514065176747
          ],
          [
            10.75692035933283,
            45.82984896632001
          ],
          [
            10.77396444928487,
            45.84284362233646
          ],
          [
            10.77862309667606,
            45.8408812348386
          ],
          [
            10.78531151597266,
            45.83491750351218
          ],
          [
            10.79074909193251,
            45.83387683202257
          ],
          [
            10.80147949727928,
            45.83515957234398
          ],
          [
            10.82665800627633,
            45.83816497621208
          ],
          [
            10.84381724763821,
            45.83134711090086
          ],
          [
            10.86635969753797,
            45.82238907092687
          ],
          [
            10.85562915597793,
            45.81787765994746
          ],
          [
            10.86476036190366,
            45.8095773580568
          ],
          [
            10.87107363742455,
            45.80685244378597
          ],
          [
            10.87943579878349,
            45.79395674457085
          ],
          [
            10.8757043665841,
            45.77306835183349
          ],
          [
            10.8693598998691,
            45.75981652655869
          ],
          [
            10.86671633231931,
            45.75804935431106
          ],
          [
            10.86329336994374,
            45.7395900721449
          ],
          [
            10.84957540849582,
            45.71985843103578
          ],
          [
            10.85092497058862,
            45.70093472979564
          ],
          [
            10.89312525019263,
            45.69579145787259
          ],
          [
            10.9198555193797,
            45.66572881917198
          ],
          [
            10.95281442906925,
            45.66093004860678
          ],
          [
            10.95780042682905,
            45.66922428774249
          ],
          [
            10.97107081018791,
            45.66948106045457
          ],
          [
            10.98814150911993,
            45.68118137765296
          ],
          [
            11.00749488949778,
            45.70346478941516
          ],
          [
            11.05144834695441,
            45.70661013244929
          ],
          [
            11.0919114553528,
            45.68804054430969
          ],
          [
            11.13083590151318,
            45.68914566969044
          ],
          [
            11.14168766730005,
            45.6976389394745
          ],
          [
            11.14287571263399,
            45.70904923487743
          ],
          [
            11.15542451263045,
            45.72295212533954
          ],
          [
            11.17712740483967,
            45.73516400255541
          ],
          [
            11.17866602097999,
            45.7540137721634
          ],
          [
            11.1828114281613,
            45.7652159209163
          ],
          [
            11.17647650194639,
            45.78756924621863
          ],
          [
            11.2029018279148,
            45.78289748178122
          ],
          [
            11.19174524159213,
            45.79780265404455
          ],
          [
            11.19122820362723,
            45.81495884687887
          ],
          [
            11.21821603101091,
            45.83339163529133
          ],
          [
            11.22453074155634,
            45.84979251221173
          ],
          [
            11.24572623424431,
            45.85946643057137
          ],
          [
            11.24145800289775,
            45.88174388501881
          ],
          [
            11.26346725908135,
            45.92021177901513
          ],
          [
            11.28660590045204,
            45.91646270584877
          ],
          [
            11.3074472702317,
            45.90801672820205
          ],
          [
            11.35324848981758,
            45.89127125709573
          ],
          [
            11.36625526089366,
            45.90292465262979
          ],
          [
            11.35918457852452,
            45.94243341379097
          ],
          [
            11.38737987006268,
            45.94347844461445
          ],
          [
            11.37468356674234,
            45.97564024819756
          ],
          [
            11.38255139393314,
            45.98690873207342
          ],
          [
            11.39922198947298,
            45.97948494589821
          ],
          [
            11.46439631195471,
            45.98617911075949
          ],
          [
            11.49331909678099,
            46.01177310184116
          ],
          [
            11.50750631694467,
            46.01806427804368
          ],
          [
            11.56385630052675,
            46.01721839952476
          ],
          [
            11.57309205346897,
            45.98097737593455
          ],
          [
            11.61456471307095,
            45.96649404797412
          ],
          [
            11.62862435494406,
            45.96989430958067
          ],
          [
            11.62946407596778,
            45.96027301409039
          ],
          [
            11.6569721398196,
            45.96527538602443
          ],
          [
            11.67687925262781,
            45.96579111339294
          ],
          [
            11.70155064943541,
            45.96643026092009
          ],
          [
            11.6834033557194,
            45.97538775865554
          ],
          [
            11.68358057049968,
            45.98137663293622
          ],
          [
            11.68920990420102,
            45.98853431037519
          ],
          [
            11.6767297637744,
            46.00403954775436
          ],
          [
            11.66758711849876,
            46.01698414413687
          ],
          [
            11.68179738640063,
            46.02783721433349
          ],
          [
            11.66605799468494,
            46.03665217613123
          ],
          [
            11.67877031701156,
            46.04564255902209
          ],
          [
            11.7016696109995,
            46.04440560283083
          ],
          [
            11.7060542298476,
            46.04596417519681
          ],
          [
            11.70394391410771,
            46.05382216977799
          ],
          [
            11.70012875277433,
            46.05547732292648
          ],
          [
            11.69804439812691,
            46.05910066821362
          ],
          [
            11.69419462642921,
            46.06221095972547
          ],
          [
            11.69306248642848,
            46.06197481115854
          ],
          [
            11.69198729658186,
            46.06249555901917
          ],
          [
            11.69055033733707,
            46.06251524279516
          ],
          [
            11.68912955108018,
            46.06320636219515
          ],
          [
            11.68742063414586,
            46.0645490730616
          ],
          [
            11.68643832403007,
            46.06657124069113
          ],
          [
            11.68708675851373,
            46.06756512340323
          ],
          [
            11.68794176303964,
            46.06866916266201
          ],
          [
            11.68577942256024,
            46.07057539405388
          ],
          [
            11.68456849177117,
            46.07568014320383
          ],
          [
            11.68225142388267,
            46.07871022566037
          ],
          [
            11.6851625821317,
            46.0799773720447
          ],
          [
            11.6831069672139,
            46.08213040928037
          ],
          [
            11.68217366081033,
            46.0891339265322
          ],
          [
            11.68426774999742,
            46.09219375671968
          ],
          [
            11.69084861016348,
            46.09503873395167
          ],
          [
            11.69662562183278,
            46.09330903143857
          ],
          [
            11.70324329936279,
            46.09071567270165
          ],
          [
            11.70967527808308,
            46.09744069491697
          ],
          [
            11.7156337560994,
            46.10229306572594
          ],
          [
            11.72225370224611,
            46.10318712866653
          ],
          [
            11.72797576789006,
            46.10392633903656
          ],
          [
            11.73373531140061,
            46.10352421176304
          ],
          [
            11.73957227285814,
            46.10510666188627
          ],
          [
            11.74355394030021,
            46.10473398421557
          ],
          [
            11.75010040992025,
            46.10454527963148
          ],
          [
            11.76001281278763,
            46.09585459429908
          ],
          [
            11.77425932337238,
            46.10613879990031
          ],
          [
            11.7984732510324,
            46.10332590066013
          ],
          [
            11.81484222750449,
            46.10366914545728
          ],
          [
            11.82217938853477,
            46.10691191160326
          ],
          [
            11.83280871139281,
            46.10900760517269
          ],
          [
            11.85750549001433,
            46.11340400199007
          ],
          [
            11.87311016633192,
            46.1154895682573
          ],
          [
            11.89004622416719,
            46.11874062358844
          ],
          [
            11.90746250051866,
            46.13458616455699
          ],
          [
            11.90372262235726,
            46.13833452285576
          ],
          [
            11.91145867199484,
            46.14158414436147
          ],
          [
            11.92135565859654,
            46.14926285620874
          ],
          [
            11.91839412554554,
            46.15546072267666
          ],
          [
            11.92661827290943,
            46.16480822195246
          ],
          [
            11.92903923154202,
            46.17598509059108
          ],
          [
            11.95234387989615,
            46.16903401343616
          ],
          [
            11.94876725552511,
            46.18009548479812
          ],
          [
            11.95359574520227,
            46.18159000582788
          ],
          [
            11.96069685730953,
            46.18873331377581
          ],
          [
            11.96164027506769,
            46.19970659904588
          ],
          [
            11.93961072768178,
            46.20120890767419
          ],
          [
            11.92361140803964,
            46.21772572718771
          ],
          [
            11.91156978396779,
            46.22544623832207
          ],
          [
            11.91754288659174,
            46.23849327812131
          ],
          [
            11.92302615848249,
            46.24165060476169
          ],
          [
            11.92874191193555,
            46.24830777779572
          ],
          [
            11.9124120463389,
            46.25273236329999
          ],
          [
            11.9050782459147,
            46.2561937992232
          ],
          [
            11.8936712957251,
            46.25112273554452
          ],
          [
            11.88396550498681,
            46.26104445388388
          ],
          [
            11.88695492632,
            46.26477942251337
          ],
          [
            11.88781728539912,
            46.27442056374795
          ],
          [
            11.88464976294884,
            46.27901805009938
          ],
          [
            11.87952933145096,
            46.27819263333659
          ],
          [
            11.87265335122359,
            46.27612464770566
          ],
          [
            11.86225352210834,
            46.27109617220847
          ],
          [
            11.84505459026478,
            46.27140930029923
          ],
          [
            11.83717617007311,
            46.27046487941227
          ],
          [
            11.82693839163522,
            46.28479432797173
          ],
          [
            11.83221895320254,
            46.2978097844398
          ],
          [
            11.83682338690585,
            46.30222424277322
          ],
          [
            11.8411143735767,
            46.30653067128347
          ],
          [
            11.83144752502855,
            46.31317892473152
          ],
          [
            11.83417212664616,
            46.31470280427894
          ],
          [
            11.8315762966617,
            46.31715239009991
          ],
          [
            11.83273628009929,
            46.32523435491946
          ],
          [
            11.81643683109154,
            46.32932428521056
          ],
          [
            11.81315042691302,
            46.331517676852
          ],
          [
            11.80315230985642,
            46.3330827972849
          ],
          [
            11.80161716398823,
            46.34445360740584
          ],
          [
            11.7837168155213,
            46.34909196661334
          ],
          [
            11.77758400378966,
            46.35148608153818
          ],
          [
            11.77472047744023,
            46.35800252777739
          ],
          [
            11.77823479830126,
            46.36140815225224
          ],
          [
            11.7845036252273,
            46.3639745201632
          ],
          [
            11.80393812888921,
            46.36474380842641
          ],
          [
            11.81620628461507,
            46.37503539839258
          ],
          [
            11.82770691896323,
            46.36722764389366
          ],
          [
            11.83415122282143,
            46.35973225395364
          ],
          [
            11.83231472610021,
            46.38326763935296
          ],
          [
            11.83562229019674,
            46.39586795388099
          ],
          [
            11.8437477004083,
            46.42571953475386
          ],
          [
            11.84737215585921,
            46.43166268321091
          ],
          [
            11.85153555537893,
            46.43429793461061
          ],
          [
            11.85686429674917,
            46.43493366815215
          ],
          [
            11.86344551443288,
            46.43329820022196
          ],
          [
            11.87059596361995,
            46.43316760990101
          ],
          [
            11.8757536571202,
            46.43493366815215
          ],
          [
            11.87936098479551,
            46.43810735920652
          ],
          [
            11.89616176003362,
            46.44784123900822
          ],
          [
            11.88903830317295,
            46.45291515915377
          ],
          [
            11.88678036078735,
            46.46475599121068
          ],
          [
            11.89456391631712,
            46.46364448710042
          ],
          [
            11.91161812944943,
            46.46314321311591
          ],
          [
            11.91829426854203,
            46.4633611588937
          ],
          [
            11.93070330801819,
            46.45887649373009
          ],
          [
            11.9461695222889,
            46.47570636247552
          ],
          [
            11.9503555589211,
            46.47735024774516
          ],
          [
            11.97110221235988,
            46.46654306788899
          ],
          [
            11.99002321320054,
            46.44225996200613
          ],
          [
            11.9971720169319,
            46.43676810121186
          ],
          [
            12.0059220695746,
            46.4383697705295
          ],
          [
            12.02811833863894,
            46.44544310411053
          ],
          [
            12.02767537206408,
            46.44989047062657
          ],
          [
            12.03128238560226,
            46.45324755581008
          ],
          [
            12.0327025255177,
            46.47616100010266
          ],
          [
            12.04394808903636,
            46.48202752040426
          ],
          [
            12.05464887242634,
            46.48064148114588
          ],
          [
            12.05129498264522,
            46.49057572664284
          ],
          [
            12.05838244784306,
            46.49772029022537
          ],
          [
            12.08660574675588,
            46.49149063169634
          ],
          [
            12.10464081444681,
            46.47135916534874
          ],
          [
            12.11858592474512,
            46.4637748713277
          ],
          [
            12.12982662827484,
            46.46177013465268
          ],
          [
            12.14644820064929,
            46.4671539505168
          ],
          [
            12.16072983509761,
            46.48030381223503
          ],
          [
            12.18722719432549,
            46.49508336681988
          ],
          [
            12.19648170067045,
            46.50738237441514
          ],
          [
            12.22720420371575,
            46.50629102372759
          ],
          [
            12.23689797751361,
            46.50856603444132
          ],
          [
            12.2391760913272,
            46.51997568627746
          ],
          [
            12.25664163056473,
            46.53608447328966
          ],
          [
            12.24481059829064,
            46.54908874072612
          ],
          [
            12.24306938326049,
            46.56605286619549
          ],
          [
            12.22120430457554,
            46.57350806283052
          ],
          [
            12.19691520528646,
            46.57829683559536
          ],
          [
            12.19207497587249,
            46.59439910786303
          ],
          [
            12.21115023734633,
            46.6088993353741
          ],
          [
            12.24145419883668,
            46.61679846703866
          ],
          [
            12.25941726822862,
            46.62996961562438
          ],
          [
            12.26967750405361,
            46.62090320453749
          ],
          [
            12.28320769901442,
            46.61681820870291
          ],
          [
            12.30713982009933,
            46.61986008810794
          ],
          [
            12.31491424834232,
            46.62404606827538
          ],
          [
            12.31504953388469,
            46.63027079732404
          ],
          [
            12.33561293632457,
            46.62869145623099
          ],
          [
            12.3404832158498,
            46.63138559858519
          ],
          [
            12.34535349537504,
            46.62534681708673
          ],
          [
            12.36048609329579,
            46.61917690521951
          ],
          [
            12.3795332146201,
            46.62125090554812
          ],
          [
            12.39064533089381,
            46.6275928804606
          ],
          [
            12.37701031228907,
            46.63658770086383
          ],
          [
            12.38079883340543,
            46.64271711689986
          ],
          [
            12.39392402776763,
            46.64112268613894
          ],
          [
            12.40592427101684,
            46.64337182506067
          ],
          [
            12.43420794614628,
            46.66790949473958
          ],
          [
            12.47740711441661,
            46.6795995772445
          ],
          [
            12.48223452819104,
            46.67687577372591
          ],
          [
            12.50571540751733,
            46.67824366073025
          ],
          [
            12.52799029813911,
            46.67442285481354
          ],
          [
            12.52849654565324,
            46.66990700861016
          ],
          [
            12.54704859652589,
            46.65869314313788
          ],
          [
            12.55773233959432,
            46.65696528274179
          ],
          [
            12.55905040950748,
            46.65321720620988
          ],
          [
            12.57051508932614,
            46.65079733020791
          ],
          [
            12.57659005949571,
            46.65679154722891
          ],
          [
            12.60327951724521,
            46.65679323658699
          ],
          [
            12.61303988051317,
            46.65826828129597
          ],
          [
            12.61886172692568,
            46.66148221015077
          ],
          [
            12.62905833909825,
            46.66158166561738
          ],
          [
            12.63282781699594,
            46.65560409745115
          ],
          [
            12.64447448939814,
            46.65206553703955
          ],
          [
            12.65977075690971,
            46.65779261515686
          ],
          [
            12.691145,
            46.656343
          ]
        ]
      }
    },
    {
      "type": "Feature",
      "properties": {
        "id": "AH1914_CARINTHIA_ITALY_REWORKED",
        "name": "Carinthia–Kingdom of Italy border, 1914",
        "sector": "Carinthia",
        "reference_date": "1914-07-28",
        "source": "ACDH-CH HistoGIS",
        "source_state": "Italia (1870-10-10–1919-12-31)",
        "method": "Italy state-border geometry used as primary external frontier; fixed historical junction anchors applied.",
        "length_km_approx": 86.174,
        "vertex_count": 65
      },
      "geometry": {
        "type": "LineString",
        "coordinates": [
          [
            12.691145,
            46.656343
          ],
          [
            12.69973476730815,
            46.65123171608816
          ],
          [
            12.71519975617919,
            46.64833335731844
          ],
          [
            12.73061212621962,
            46.63489746475754
          ],
          [
            12.73745859762483,
            46.63456816101574
          ],
          [
            12.7446837272832,
            46.63735938756441
          ],
          [
            12.75178287270411,
            46.64568105989716
          ],
          [
            12.76221750681678,
            46.6473144122528
          ],
          [
            12.77433643435913,
            46.64689753282359
          ],
          [
            12.795068642494,
            46.64164113000596
          ],
          [
            12.79910346770497,
            46.63609425511171
          ],
          [
            12.80888057941954,
            46.63092582711609
          ],
          [
            12.81618476213153,
            46.63203588871654
          ],
          [
            12.8194623044002,
            46.6283782841837
          ],
          [
            12.83022006407549,
            46.63098562727704
          ],
          [
            12.83705440551626,
            46.62698764984369
          ],
          [
            12.83389035855294,
            46.62029472239589
          ],
          [
            12.83395654224455,
            46.60950244892837
          ],
          [
            12.8538436226904,
            46.60507510169069
          ],
          [
            12.86629019945734,
            46.60916698600727
          ],
          [
            12.88494225630612,
            46.60733025499839
          ],
          [
            12.89842109636986,
            46.60941695050134
          ],
          [
            12.91805400777727,
            46.6087322624005
          ],
          [
            12.93306741061823,
            46.61013423351434
          ],
          [
            12.94863452167776,
            46.60270011230087
          ],
          [
            12.95399758128059,
            46.60664554052025
          ],
          [
            12.97828690534187,
            46.60075806620727
          ],
          [
            12.98838822583865,
            46.59910556623363
          ],
          [
            12.99864988475603,
            46.60296132110616
          ],
          [
            13.00810985157048,
            46.59910556623363
          ],
          [
            13.02270064784363,
            46.60205248931725
          ],
          [
            13.03167959939632,
            46.59654409167199
          ],
          [
            13.06118186878376,
            46.59698478409153
          ],
          [
            13.08491195503017,
            46.60161183811347
          ],
          [
            13.10463358076199,
            46.59480883043108
          ],
          [
            13.11313151705294,
            46.5953597130355
          ],
          [
            13.1259470417785,
            46.59215915287636
          ],
          [
            13.13532575769617,
            46.57909617472595
          ],
          [
            13.16129206580554,
            46.56438599282998
          ],
          [
            13.21270588123651,
            46.52680073535959
          ],
          [
            13.23637674012328,
            46.52532808738294
          ],
          [
            13.30162351102322,
            46.50823394286214
          ],
          [
            13.34808754067961,
            46.48316606249768
          ],
          [
            13.34566704475267,
            46.47872141366757
          ],
          [
            13.35221662196674,
            46.47646626917281
          ],
          [
            13.36099370993595,
            46.47726701225348
          ],
          [
            13.3793461391424,
            46.47354827414279
          ],
          [
            13.38961565707321,
            46.47777361070056
          ],
          [
            13.40019939416553,
            46.47296897619922
          ],
          [
            13.40689135349296,
            46.47381880637816
          ],
          [
            13.41576650522508,
            46.47280554579726
          ],
          [
            13.42171095845742,
            46.47729970302598
          ],
          [
            13.43554699551266,
            46.47344427598853
          ],
          [
            13.44732787368422,
            46.47336120716158
          ],
          [
            13.45382999019385,
            46.47676042375505
          ],
          [
            13.46222160251665,
            46.4645150205514
          ],
          [
            13.45481588923822,
            46.4574443550583
          ],
          [
            13.43977942433679,
            46.45323268088494
          ],
          [
            13.43385414311603,
            46.43546681136579
          ],
          [
            13.47141000822064,
            46.41622813718055
          ],
          [
            13.47813458292689,
            46.41788754165407
          ],
          [
            13.48686532190108,
            46.41297358283815
          ],
          [
            13.5009662074717,
            46.40907976227262
          ],
          [
            13.50393660814047,
            46.39968364365401
          ],
          [
            13.516444,
            46.382974
          ]
        ]
      }
    },
    {
      "type": "Feature",
      "properties": {
        "id": "AH1914_GORIZIA_ITALY_REWORKED",
        "name": "Gorizia and Gradisca–Kingdom of Italy border, 1914",
        "sector": "Gorizia and Gradisca",
        "reference_date": "1914-07-28",
        "source": "ACDH-CH HistoGIS",
        "source_state": "Italia (1870-10-10–1919-12-31)",
        "method": "Italy state-border geometry used as primary external frontier; fixed historical junction anchors applied.",
        "length_km_approx": 129.933,
        "vertex_count": 111
      },
      "geometry": {
        "type": "LineString",
        "coordinates": [
          [
            13.516444,
            46.382974
          ],
          [
            13.51753305103677,
            46.37759644268579
          ],
          [
            13.51307209247459,
            46.37763824953549
          ],
          [
            13.49797098023655,
            46.37105822226212
          ],
          [
            13.48586111618267,
            46.37072339825132
          ],
          [
            13.46965060244593,
            46.36130982919281
          ],
          [
            13.45040493812926,
            46.36314088657427
          ],
          [
            13.43824925858938,
            46.35961443632181
          ],
          [
            13.43671196418159,
            46.35518978768238
          ],
          [
            13.44921465318508,
            46.33529372564246
          ],
          [
            13.43852348175895,
            46.32269335873928
          ],
          [
            13.42670882623647,
            46.32258018071548
          ],
          [
            13.41603606258583,
            46.3164163525682
          ],
          [
            13.4177548373744,
            46.30562287017754
          ],
          [
            13.4066310546702,
            46.30558859422862
          ],
          [
            13.4032975358187,
            46.30042137699658
          ],
          [
            13.37552852736783,
            46.2982436472078
          ],
          [
            13.37753282583824,
            46.29120972445268
          ],
          [
            13.37997808052652,
            46.28882352584437
          ],
          [
            13.38187436929855,
            46.28906729446913
          ],
          [
            13.3837938267097,
            46.29038298294441
          ],
          [
            13.38652752738373,
            46.29076928287055
          ],
          [
            13.38835385562385,
            46.28567053254351
          ],
          [
            13.39242810127285,
            46.28259924938232
          ],
          [
            13.39213698609124,
            46.27834718870837
          ],
          [
            13.3928147113576,
            46.27007862099384
          ],
          [
            13.39472927153469,
            46.26858595926596
          ],
          [
            13.39378204248074,
            46.26596137987817
          ],
          [
            13.39862526704152,
            46.25342271359749
          ],
          [
            13.4015130785387,
            46.25239436619169
          ],
          [
            13.40558183446172,
            46.2436324630391
          ],
          [
            13.41201655280776,
            46.23895851596016
          ],
          [
            13.42264139283252,
            46.23450387372431
          ],
          [
            13.42239484793369,
            46.23129647408398
          ],
          [
            13.41910742672345,
            46.22993432123285
          ],
          [
            13.41166129680155,
            46.22754085232348
          ],
          [
            13.4113840042355,
            46.22610314171235
          ],
          [
            13.4152257115123,
            46.22460764274656
          ],
          [
            13.41645170670533,
            46.2229475885234
          ],
          [
            13.41485774615661,
            46.21875373137124
          ],
          [
            13.41007593837607,
            46.21700939803701
          ],
          [
            13.40896530413371,
            46.21481742487725
          ],
          [
            13.41122186944326,
            46.21188775880345
          ],
          [
            13.42230060845061,
            46.20874697714219
          ],
          [
            13.42344498716728,
            46.20589290842618
          ],
          [
            13.43583734867979,
            46.21143268177608
          ],
          [
            13.44617356226674,
            46.21271398214689
          ],
          [
            13.44839586165202,
            46.21610819243011
          ],
          [
            13.44398619609396,
            46.22544497659339
          ],
          [
            13.44606742041587,
            46.22575601412532
          ],
          [
            13.4486086298552,
            46.22518575047383
          ],
          [
            13.45692185672889,
            46.22622292213408
          ],
          [
            13.4654990420548,
            46.22353114723357
          ],
          [
            13.47405494740789,
            46.22559690180476
          ],
          [
            13.49728358014953,
            46.22155679754445
          ],
          [
            13.49785470658844,
            46.21717743140434
          ],
          [
            13.51702723989412,
            46.21968997142033
          ],
          [
            13.52989524783983,
            46.21656352378646
          ],
          [
            13.52986127459873,
            46.21211971948065
          ],
          [
            13.55429864265799,
            46.21063391699925
          ],
          [
            13.56802615173572,
            46.19120446966701
          ],
          [
            13.57159653783865,
            46.18726354978032
          ],
          [
            13.57769776378709,
            46.18707084495615
          ],
          [
            13.59179509180788,
            46.1888800880209
          ],
          [
            13.60229451158064,
            46.18926596592661
          ],
          [
            13.61211534512362,
            46.18871040521181
          ],
          [
            13.61496219831723,
            46.18438660643947
          ],
          [
            13.6332246106017,
            46.18995466551143
          ],
          [
            13.65080285569028,
            46.18718863083011
          ],
          [
            13.65368392736944,
            46.18558314070857
          ],
          [
            13.65725504206742,
            46.18079806229564
          ],
          [
            13.66644564990036,
            46.17464263557438
          ],
          [
            13.6624492664989,
            46.16849824477425
          ],
          [
            13.65587909436307,
            46.15680802687866
          ],
          [
            13.64708142485438,
            46.14085297055742
          ],
          [
            13.62556988716856,
            46.1312551503325
          ],
          [
            13.56606181708514,
            46.09496814323408
          ],
          [
            13.54450055066782,
            46.08955000438567
          ],
          [
            13.53313143587807,
            46.08253759215412
          ],
          [
            13.51368672831342,
            46.06284033392355
          ],
          [
            13.5007630526577,
            46.05698310891174
          ],
          [
            13.48391973204187,
            46.04326734418666
          ],
          [
            13.46526295206655,
            45.99436260947748
          ],
          [
            13.46390591431755,
            45.98428200438924
          ],
          [
            13.45620060497833,
            45.98756601012192
          ],
          [
            13.45419290169579,
            45.98086165971267
          ],
          [
            13.43633468774066,
            45.97266400486394
          ],
          [
            13.43375979431229,
            45.96765302483084
          ],
          [
            13.41663022891659,
            45.93923701922304
          ],
          [
            13.37216309050056,
            45.93454039331967
          ],
          [
            13.36504733009917,
            45.93592063508341
          ],
          [
            13.36802779762638,
            45.92512793641671
          ],
          [
            13.36459890105931,
            45.92480285143701
          ],
          [
            13.35971961161518,
            45.90422202404944
          ],
          [
            13.33198047663804,
            45.89945088652317
          ],
          [
            13.32538125890828,
            45.89484643538292
          ],
          [
            13.3302953619958,
            45.87619158750888
          ],
          [
            13.32990426738028,
            45.87025060959244
          ],
          [
            13.32528599706371,
            45.87564003112384
          ],
          [
            13.32120763828055,
            45.8748913417399
          ],
          [
            13.32131785033231,
            45.87048762007754
          ],
          [
            13.30407608571352,
            45.86236773754013
          ],
          [
            13.29310889562009,
            45.84643972948978
          ],
          [
            13.28777926896224,
            45.82824756501516
          ],
          [
            13.27725577956932,
            45.80966855191224
          ],
          [
            13.28017143364408,
            45.78968867785672
          ],
          [
            13.24929640100683,
            45.76238378167984
          ],
          [
            13.24842266287208,
            45.75190164445845
          ],
          [
            13.24965237454239,
            45.74349582169913
          ],
          [
            13.23290109316576,
            45.70094230557068
          ],
          [
            13.235521,
            45.683046
          ]
        ]
      }
    }
  ]
}